2026-09-01 16:57:07,894 [ERROR] [MainThread] [root/api.py:84]: Weather response error 403: API key has reached maximum calls per month allowed limit.
2026-09-01 16:57:07,901 [WARNING] [MainThread] [root/weather.py:610]: Error processing weather data: Weather data is empty.. Retrying fetch in 10 seconds.
2026-09-01 16:57:07,905 [WARNING] [MainThread] [root/weather.py:610]: Error processing weather data: Weather data is empty.. Retrying fetch in 10 seconds.
2026-09-01 16:57:07,909 [WARNING] [MainThread] [root/weather.py:610]: Error processing weather data: Weather data is empty.. Retrying fetch in 10 seconds.
2026-09-01 16:57:07,913 [ERROR] [MainThread] [root/api.py:84]: Weather response error 403: API key has reached maximum calls per month allowed limit.
2026-09-01 16:57:07,927 [ERROR] [MainThread] [root/api.py:84]: Weather response error 403: API key has reached maximum calls per month allowed limit.
2026-09-01 16:57:18,024 [ERROR] [MainThread] [root/api.py:84]: Weather response error 403: API key has reached maximum calls per month allowed limit.
2026-09-01 16:57:18,024 [WARNING] [MainThread] [root/weather.py:610]: Error processing weather data: Weather data is empty.. Retrying fetch in 10 seconds.
2026-09-01 16:57:18,028 [WARNING] [MainThread] [root/weather.py:610]: Error processing weather data: Weather data is empty.. Retrying fetch in 10 seconds.
2026-09-01 16:57:18,032 [WARNING] [MainThread] [root/weather.py:610]: Error processing weather data: Weather data is empty.. Retrying fetch in 10 seconds.
2026-09-01 16:57:18,035 [ERROR] [MainThread] [root/api.py:84]: Weather response error 403: API key has reached maximum calls per month allowed limit.
2026-09-01 16:57:18,047 [ERROR] [MainThread] [root/api.py:84]: Weather response error 403: API key has reached maximum calls per month allowed limit.
2026-09-01 16:57:28,154 [ERROR] [MainThread] [root/api.py:84]: Weather response error 403: API key has reached maximum calls per month allowed limit.
2026-09-01 16:57:28,154 [WARNING] [MainThread] [root/weather.py:610]: Error processing weather data: Weather data is empty.. Retrying fetch in 10 seconds.
2026-09-01 16:57:28,158 [WARNING] [MainThread] [root/weather.py:610]: Error processing weather data: Weather data is empty.. Retrying fetch in 10 seconds.
2026-09-01 16:57:28,162 [WARNING] [MainThread] [root/weather.py:610]: Error processing weather data: Weather data is empty.. Retrying fetch in 10 seconds.
2026-09-01 16:57:28,166 [ERROR] [MainThread] [root/api.py:84]: Weather response error 403: API key has reached maximum calls per month allowed limit.
2026-09-01 16:57:28,177 [ERROR] [MainThread] [root/api.py:84]: Weather response error 403: API key has reached maximum calls per month allowed limit.
2026-09-01 16:57:38,305 [ERROR] [MainThread] [root/api.py:84]: Weather response error 403: API key has reached maximum calls per month allowed limit.
2026-09-01 16:57:38,305 [WARNING] [MainThread] [root/weather.py:610]: Error processing weather data: Weather data is empty.. Retrying fetch in 10 seconds.
2026-09-01 16:57:38,309 [WARNING] [MainThread] [root/weather.py:610]: Error processing weather data: Weather data is empty.. Retrying fetch in 10 seconds.
2026-09-01 16:57:38,313 [WARNING] [MainThread] [root/weather.py:610]: Error processing weather data: Weather data is empty.. Retrying fetch in 10 seconds.
2026-09-01 16:57:38,316 [ERROR] [MainThread] [root/api.py:84]: Weather response error 403: API key has reached maximum calls per month allowed limit.
2026-09-01 16:57:38,327 [ERROR] [MainThread] [root/api.py:84]: Weather response error 403: API key has reached maximum calls per month allowed limit.
2026-09-01 16:57:48,436 [ERROR] [MainThread] [root/api.py:84]: Weather response error 403: API key has reached maximum calls per month allowed limit.
2026-09-01 16:57:48,436 [WARNING] [MainThread] [root/weather.py:610]: Error processing weather data: Weather data is empty.. Retrying fetch in 10 seconds.
2026-09-01 16:57:48,440 [WARNING] [MainThread] [root/weather.py:610]: Error processing weather data: Weather data is empty.. Retrying fetch in 10 seconds.
2026-09-01 16:57:48,444 [WARNING] [MainThread] [root/weather.py:610]: Error processing weather data: Weather data is empty.. Retrying fetch in 10 seconds.
2026-09-01 16:57:48,448 [ERROR] [MainThread] [root/api.py:84]: Weather response error 403: API key has reached maximum calls per month allowed limit.
2026-09-01 16:57:48,460 [ERROR] [MainThread] [root/api.py:84]: Weather response error 403: API key has reached maximum calls per month allowed limit.
2026-09-01 16:57:58,570 [ERROR] [MainThread] [root/api.py:84]: Weather response error 403: API key has reached maximum calls per month allowed limit.
2026-09-01 16:57:58,570 [WARNING] [MainThread] [root/weather.py:610]: Error processing weather data: Weather data is empty.. Retrying fetch in 10 seconds.
2026-09-01 16:57:58,574 [WARNING] [MainThread] [root/weather.py:610]: Error processing weather data: Weather data is empty.. Retrying fetch in 10 seconds.
2026-09-01 16:57:58,578 [WARNING] [MainThread] [root/weather.py:610]: Error processing weather data: Weather data is empty.. Retrying fetch in 10 seconds.
2026-09-01 16:57:58,586 [ERROR] [MainThread] [root/api.py:84]: Weather response error 403: API key has reached maximum calls per month allowed limit.
2026-09-01 16:57:58,672 [ERROR] [MainThread] [root/api.py:84]: Weather response error 403: API key has reached maximum calls per month allowed limit.
2026-09-01 16:58:08,703 [ERROR] [MainThread] [root/api.py:84]: Weather response error 403: API key has reached maximum calls per month allowed limit.
2026-09-01 16:58:08,704 [WARNING] [MainThread] [root/weather.py:610]: Error processing weather data: Weather data is empty.. Retrying fetch in 10 seconds.
2026-09-01 16:58:08,708 [WARNING] [MainThread] [root/weather.py:610]: Error processing weather data: Weather data is empty.. Retrying fetch in 10 seconds.
2026-09-01 16:58:08,712 [WARNING] [MainThread] [root/weather.py:610]: Error processing weather data: Weather data is empty.. Retrying fetch in 10 seconds.
2026-09-01 16:58:08,716 [ERROR] [MainThread] [root/api.py:84]: Weather response error 403: API key has reached maximum calls per month allowed limit.
2026-09-01 16:58:08,726 [ERROR] [MainThread] [root/api.py:84]: Weather response error 403: API key has reached maximum calls per month allowed limit.
2026-09-01 16:58:18,840 [ERROR] [MainThread] [root/api.py:84]: Weather response error 403: API key has reached maximum calls per month allowed limit.
2026-09-01 16:58:18,840 [WARNING] [MainThread] [root/weather.py:610]: Error processing weather data: Weather data is empty.. Retrying fetch in 10 seconds.
2026-09-01 16:58:18,844 [WARNING] [MainThread] [root/weather.py:610]: Error processing weather data: Weather data is empty.. Retrying fetch in 10 seconds.
2026-09-01 16:58:18,848 [WARNING] [MainThread] [root/weather.py:610]: Error processing weather data: Weather data is empty.. Retrying fetch in 10 seconds.
2026-09-01 16:58:18,853 [ERROR] [MainThread] [root/api.py:84]: Weather response error 403: API key has reached maximum calls per month allowed limit.
2026-09-01 16:58:18,940 [ERROR] [MainThread] [root/api.py:84]: Weather response error 403: API key has reached maximum calls per month allowed limit.
2026-09-01 16:58:28,970 [ERROR] [MainThread] [root/api.py:84]: Weather response error 403: API key has reached maximum calls per month allowed limit.
2026-09-01 16:58:28,970 [WARNING] [MainThread] [root/weather.py:610]: Error processing weather data: Weather data is empty.. Retrying fetch in 10 seconds.
2026-09-01 16:58:28,975 [WARNING] [MainThread] [root/weather.py:610]: Error processing weather data: Weather data is empty.. Retrying fetch in 10 seconds.
2026-09-01 16:58:28,979 [WARNING] [MainThread] [root/weather.py:610]: Error processing weather data: Weather data is empty.. Retrying fetch in 10 seconds.
2026-09-01 16:58:29,070 [ERROR] [MainThread] [root/api.py:84]: Weather response error 403: API key has reached maximum calls per month allowed limit.
2026-09-01 16:58:29,082 [ERROR] [MainThread] [root/api.py:84]: Weather response error 403: API key has reached maximum calls per month allowed limit.
2026-09-01 16:58:39,106 [ERROR] [MainThread] [root/api.py:84]: Weather response error 403: API key has reached maximum calls per month allowed limit.
2026-09-01 16:58:39,107 [WARNING] [MainThread] [root/weather.py:610]: Error processing weather data: Weather data is empty.. Retrying fetch in 10 seconds.
2026-09-01 16:58:39,111 [WARNING] [MainThread] [root/weather.py:610]: Error processing weather data: Weather data is empty.. Retrying fetch in 10 seconds.
2026-09-01 16:58:39,115 [WARNING] [MainThread] [root/weather.py:610]: Error processing weather data: Weather data is empty.. Retrying fetch in 10 seconds.
2026-09-01 16:58:39,120 [ERROR] [MainThread] [root/api.py:84]: Weather response error 403: API key has reached maximum calls per month allowed limit.
2026-09-01 16:58:39,133 [ERROR] [MainThread] [root/api.py:84]: Weather response error 403: API key has reached maximum calls per month allowed limit.
2026-09-01 16:58:49,234 [ERROR] [MainThread] [root/api.py:84]: Weather response error 403: API key has reached maximum calls per month allowed limit.
2026-09-01 16:58:49,234 [WARNING] [MainThread] [root/weather.py:610]: Error processing weather data: Weather data is empty.. Retrying fetch in 10 seconds.
2026-09-01 16:58:49,238 [WARNING] [MainThread] [root/weather.py:610]: Error processing weather data: Weather data is empty.. Retrying fetch in 10 seconds.
2026-09-01 16:58:49,242 [WARNING] [MainThread] [root/weather.py:610]: Error processing weather data: Weather data is empty.. Retrying fetch in 10 seconds.
2026-09-01 16:58:49,337 [ERROR] [MainThread] [root/api.py:84]: Weather response error 403: API key has reached maximum calls per month allowed limit.
2026-09-01 16:58:49,349 [ERROR] [MainThread] [root/api.py:84]: Weather response error 403: API key has reached maximum calls per month allowed limit.
2026-09-01 16:58:59,354 [ERROR] [MainThread] [root/api.py:84]: Weather response error 403: API key has reached maximum calls per month allowed limit.
2026-09-01 16:58:59,354 [WARNING] [MainThread] [root/weather.py:610]: Error processing weather data: Weather data is empty.. Retrying fetch in 10 seconds.
2026-09-01 16:58:59,359 [WARNING] [MainThread] [root/weather.py:610]: Error processing weather data: Weather data is empty.. Retrying fetch in 10 seconds.
2026-09-01 16:58:59,363 [WARNING] [MainThread] [root/weather.py:610]: Error processing weather data: Weather data is empty.. Retrying fetch in 10 seconds.
2026-09-01 16:58:59,367 [ERROR] [MainThread] [root/api.py:84]: Weather response error 403: API key has reached maximum calls per month allowed limit.
2026-09-01 16:58:59,385 [ERROR] [MainThread] [root/api.py:84]: Weather response error 403: API key has reached maximum calls per month allowed limit.
2026-09-01 16:59:09,491 [ERROR] [MainThread] [root/api.py:84]: Weather response error 403: API key has reached maximum calls per month allowed limit.
2026-09-01 16:59:09,491 [WARNING] [MainThread] [root/weather.py:610]: Error processing weather data: Weather data is empty.. Retrying fetch in 10 seconds.
2026-09-01 16:59:09,495 [WARNING] [MainThread] [root/weather.py:610]: Error processing weather data: Weather data is empty.. Retrying fetch in 10 seconds.
2026-09-01 16:59:09,498 [WARNING] [MainThread] [root/weather.py:610]: Error processing weather data: Weather data is empty.. Retrying fetch in 10 seconds.
2026-09-01 16:59:09,513 [ERROR] [MainThread] [root/api.py:84]: Weather response error 403: API key has reached maximum calls per month allowed limit.
2026-09-01 16:59:09,569 [ERROR] [MainThread] [root/api.py:84]: Weather response error 403: API key has reached maximum calls per month allowed limit.
2026-09-01 16:59:19,607 [ERROR] [MainThread] [root/api.py:86]: Weather response error 408: UnknownContentError 299.
Traceback (most recent call last):
  File "D:\a\yasb\yasb\src\core\utils\widgets\weather\api.py", line 80, in handle_response
Exception: Weather response error 408: UnknownContentError 299.

2026-09-01 16:59:19,607 [WARNING] [MainThread] [root/weather.py:610]: Error processing weather data: Weather data is empty.. Retrying fetch in 10 seconds.
2026-09-01 16:59:19,611 [WARNING] [MainThread] [root/weather.py:610]: Error processing weather data: Weather data is empty.. Retrying fetch in 10 seconds.
2026-09-01 16:59:19,615 [WARNING] [MainThread] [root/weather.py:610]: Error processing weather data: Weather data is empty.. Retrying fetch in 10 seconds.
2026-09-01 16:59:19,621 [ERROR] [MainThread] [root/api.py:84]: Weather response error 403: API key has reached maximum calls per month allowed limit.
2026-09-01 16:59:19,632 [ERROR] [MainThread] [root/api.py:84]: Weather response error 403: API key has reached maximum calls per month allowed limit.
2026-09-01 16:59:29,734 [ERROR] [MainThread] [root/api.py:84]: Weather response error 403: API key has reached maximum calls per month allowed limit.
2026-09-01 16:59:29,735 [WARNING] [MainThread] [root/weather.py:610]: Error processing weather data: Weather data is empty.. Retrying fetch in 10 seconds.
2026-09-01 16:59:29,739 [WARNING] [MainThread] [root/weather.py:610]: Error processing weather data: Weather data is empty.. Retrying fetch in 10 seconds.
2026-09-01 16:59:29,742 [WARNING] [MainThread] [root/weather.py:610]: Error processing weather data: Weather data is empty.. Retrying fetch in 10 seconds.
2026-09-01 16:59:29,804 [ERROR] [MainThread] [root/api.py:84]: Weather response error 403: API key has reached maximum calls per month allowed limit.
2026-09-01 16:59:29,833 [ERROR] [MainThread] [root/api.py:84]: Weather response error 403: API key has reached maximum calls per month allowed limit.
2026-09-01 16:59:39,859 [ERROR] [MainThread] [root/api.py:84]: Weather response error 403: API key has reached maximum calls per month allowed limit.
2026-09-01 16:59:39,859 [WARNING] [MainThread] [root/weather.py:610]: Error processing weather data: Weather data is empty.. Retrying fetch in 10 seconds.
2026-09-01 16:59:39,863 [WARNING] [MainThread] [root/weather.py:610]: Error processing weather data: Weather data is empty.. Retrying fetch in 10 seconds.
2026-09-01 16:59:39,868 [WARNING] [MainThread] [root/weather.py:610]: Error processing weather data: Weather data is empty.. Retrying fetch in 10 seconds.
2026-09-01 16:59:39,875 [ERROR] [MainThread] [root/api.py:84]: Weather response error 403: API key has reached maximum calls per month allowed limit.
2026-09-01 16:59:39,955 [ERROR] [MainThread] [root/api.py:84]: Weather response error 403: API key has reached maximum calls per month allowed limit.
2026-09-01 16:59:49,984 [ERROR] [MainThread] [root/api.py:84]: Weather response error 403: API key has reached maximum calls per month allowed limit.
2026-09-01 16:59:49,985 [WARNING] [MainThread] [root/weather.py:610]: Error processing weather data: Weather data is empty.. Retrying fetch in 10 seconds.
2026-09-01 16:59:49,989 [WARNING] [MainThread] [root/weather.py:610]: Error processing weather data: Weather data is empty.. Retrying fetch in 10 seconds.
2026-09-01 16:59:49,992 [WARNING] [MainThread] [root/weather.py:610]: Error processing weather data: Weather data is empty.. Retrying fetch in 10 seconds.
2026-09-01 16:59:49,997 [ERROR] [MainThread] [root/api.py:84]: Weather response error 403: API key has reached maximum calls per month allowed limit.
2026-09-01 16:59:50,008 [ERROR] [MainThread] [root/api.py:84]: Weather response error 403: API key has reached maximum calls per month allowed limit.
2026-09-01 17:00:00,124 [ERROR] [MainThread] [root/api.py:84]: Weather response error 403: API key has reached maximum calls per month allowed limit.
2026-09-01 17:00:00,124 [WARNING] [MainThread] [root/weather.py:610]: Error processing weather data: Weather data is empty.. Retrying fetch in 10 seconds.
2026-09-01 17:00:00,128 [WARNING] [MainThread] [root/weather.py:610]: Error processing weather data: Weather data is empty.. Retrying fetch in 10 seconds.
2026-09-01 17:00:00,132 [WARNING] [MainThread] [root/weather.py:610]: Error processing weather data: Weather data is empty.. Retrying fetch in 10 seconds.
2026-09-01 17:00:00,233 [ERROR] [MainThread] [root/api.py:84]: Weather response error 403: API key has reached maximum calls per month allowed limit.
2026-09-01 17:00:00,250 [ERROR] [MainThread] [root/api.py:84]: Weather response error 403: API key has reached maximum calls per month allowed limit.
2026-09-01 17:00:10,249 [ERROR] [MainThread] [root/api.py:84]: Weather response error 403: API key has reached maximum calls per month allowed limit.
2026-09-01 17:00:10,249 [WARNING] [MainThread] [root/weather.py:610]: Error processing weather data: Weather data is empty.. Retrying fetch in 10 seconds.
2026-09-01 17:00:10,253 [WARNING] [MainThread] [root/weather.py:610]: Error processing weather data: Weather data is empty.. Retrying fetch in 10 seconds.
2026-09-01 17:00:10,257 [WARNING] [MainThread] [root/weather.py:610]: Error processing weather data: Weather data is empty.. Retrying fetch in 10 seconds.
2026-09-01 17:00:10,264 [ERROR] [MainThread] [root/api.py:84]: Weather response error 403: API key has reached maximum calls per month allowed limit.
2026-09-01 17:00:10,276 [ERROR] [MainThread] [root/api.py:84]: Weather response error 403: API key has reached maximum calls per month allowed limit.
2026-09-01 17:00:20,370 [ERROR] [MainThread] [root/api.py:84]: Weather response error 403: API key has reached maximum calls per month allowed limit.
2026-09-01 17:00:20,370 [WARNING] [MainThread] [root/weather.py:610]: Error processing weather data: Weather data is empty.. Retrying fetch in 10 seconds.
2026-09-01 17:00:20,374 [WARNING] [MainThread] [root/weather.py:610]: Error processing weather data: Weather data is empty.. Retrying fetch in 10 seconds.
2026-09-01 17:00:20,378 [WARNING] [MainThread] [root/weather.py:610]: Error processing weather data: Weather data is empty.. Retrying fetch in 10 seconds.
2026-09-01 17:00:20,382 [ERROR] [MainThread] [root/api.py:84]: Weather response error 403: API key has reached maximum calls per month allowed limit.
2026-09-01 17:00:20,393 [ERROR] [MainThread] [root/api.py:84]: Weather response error 403: API key has reached maximum calls per month allowed limit.
2026-09-01 17:00:30,499 [ERROR] [MainThread] [root/api.py:84]: Weather response error 403: API key has reached maximum calls per month allowed limit.
2026-09-01 17:00:30,499 [WARNING] [MainThread] [root/weather.py:610]: Error processing weather data: Weather data is empty.. Retrying fetch in 10 seconds.
2026-09-01 17:00:30,504 [WARNING] [MainThread] [root/weather.py:610]: Error processing weather data: Weather data is empty.. Retrying fetch in 10 seconds.
2026-09-01 17:00:30,509 [WARNING] [MainThread] [root/weather.py:610]: Error processing weather data: Weather data is empty.. Retrying fetch in 10 seconds.
2026-09-01 17:00:30,513 [ERROR] [MainThread] [root/api.py:84]: Weather response error 403: API key has reached maximum calls per month allowed limit.
2026-09-01 17:00:30,526 [ERROR] [MainThread] [root/api.py:84]: Weather response error 403: API key has reached maximum calls per month allowed limit.
2026-09-01 17:00:40,626 [ERROR] [MainThread] [root/api.py:84]: Weather response error 403: API key has reached maximum calls per month allowed limit.
2026-09-01 17:00:40,626 [WARNING] [MainThread] [root/weather.py:610]: Error processing weather data: Weather data is empty.. Retrying fetch in 10 seconds.
2026-09-01 17:00:40,630 [WARNING] [MainThread] [root/weather.py:610]: Error processing weather data: Weather data is empty.. Retrying fetch in 10 seconds.
2026-09-01 17:00:40,634 [WARNING] [MainThread] [root/weather.py:610]: Error processing weather data: Weather data is empty.. Retrying fetch in 10 seconds.
2026-09-01 17:00:40,640 [ERROR] [MainThread] [root/api.py:84]: Weather response error 403: API key has reached maximum calls per month allowed limit.
2026-09-01 17:00:40,676 [ERROR] [MainThread] [root/api.py:84]: Weather response error 403: API key has reached maximum calls per month allowed limit.
2026-09-01 17:00:50,754 [ERROR] [MainThread] [root/api.py:84]: Weather response error 403: API key has reached maximum calls per month allowed limit.
2026-09-01 17:00:50,754 [WARNING] [MainThread] [root/weather.py:610]: Error processing weather data: Weather data is empty.. Retrying fetch in 10 seconds.
2026-09-01 17:00:50,758 [WARNING] [MainThread] [root/weather.py:610]: Error processing weather data: Weather data is empty.. Retrying fetch in 10 seconds.
2026-09-01 17:00:50,762 [WARNING] [MainThread] [root/weather.py:610]: Error processing weather data: Weather data is empty.. Retrying fetch in 10 seconds.
2026-09-01 17:00:50,768 [ERROR] [MainThread] [root/api.py:84]: Weather response error 403: API key has reached maximum calls per month allowed limit.
2026-09-01 17:00:50,780 [ERROR] [MainThread] [root/api.py:84]: Weather response error 403: API key has reached maximum calls per month allowed limit.
2026-09-01 17:01:00,900 [ERROR] [MainThread] [root/api.py:84]: Weather response error 403: API key has reached maximum calls per month allowed limit.
2026-09-01 17:01:00,900 [WARNING] [MainThread] [root/weather.py:610]: Error processing weather data: Weather data is empty.. Retrying fetch in 10 seconds.
2026-09-01 17:01:00,904 [WARNING] [MainThread] [root/weather.py:610]: Error processing weather data: Weather data is empty.. Retrying fetch in 10 seconds.
2026-09-01 17:01:00,908 [WARNING] [MainThread] [root/weather.py:610]: Error processing weather data: Weather data is empty.. Retrying fetch in 10 seconds.
2026-09-01 17:01:00,971 [ERROR] [MainThread] [root/api.py:84]: Weather response error 403: API key has reached maximum calls per month allowed limit.
2026-09-01 17:01:01,075 [ERROR] [MainThread] [root/api.py:84]: Weather response error 403: API key has reached maximum calls per month allowed limit.
2026-09-01 17:01:11,032 [ERROR] [MainThread] [root/api.py:84]: Weather response error 403: API key has reached maximum calls per month allowed limit.
2026-09-01 17:01:11,032 [WARNING] [MainThread] [root/weather.py:610]: Error processing weather data: Weather data is empty.. Retrying fetch in 10 seconds.
2026-09-01 17:01:11,036 [WARNING] [MainThread] [root/weather.py:610]: Error processing weather data: Weather data is empty.. Retrying fetch in 10 seconds.
2026-09-01 17:01:11,040 [WARNING] [MainThread] [root/weather.py:610]: Error processing weather data: Weather data is empty.. Retrying fetch in 10 seconds.
2026-09-01 17:01:11,044 [ERROR] [MainThread] [root/api.py:84]: Weather response error 403: API key has reached maximum calls per month allowed limit.
2026-09-01 17:01:11,056 [ERROR] [MainThread] [root/api.py:84]: Weather response error 403: API key has reached maximum calls per month allowed limit.
2026-09-01 17:01:21,156 [ERROR] [MainThread] [root/api.py:84]: Weather response error 403: API key has reached maximum calls per month allowed limit.
2026-09-01 17:01:21,157 [WARNING] [MainThread] [root/weather.py:610]: Error processing weather data: Weather data is empty.. Retrying fetch in 10 seconds.
2026-09-01 17:01:21,161 [WARNING] [MainThread] [root/weather.py:610]: Error processing weather data: Weather data is empty.. Retrying fetch in 10 seconds.
2026-09-01 17:01:21,166 [WARNING] [MainThread] [root/weather.py:610]: Error processing weather data: Weather data is empty.. Retrying fetch in 10 seconds.
2026-09-01 17:01:21,179 [ERROR] [MainThread] [root/api.py:84]: Weather response error 403: API key has reached maximum calls per month allowed limit.
2026-09-01 17:01:21,194 [ERROR] [MainThread] [root/api.py:84]: Weather response error 403: API key has reached maximum calls per month allowed limit.
2026-09-01 17:01:31,279 [ERROR] [MainThread] [root/api.py:84]: Weather response error 403: API key has reached maximum calls per month allowed limit.
2026-09-01 17:01:31,279 [WARNING] [MainThread] [root/weather.py:610]: Error processing weather data: Weather data is empty.. Retrying fetch in 10 seconds.
2026-09-01 17:01:31,283 [WARNING] [MainThread] [root/weather.py:610]: Error processing weather data: Weather data is empty.. Retrying fetch in 10 seconds.
2026-09-01 17:01:31,287 [WARNING] [MainThread] [root/weather.py:610]: Error processing weather data: Weather data is empty.. Retrying fetch in 10 seconds.
2026-09-01 17:01:31,291 [ERROR] [MainThread] [root/api.py:84]: Weather response error 403: API key has reached maximum calls per month allowed limit.
2026-09-01 17:01:31,307 [ERROR] [MainThread] [root/api.py:84]: Weather response error 403: API key has reached maximum calls per month allowed limit.
2026-09-01 17:01:41,424 [ERROR] [MainThread] [root/api.py:84]: Weather response error 403: API key has reached maximum calls per month allowed limit.
2026-09-01 17:01:41,424 [WARNING] [MainThread] [root/weather.py:610]: Error processing weather data: Weather data is empty.. Retrying fetch in 10 seconds.
2026-09-01 17:01:41,428 [WARNING] [MainThread] [root/weather.py:610]: Error processing weather data: Weather data is empty.. Retrying fetch in 10 seconds.
2026-09-01 17:01:41,432 [WARNING] [MainThread] [root/weather.py:610]: Error processing weather data: Weather data is empty.. Retrying fetch in 10 seconds.
2026-09-01 17:01:41,436 [ERROR] [MainThread] [root/api.py:84]: Weather response error 403: API key has reached maximum calls per month allowed limit.
2026-09-01 17:01:41,448 [ERROR] [MainThread] [root/api.py:84]: Weather response error 403: API key has reached maximum calls per month allowed limit.
2026-09-01 17:01:51,542 [ERROR] [MainThread] [root/api.py:84]: Weather response error 403: API key has reached maximum calls per month allowed limit.
2026-09-01 17:01:51,542 [WARNING] [MainThread] [root/weather.py:610]: Error processing weather data: Weather data is empty.. Retrying fetch in 10 seconds.
2026-09-01 17:01:51,546 [WARNING] [MainThread] [root/weather.py:610]: Error processing weather data: Weather data is empty.. Retrying fetch in 10 seconds.
2026-09-01 17:01:51,550 [WARNING] [MainThread] [root/weather.py:610]: Error processing weather data: Weather data is empty.. Retrying fetch in 10 seconds.
2026-09-01 17:01:51,558 [ERROR] [MainThread] [root/api.py:84]: Weather response error 403: API key has reached maximum calls per month allowed limit.
2026-09-01 17:01:51,585 [ERROR] [MainThread] [root/api.py:84]: Weather response error 403: API key has reached maximum calls per month allowed limit.
2026-09-01 17:02:01,738 [ERROR] [MainThread] [root/api.py:84]: Weather response error 403: API key has reached maximum calls per month allowed limit.
2026-09-01 17:02:01,739 [WARNING] [MainThread] [root/weather.py:610]: Error processing weather data: Weather data is empty.. Retrying fetch in 10 seconds.
2026-09-01 17:02:01,743 [WARNING] [MainThread] [root/weather.py:610]: Error processing weather data: Weather data is empty.. Retrying fetch in 10 seconds.
2026-09-01 17:02:01,747 [WARNING] [MainThread] [root/weather.py:610]: Error processing weather data: Weather data is empty.. Retrying fetch in 10 seconds.
2026-09-01 17:02:01,751 [ERROR] [MainThread] [root/api.py:84]: Weather response error 403: API key has reached maximum calls per month allowed limit.
2026-09-01 17:02:01,762 [ERROR] [MainThread] [root/api.py:84]: Weather response error 403: API key has reached maximum calls per month allowed limit.
2026-09-01 17:02:11,880 [ERROR] [MainThread] [root/api.py:84]: Weather response error 403: API key has reached maximum calls per month allowed limit.
2026-09-01 17:02:11,880 [WARNING] [MainThread] [root/weather.py:610]: Error processing weather data: Weather data is empty.. Retrying fetch in 10 seconds.
2026-09-01 17:02:11,885 [WARNING] [MainThread] [root/weather.py:610]: Error processing weather data: Weather data is empty.. Retrying fetch in 10 seconds.
2026-09-01 17:02:11,888 [WARNING] [MainThread] [root/weather.py:610]: Error processing weather data: Weather data is empty.. Retrying fetch in 10 seconds.
2026-09-01 17:02:11,892 [ERROR] [MainThread] [root/api.py:84]: Weather response error 403: API key has reached maximum calls per month allowed limit.
2026-09-01 17:02:11,904 [ERROR] [MainThread] [root/api.py:84]: Weather response error 403: API key has reached maximum calls per month allowed limit.
2026-09-01 17:02:22,012 [ERROR] [MainThread] [root/api.py:84]: Weather response error 403: API key has reached maximum calls per month allowed limit.
2026-09-01 17:02:22,013 [WARNING] [MainThread] [root/weather.py:610]: Error processing weather data: Weather data is empty.. Retrying fetch in 10 seconds.
2026-09-01 17:02:22,017 [WARNING] [MainThread] [root/weather.py:610]: Error processing weather data: Weather data is empty.. Retrying fetch in 10 seconds.
2026-09-01 17:02:22,022 [WARNING] [MainThread] [root/weather.py:610]: Error processing weather data: Weather data is empty.. Retrying fetch in 10 seconds.
2026-09-01 17:02:22,027 [ERROR] [MainThread] [root/api.py:84]: Weather response error 403: API key has reached maximum calls per month allowed limit.
2026-09-01 17:02:22,042 [ERROR] [MainThread] [root/api.py:84]: Weather response error 403: API key has reached maximum calls per month allowed limit.
2026-09-01 17:02:32,145 [ERROR] [MainThread] [root/api.py:84]: Weather response error 403: API key has reached maximum calls per month allowed limit.
2026-09-01 17:02:32,146 [WARNING] [MainThread] [root/weather.py:610]: Error processing weather data: Weather data is empty.. Retrying fetch in 10 seconds.
2026-09-01 17:02:32,150 [WARNING] [MainThread] [root/weather.py:610]: Error processing weather data: Weather data is empty.. Retrying fetch in 10 seconds.
2026-09-01 17:02:32,154 [WARNING] [MainThread] [root/weather.py:610]: Error processing weather data: Weather data is empty.. Retrying fetch in 10 seconds.
2026-09-01 17:02:32,160 [ERROR] [MainThread] [root/api.py:84]: Weather response error 403: API key has reached maximum calls per month allowed limit.
2026-09-01 17:02:32,214 [ERROR] [MainThread] [root/api.py:84]: Weather response error 403: API key has reached maximum calls per month allowed limit.
2026-09-01 17:02:42,340 [ERROR] [MainThread] [root/api.py:84]: Weather response error 403: API key has reached maximum calls per month allowed limit.
2026-09-01 17:02:42,340 [WARNING] [MainThread] [root/weather.py:610]: Error processing weather data: Weather data is empty.. Retrying fetch in 10 seconds.
2026-09-01 17:02:42,344 [WARNING] [MainThread] [root/weather.py:610]: Error processing weather data: Weather data is empty.. Retrying fetch in 10 seconds.
2026-09-01 17:02:42,348 [WARNING] [MainThread] [root/weather.py:610]: Error processing weather data: Weather data is empty.. Retrying fetch in 10 seconds.
2026-09-01 17:02:42,352 [ERROR] [MainThread] [root/api.py:84]: Weather response error 403: API key has reached maximum calls per month allowed limit.
2026-09-01 17:02:42,364 [ERROR] [MainThread] [root/api.py:84]: Weather response error 403: API key has reached maximum calls per month allowed limit.
2026-09-01 17:02:52,477 [ERROR] [MainThread] [root/api.py:84]: Weather response error 403: API key has reached maximum calls per month allowed limit.
2026-09-01 17:02:52,477 [WARNING] [MainThread] [root/weather.py:610]: Error processing weather data: Weather data is empty.. Retrying fetch in 10 seconds.
2026-09-01 17:02:52,481 [WARNING] [MainThread] [root/weather.py:610]: Error processing weather data: Weather data is empty.. Retrying fetch in 10 seconds.
2026-09-01 17:02:52,485 [WARNING] [MainThread] [root/weather.py:610]: Error processing weather data: Weather data is empty.. Retrying fetch in 10 seconds.
2026-09-01 17:02:52,490 [ERROR] [MainThread] [root/api.py:84]: Weather response error 403: API key has reached maximum calls per month allowed limit.
2026-09-01 17:02:52,616 [ERROR] [MainThread] [root/api.py:84]: Weather response error 403: API key has reached maximum calls per month allowed limit.
2026-09-01 17:02:52,805 [ERROR] [MainThread] [root/api.py:84]: Weather response error 403: API key has reached maximum calls per month allowed limit.
2026-09-01 17:03:02,608 [ERROR] [MainThread] [root/api.py:84]: Weather response error 403: API key has reached maximum calls per month allowed limit.
2026-09-01 17:03:02,609 [WARNING] [MainThread] [root/weather.py:610]: Error processing weather data: Weather data is empty.. Retrying fetch in 10 seconds.
2026-09-01 17:03:02,613 [WARNING] [MainThread] [root/weather.py:610]: Error processing weather data: Weather data is empty.. Retrying fetch in 10 seconds.
2026-09-01 17:03:02,617 [WARNING] [MainThread] [root/weather.py:610]: Error processing weather data: Weather data is empty.. Retrying fetch in 10 seconds.
2026-09-01 17:03:02,621 [ERROR] [MainThread] [root/api.py:84]: Weather response error 403: API key has reached maximum calls per month allowed limit.
2026-09-01 17:03:02,633 [ERROR] [MainThread] [root/api.py:84]: Weather response error 403: API key has reached maximum calls per month allowed limit.
2026-09-01 17:03:12,737 [ERROR] [MainThread] [root/api.py:84]: Weather response error 403: API key has reached maximum calls per month allowed limit.
2026-09-01 17:03:12,738 [WARNING] [MainThread] [root/weather.py:610]: Error processing weather data: Weather data is empty.. Retrying fetch in 10 seconds.
2026-09-01 17:03:12,742 [WARNING] [MainThread] [root/weather.py:610]: Error processing weather data: Weather data is empty.. Retrying fetch in 10 seconds.
2026-09-01 17:03:12,746 [WARNING] [MainThread] [root/weather.py:610]: Error processing weather data: Weather data is empty.. Retrying fetch in 10 seconds.
2026-09-01 17:03:12,814 [ERROR] [MainThread] [root/api.py:84]: Weather response error 403: API key has reached maximum calls per month allowed limit.
2026-09-01 17:03:12,840 [ERROR] [MainThread] [root/api.py:84]: Weather response error 403: API key has reached maximum calls per month allowed limit.
2026-09-01 17:03:22,860 [ERROR] [MainThread] [root/api.py:84]: Weather response error 403: API key has reached maximum calls per month allowed limit.
2026-09-01 17:03:22,860 [WARNING] [MainThread] [root/weather.py:610]: Error processing weather data: Weather data is empty.. Retrying fetch in 10 seconds.
2026-09-01 17:03:22,864 [WARNING] [MainThread] [root/weather.py:610]: Error processing weather data: Weather data is empty.. Retrying fetch in 10 seconds.
2026-09-01 17:03:22,868 [WARNING] [MainThread] [root/weather.py:610]: Error processing weather data: Weather data is empty.. Retrying fetch in 10 seconds.
2026-09-01 17:03:22,873 [ERROR] [MainThread] [root/api.py:84]: Weather response error 403: API key has reached maximum calls per month allowed limit.
2026-09-01 17:03:22,886 [ERROR] [MainThread] [root/api.py:84]: Weather response error 403: API key has reached maximum calls per month allowed limit.
2026-09-01 17:03:33,060 [ERROR] [MainThread] [root/api.py:84]: Weather response error 403: API key has reached maximum calls per month allowed limit.
2026-09-01 17:03:33,060 [WARNING] [MainThread] [root/weather.py:610]: Error processing weather data: Weather data is empty.. Retrying fetch in 10 seconds.
2026-09-01 17:03:33,065 [WARNING] [MainThread] [root/weather.py:610]: Error processing weather data: Weather data is empty.. Retrying fetch in 10 seconds.
2026-09-01 17:03:33,069 [WARNING] [MainThread] [root/weather.py:610]: Error processing weather data: Weather data is empty.. Retrying fetch in 10 seconds.
2026-09-01 17:03:33,073 [ERROR] [MainThread] [root/api.py:84]: Weather response error 403: API key has reached maximum calls per month allowed limit.
2026-09-01 17:03:33,089 [ERROR] [MainThread] [root/api.py:84]: Weather response error 403: API key has reached maximum calls per month allowed limit.
2026-09-01 17:03:43,214 [ERROR] [MainThread] [root/api.py:84]: Weather response error 403: API key has reached maximum calls per month allowed limit.
2026-09-01 17:03:43,215 [WARNING] [MainThread] [root/weather.py:610]: Error processing weather data: Weather data is empty.. Retrying fetch in 10 seconds.
2026-09-01 17:03:43,219 [WARNING] [MainThread] [root/weather.py:610]: Error processing weather data: Weather data is empty.. Retrying fetch in 10 seconds.
2026-09-01 17:03:43,223 [WARNING] [MainThread] [root/weather.py:610]: Error processing weather data: Weather data is empty.. Retrying fetch in 10 seconds.
2026-09-01 17:03:43,227 [ERROR] [MainThread] [root/api.py:84]: Weather response error 403: API key has reached maximum calls per month allowed limit.
2026-09-01 17:03:43,245 [ERROR] [MainThread] [root/api.py:84]: Weather response error 403: API key has reached maximum calls per month allowed limit.
2026-09-01 17:03:53,394 [ERROR] [MainThread] [root/api.py:84]: Weather response error 403: API key has reached maximum calls per month allowed limit.
2026-09-01 17:03:53,395 [WARNING] [MainThread] [root/weather.py:610]: Error processing weather data: Weather data is empty.. Retrying fetch in 10 seconds.
2026-09-01 17:03:53,399 [WARNING] [MainThread] [root/weather.py:610]: Error processing weather data: Weather data is empty.. Retrying fetch in 10 seconds.
2026-09-01 17:03:53,403 [WARNING] [MainThread] [root/weather.py:610]: Error processing weather data: Weather data is empty.. Retrying fetch in 10 seconds.
2026-09-01 17:03:53,407 [ERROR] [MainThread] [root/api.py:84]: Weather response error 403: API key has reached maximum calls per month allowed limit.
2026-09-01 17:03:53,495 [ERROR] [MainThread] [root/api.py:84]: Weather response error 403: API key has reached maximum calls per month allowed limit.
2026-09-01 17:04:03,536 [ERROR] [MainThread] [root/api.py:84]: Weather response error 403: API key has reached maximum calls per month allowed limit.
2026-09-01 17:04:03,537 [WARNING] [MainThread] [root/weather.py:610]: Error processing weather data: Weather data is empty.. Retrying fetch in 10 seconds.
2026-09-01 17:04:03,541 [WARNING] [MainThread] [root/weather.py:610]: Error processing weather data: Weather data is empty.. Retrying fetch in 10 seconds.
2026-09-01 17:04:03,545 [WARNING] [MainThread] [root/weather.py:610]: Error processing weather data: Weather data is empty.. Retrying fetch in 10 seconds.
2026-09-01 17:04:03,549 [ERROR] [MainThread] [root/api.py:84]: Weather response error 403: API key has reached maximum calls per month allowed limit.
2026-09-01 17:04:03,560 [ERROR] [MainThread] [root/api.py:84]: Weather response error 403: API key has reached maximum calls per month allowed limit.
2026-09-01 17:04:13,676 [ERROR] [MainThread] [root/api.py:84]: Weather response error 403: API key has reached maximum calls per month allowed limit.
2026-09-01 17:04:13,677 [WARNING] [MainThread] [root/weather.py:610]: Error processing weather data: Weather data is empty.. Retrying fetch in 10 seconds.
2026-09-01 17:04:13,681 [WARNING] [MainThread] [root/weather.py:610]: Error processing weather data: Weather data is empty.. Retrying fetch in 10 seconds.
2026-09-01 17:04:13,685 [WARNING] [MainThread] [root/weather.py:610]: Error processing weather data: Weather data is empty.. Retrying fetch in 10 seconds.
2026-09-01 17:04:13,734 [ERROR] [MainThread] [root/api.py:84]: Weather response error 403: API key has reached maximum calls per month allowed limit.
2026-09-01 17:04:13,747 [ERROR] [MainThread] [root/api.py:84]: Weather response error 403: API key has reached maximum calls per month allowed limit.
2026-09-01 17:04:23,807 [ERROR] [MainThread] [root/api.py:84]: Weather response error 403: API key has reached maximum calls per month allowed limit.
2026-09-01 17:04:23,808 [WARNING] [MainThread] [root/weather.py:610]: Error processing weather data: Weather data is empty.. Retrying fetch in 10 seconds.
2026-09-01 17:04:23,812 [WARNING] [MainThread] [root/weather.py:610]: Error processing weather data: Weather data is empty.. Retrying fetch in 10 seconds.
2026-09-01 17:04:23,816 [WARNING] [MainThread] [root/weather.py:610]: Error processing weather data: Weather data is empty.. Retrying fetch in 10 seconds.
2026-09-01 17:04:23,825 [ERROR] [MainThread] [root/api.py:84]: Weather response error 403: API key has reached maximum calls per month allowed limit.
2026-09-01 17:04:23,903 [ERROR] [MainThread] [root/api.py:84]: Weather response error 403: API key has reached maximum calls per month allowed limit.
2026-09-01 17:04:33,937 [ERROR] [MainThread] [root/api.py:84]: Weather response error 403: API key has reached maximum calls per month allowed limit.
2026-09-01 17:04:33,937 [WARNING] [MainThread] [root/weather.py:610]: Error processing weather data: Weather data is empty.. Retrying fetch in 10 seconds.
2026-09-01 17:04:33,942 [WARNING] [MainThread] [root/weather.py:610]: Error processing weather data: Weather data is empty.. Retrying fetch in 10 seconds.
2026-09-01 17:04:33,945 [WARNING] [MainThread] [root/weather.py:610]: Error processing weather data: Weather data is empty.. Retrying fetch in 10 seconds.
2026-09-01 17:04:33,974 [ERROR] [MainThread] [root/api.py:84]: Weather response error 403: API key has reached maximum calls per month allowed limit.
2026-09-01 17:04:34,012 [ERROR] [MainThread] [root/api.py:84]: Weather response error 403: API key has reached maximum calls per month allowed limit.
2026-09-01 17:04:44,065 [ERROR] [MainThread] [root/api.py:84]: Weather response error 403: API key has reached maximum calls per month allowed limit.
2026-09-01 17:04:44,066 [WARNING] [MainThread] [root/weather.py:610]: Error processing weather data: Weather data is empty.. Retrying fetch in 10 seconds.
2026-09-01 17:04:44,070 [WARNING] [MainThread] [root/weather.py:610]: Error processing weather data: Weather data is empty.. Retrying fetch in 10 seconds.
2026-09-01 17:04:44,074 [WARNING] [MainThread] [root/weather.py:610]: Error processing weather data: Weather data is empty.. Retrying fetch in 10 seconds.
2026-09-01 17:04:44,160 [ERROR] [MainThread] [root/api.py:84]: Weather response error 403: API key has reached maximum calls per month allowed limit.
2026-09-01 17:04:44,173 [ERROR] [MainThread] [root/api.py:84]: Weather response error 403: API key has reached maximum calls per month allowed limit.
2026-09-01 17:04:54,201 [ERROR] [MainThread] [root/api.py:84]: Weather response error 403: API key has reached maximum calls per month allowed limit.
2026-09-01 17:04:54,201 [WARNING] [MainThread] [root/weather.py:610]: Error processing weather data: Weather data is empty.. Retrying fetch in 10 seconds.
2026-09-01 17:04:54,206 [WARNING] [MainThread] [root/weather.py:610]: Error processing weather data: Weather data is empty.. Retrying fetch in 10 seconds.
2026-09-01 17:04:54,210 [WARNING] [MainThread] [root/weather.py:610]: Error processing weather data: Weather data is empty.. Retrying fetch in 10 seconds.
2026-09-01 17:04:54,215 [ERROR] [MainThread] [root/api.py:84]: Weather response error 403: API key has reached maximum calls per month allowed limit.
2026-09-01 17:04:54,268 [ERROR] [MainThread] [root/api.py:84]: Weather response error 403: API key has reached maximum calls per month allowed limit.
2026-09-01 17:05:04,345 [ERROR] [MainThread] [root/api.py:84]: Weather response error 403: API key has reached maximum calls per month allowed limit.
2026-09-01 17:05:04,345 [WARNING] [MainThread] [root/weather.py:610]: Error processing weather data: Weather data is empty.. Retrying fetch in 10 seconds.
2026-09-01 17:05:04,349 [WARNING] [MainThread] [root/weather.py:610]: Error processing weather data: Weather data is empty.. Retrying fetch in 10 seconds.
2026-09-01 17:05:04,353 [WARNING] [MainThread] [root/weather.py:610]: Error processing weather data: Weather data is empty.. Retrying fetch in 10 seconds.
2026-09-01 17:05:04,358 [ERROR] [MainThread] [root/api.py:84]: Weather response error 403: API key has reached maximum calls per month allowed limit.
2026-09-01 17:05:04,400 [ERROR] [MainThread] [root/api.py:84]: Weather response error 403: API key has reached maximum calls per month allowed limit.
2026-09-01 17:05:14,479 [ERROR] [MainThread] [root/api.py:84]: Weather response error 403: API key has reached maximum calls per month allowed limit.
2026-09-01 17:05:14,479 [WARNING] [MainThread] [root/weather.py:610]: Error processing weather data: Weather data is empty.. Retrying fetch in 10 seconds.
2026-09-01 17:05:14,483 [WARNING] [MainThread] [root/weather.py:610]: Error processing weather data: Weather data is empty.. Retrying fetch in 10 seconds.
2026-09-01 17:05:14,487 [WARNING] [MainThread] [root/weather.py:610]: Error processing weather data: Weather data is empty.. Retrying fetch in 10 seconds.
2026-09-01 17:05:14,492 [ERROR] [MainThread] [root/api.py:84]: Weather response error 403: API key has reached maximum calls per month allowed limit.
2026-09-01 17:05:14,519 [ERROR] [MainThread] [root/api.py:84]: Weather response error 403: API key has reached maximum calls per month allowed limit.
2026-09-01 17:05:24,614 [ERROR] [MainThread] [root/api.py:84]: Weather response error 403: API key has reached maximum calls per month allowed limit.
2026-09-01 17:05:24,615 [WARNING] [MainThread] [root/weather.py:610]: Error processing weather data: Weather data is empty.. Retrying fetch in 10 seconds.
2026-09-01 17:05:24,619 [WARNING] [MainThread] [root/weather.py:610]: Error processing weather data: Weather data is empty.. Retrying fetch in 10 seconds.
2026-09-01 17:05:24,623 [WARNING] [MainThread] [root/weather.py:610]: Error processing weather data: Weather data is empty.. Retrying fetch in 10 seconds.
2026-09-01 17:05:24,627 [ERROR] [MainThread] [root/api.py:84]: Weather response error 403: API key has reached maximum calls per month allowed limit.
2026-09-01 17:05:24,639 [ERROR] [MainThread] [root/api.py:84]: Weather response error 403: API key has reached maximum calls per month allowed limit.
2026-09-01 17:05:34,757 [ERROR] [MainThread] [root/api.py:84]: Weather response error 403: API key has reached maximum calls per month allowed limit.
2026-09-01 17:05:34,758 [WARNING] [MainThread] [root/weather.py:610]: Error processing weather data: Weather data is empty.. Retrying fetch in 10 seconds.
2026-09-01 17:05:34,762 [WARNING] [MainThread] [root/weather.py:610]: Error processing weather data: Weather data is empty.. Retrying fetch in 10 seconds.
2026-09-01 17:05:34,766 [WARNING] [MainThread] [root/weather.py:610]: Error processing weather data: Weather data is empty.. Retrying fetch in 10 seconds.
2026-09-01 17:05:34,770 [ERROR] [MainThread] [root/api.py:84]: Weather response error 403: API key has reached maximum calls per month allowed limit.
2026-09-01 17:05:34,782 [ERROR] [MainThread] [root/api.py:84]: Weather response error 403: API key has reached maximum calls per month allowed limit.
2026-09-01 17:05:44,897 [ERROR] [MainThread] [root/api.py:84]: Weather response error 403: API key has reached maximum calls per month allowed limit.
2026-09-01 17:05:44,897 [WARNING] [MainThread] [root/weather.py:610]: Error processing weather data: Weather data is empty.. Retrying fetch in 10 seconds.
2026-09-01 17:05:44,901 [WARNING] [MainThread] [root/weather.py:610]: Error processing weather data: Weather data is empty.. Retrying fetch in 10 seconds.
2026-09-01 17:05:44,905 [WARNING] [MainThread] [root/weather.py:610]: Error processing weather data: Weather data is empty.. Retrying fetch in 10 seconds.
2026-09-01 17:05:44,909 [ERROR] [MainThread] [root/api.py:84]: Weather response error 403: API key has reached maximum calls per month allowed limit.
2026-09-01 17:05:44,922 [ERROR] [MainThread] [root/api.py:84]: Weather response error 403: API key has reached maximum calls per month allowed limit.
2026-09-01 17:05:55,025 [ERROR] [MainThread] [root/api.py:84]: Weather response error 403: API key has reached maximum calls per month allowed limit.
2026-09-01 17:05:55,026 [WARNING] [MainThread] [root/weather.py:610]: Error processing weather data: Weather data is empty.. Retrying fetch in 10 seconds.
2026-09-01 17:05:55,030 [WARNING] [MainThread] [root/weather.py:610]: Error processing weather data: Weather data is empty.. Retrying fetch in 10 seconds.
2026-09-01 17:05:55,034 [WARNING] [MainThread] [root/weather.py:610]: Error processing weather data: Weather data is empty.. Retrying fetch in 10 seconds.
2026-09-01 17:05:55,065 [ERROR] [MainThread] [root/api.py:84]: Weather response error 403: API key has reached maximum calls per month allowed limit.
2026-09-01 17:05:55,126 [ERROR] [MainThread] [root/api.py:84]: Weather response error 403: API key has reached maximum calls per month allowed limit.
2026-09-01 17:06:05,174 [ERROR] [MainThread] [root/api.py:84]: Weather response error 403: API key has reached maximum calls per month allowed limit.
2026-09-01 17:06:05,174 [WARNING] [MainThread] [root/weather.py:610]: Error processing weather data: Weather data is empty.. Retrying fetch in 10 seconds.
2026-09-01 17:06:05,178 [WARNING] [MainThread] [root/weather.py:610]: Error processing weather data: Weather data is empty.. Retrying fetch in 10 seconds.
2026-09-01 17:06:05,182 [WARNING] [MainThread] [root/weather.py:610]: Error processing weather data: Weather data is empty.. Retrying fetch in 10 seconds.
2026-09-01 17:06:05,187 [ERROR] [MainThread] [root/api.py:84]: Weather response error 403: API key has reached maximum calls per month allowed limit.
2026-09-01 17:06:05,198 [ERROR] [MainThread] [root/api.py:84]: Weather response error 403: API key has reached maximum calls per month allowed limit.
2026-09-01 17:06:15,313 [ERROR] [MainThread] [root/api.py:84]: Weather response error 403: API key has reached maximum calls per month allowed limit.
2026-09-01 17:06:15,314 [WARNING] [MainThread] [root/weather.py:610]: Error processing weather data: Weather data is empty.. Retrying fetch in 10 seconds.
2026-09-01 17:06:15,318 [WARNING] [MainThread] [root/weather.py:610]: Error processing weather data: Weather data is empty.. Retrying fetch in 10 seconds.
2026-09-01 17:06:15,322 [WARNING] [MainThread] [root/weather.py:610]: Error processing weather data: Weather data is empty.. Retrying fetch in 10 seconds.
2026-09-01 17:06:15,327 [ERROR] [MainThread] [root/api.py:84]: Weather response error 403: API key has reached maximum calls per month allowed limit.
2026-09-01 17:06:15,339 [ERROR] [MainThread] [root/api.py:84]: Weather response error 403: API key has reached maximum calls per month allowed limit.
2026-09-01 17:06:25,436 [ERROR] [MainThread] [root/api.py:84]: Weather response error 403: API key has reached maximum calls per month allowed limit.
2026-09-01 17:06:25,436 [WARNING] [MainThread] [root/weather.py:610]: Error processing weather data: Weather data is empty.. Retrying fetch in 10 seconds.
2026-09-01 17:06:25,440 [WARNING] [MainThread] [root/weather.py:610]: Error processing weather data: Weather data is empty.. Retrying fetch in 10 seconds.
2026-09-01 17:06:25,444 [WARNING] [MainThread] [root/weather.py:610]: Error processing weather data: Weather data is empty.. Retrying fetch in 10 seconds.
2026-09-01 17:06:25,451 [ERROR] [MainThread] [root/api.py:84]: Weather response error 403: API key has reached maximum calls per month allowed limit.
2026-09-01 17:06:25,463 [ERROR] [MainThread] [root/api.py:84]: Weather response error 403: API key has reached maximum calls per month allowed limit.
2026-09-01 17:06:35,562 [ERROR] [MainThread] [root/api.py:84]: Weather response error 403: API key has reached maximum calls per month allowed limit.
2026-09-01 17:06:35,563 [WARNING] [MainThread] [root/weather.py:610]: Error processing weather data: Weather data is empty.. Retrying fetch in 10 seconds.
2026-09-01 17:06:35,568 [WARNING] [MainThread] [root/weather.py:610]: Error processing weather data: Weather data is empty.. Retrying fetch in 10 seconds.
2026-09-01 17:06:35,573 [WARNING] [MainThread] [root/weather.py:610]: Error processing weather data: Weather data is empty.. Retrying fetch in 10 seconds.
2026-09-01 17:06:35,577 [ERROR] [MainThread] [root/api.py:84]: Weather response error 403: API key has reached maximum calls per month allowed limit.
2026-09-01 17:06:35,593 [ERROR] [MainThread] [root/api.py:84]: Weather response error 403: API key has reached maximum calls per month allowed limit.
2026-09-01 17:06:45,695 [ERROR] [MainThread] [root/api.py:84]: Weather response error 403: API key has reached maximum calls per month allowed limit.
2026-09-01 17:06:45,695 [WARNING] [MainThread] [root/weather.py:610]: Error processing weather data: Weather data is empty.. Retrying fetch in 10 seconds.
2026-09-01 17:06:45,699 [WARNING] [MainThread] [root/weather.py:610]: Error processing weather data: Weather data is empty.. Retrying fetch in 10 seconds.
2026-09-01 17:06:45,704 [WARNING] [MainThread] [root/weather.py:610]: Error processing weather data: Weather data is empty.. Retrying fetch in 10 seconds.
2026-09-01 17:06:45,710 [ERROR] [MainThread] [root/api.py:84]: Weather response error 403: API key has reached maximum calls per month allowed limit.
2026-09-01 17:06:45,722 [ERROR] [MainThread] [root/api.py:84]: Weather response error 403: API key has reached maximum calls per month allowed limit.
2026-09-01 17:06:55,824 [ERROR] [MainThread] [root/api.py:84]: Weather response error 403: API key has reached maximum calls per month allowed limit.
2026-09-01 17:06:55,824 [WARNING] [MainThread] [root/weather.py:610]: Error processing weather data: Weather data is empty.. Retrying fetch in 10 seconds.
2026-09-01 17:06:55,829 [WARNING] [MainThread] [root/weather.py:610]: Error processing weather data: Weather data is empty.. Retrying fetch in 10 seconds.
2026-09-01 17:06:55,832 [WARNING] [MainThread] [root/weather.py:610]: Error processing weather data: Weather data is empty.. Retrying fetch in 10 seconds.
2026-09-01 17:06:55,837 [ERROR] [MainThread] [root/api.py:84]: Weather response error 403: API key has reached maximum calls per month allowed limit.
2026-09-01 17:06:55,848 [ERROR] [MainThread] [root/api.py:84]: Weather response error 403: API key has reached maximum calls per month allowed limit.
2026-09-01 17:07:05,948 [ERROR] [MainThread] [root/api.py:84]: Weather response error 403: API key has reached maximum calls per month allowed limit.
2026-09-01 17:07:05,949 [WARNING] [MainThread] [root/weather.py:610]: Error processing weather data: Weather data is empty.. Retrying fetch in 10 seconds.
2026-09-01 17:07:05,953 [WARNING] [MainThread] [root/weather.py:610]: Error processing weather data: Weather data is empty.. Retrying fetch in 10 seconds.
2026-09-01 17:07:05,957 [WARNING] [MainThread] [root/weather.py:610]: Error processing weather data: Weather data is empty.. Retrying fetch in 10 seconds.
2026-09-01 17:07:05,961 [ERROR] [MainThread] [root/api.py:84]: Weather response error 403: API key has reached maximum calls per month allowed limit.
2026-09-01 17:07:06,036 [ERROR] [MainThread] [root/api.py:84]: Weather response error 403: API key has reached maximum calls per month allowed limit.
2026-09-01 17:07:16,075 [ERROR] [MainThread] [root/api.py:84]: Weather response error 403: API key has reached maximum calls per month allowed limit.
2026-09-01 17:07:16,076 [WARNING] [MainThread] [root/weather.py:610]: Error processing weather data: Weather data is empty.. Retrying fetch in 10 seconds.
2026-09-01 17:07:16,080 [WARNING] [MainThread] [root/weather.py:610]: Error processing weather data: Weather data is empty.. Retrying fetch in 10 seconds.
2026-09-01 17:07:16,085 [WARNING] [MainThread] [root/weather.py:610]: Error processing weather data: Weather data is empty.. Retrying fetch in 10 seconds.
2026-09-01 17:07:16,090 [ERROR] [MainThread] [root/api.py:84]: Weather response error 403: API key has reached maximum calls per month allowed limit.
2026-09-01 17:07:16,105 [ERROR] [MainThread] [root/api.py:84]: Weather response error 403: API key has reached maximum calls per month allowed limit.
2026-09-01 17:07:26,205 [ERROR] [MainThread] [root/api.py:84]: Weather response error 403: API key has reached maximum calls per month allowed limit.
2026-09-01 17:07:26,206 [WARNING] [MainThread] [root/weather.py:610]: Error processing weather data: Weather data is empty.. Retrying fetch in 10 seconds.
2026-09-01 17:07:26,210 [WARNING] [MainThread] [root/weather.py:610]: Error processing weather data: Weather data is empty.. Retrying fetch in 10 seconds.
2026-09-01 17:07:26,214 [WARNING] [MainThread] [root/weather.py:610]: Error processing weather data: Weather data is empty.. Retrying fetch in 10 seconds.
2026-09-01 17:07:26,218 [ERROR] [MainThread] [root/api.py:84]: Weather response error 403: API key has reached maximum calls per month allowed limit.
2026-09-01 17:07:26,233 [ERROR] [MainThread] [root/api.py:84]: Weather response error 403: API key has reached maximum calls per month allowed limit.
2026-09-01 17:07:36,329 [ERROR] [MainThread] [root/api.py:84]: Weather response error 403: API key has reached maximum calls per month allowed limit.
2026-09-01 17:07:36,330 [WARNING] [MainThread] [root/weather.py:610]: Error processing weather data: Weather data is empty.. Retrying fetch in 10 seconds.
2026-09-01 17:07:36,334 [WARNING] [MainThread] [root/weather.py:610]: Error processing weather data: Weather data is empty.. Retrying fetch in 10 seconds.
2026-09-01 17:07:36,339 [WARNING] [MainThread] [root/weather.py:610]: Error processing weather data: Weather data is empty.. Retrying fetch in 10 seconds.
2026-09-01 17:07:36,343 [ERROR] [MainThread] [root/api.py:84]: Weather response error 403: API key has reached maximum calls per month allowed limit.
2026-09-01 17:07:36,431 [ERROR] [MainThread] [root/api.py:84]: Weather response error 403: API key has reached maximum calls per month allowed limit.
2026-09-01 17:07:46,464 [ERROR] [MainThread] [root/api.py:84]: Weather response error 403: API key has reached maximum calls per month allowed limit.
2026-09-01 17:07:46,464 [WARNING] [MainThread] [root/weather.py:610]: Error processing weather data: Weather data is empty.. Retrying fetch in 10 seconds.
2026-09-01 17:07:46,469 [WARNING] [MainThread] [root/weather.py:610]: Error processing weather data: Weather data is empty.. Retrying fetch in 10 seconds.
2026-09-01 17:07:46,473 [WARNING] [MainThread] [root/weather.py:610]: Error processing weather data: Weather data is empty.. Retrying fetch in 10 seconds.
2026-09-01 17:07:46,477 [ERROR] [MainThread] [root/api.py:84]: Weather response error 403: API key has reached maximum calls per month allowed limit.
2026-09-01 17:07:46,621 [ERROR] [MainThread] [root/api.py:84]: Weather response error 403: API key has reached maximum calls per month allowed limit.
2026-09-01 17:07:56,589 [ERROR] [MainThread] [root/api.py:84]: Weather response error 403: API key has reached maximum calls per month allowed limit.
2026-09-01 17:07:56,590 [WARNING] [MainThread] [root/weather.py:610]: Error processing weather data: Weather data is empty.. Retrying fetch in 10 seconds.
2026-09-01 17:07:56,594 [WARNING] [MainThread] [root/weather.py:610]: Error processing weather data: Weather data is empty.. Retrying fetch in 10 seconds.
2026-09-01 17:07:56,599 [WARNING] [MainThread] [root/weather.py:610]: Error processing weather data: Weather data is empty.. Retrying fetch in 10 seconds.
2026-09-01 17:07:56,604 [ERROR] [MainThread] [root/api.py:84]: Weather response error 403: API key has reached maximum calls per month allowed limit.
2026-09-01 17:07:56,671 [ERROR] [MainThread] [root/api.py:84]: Weather response error 403: API key has reached maximum calls per month allowed limit.
2026-09-01 17:08:06,728 [ERROR] [MainThread] [root/api.py:84]: Weather response error 403: API key has reached maximum calls per month allowed limit.
2026-09-01 17:08:06,728 [WARNING] [MainThread] [root/weather.py:610]: Error processing weather data: Weather data is empty.. Retrying fetch in 10 seconds.
2026-09-01 17:08:06,732 [WARNING] [MainThread] [root/weather.py:610]: Error processing weather data: Weather data is empty.. Retrying fetch in 10 seconds.
2026-09-01 17:08:06,736 [WARNING] [MainThread] [root/weather.py:610]: Error processing weather data: Weather data is empty.. Retrying fetch in 10 seconds.
2026-09-01 17:08:06,741 [ERROR] [MainThread] [root/api.py:84]: Weather response error 403: API key has reached maximum calls per month allowed limit.
2026-09-01 17:08:06,754 [ERROR] [MainThread] [root/api.py:84]: Weather response error 403: API key has reached maximum calls per month allowed limit.
2026-09-01 17:08:16,861 [ERROR] [MainThread] [root/api.py:84]: Weather response error 403: API key has reached maximum calls per month allowed limit.
2026-09-01 17:08:16,861 [WARNING] [MainThread] [root/weather.py:610]: Error processing weather data: Weather data is empty.. Retrying fetch in 10 seconds.
2026-09-01 17:08:16,865 [WARNING] [MainThread] [root/weather.py:610]: Error processing weather data: Weather data is empty.. Retrying fetch in 10 seconds.
2026-09-01 17:08:16,870 [WARNING] [MainThread] [root/weather.py:610]: Error processing weather data: Weather data is empty.. Retrying fetch in 10 seconds.
2026-09-01 17:08:16,874 [ERROR] [MainThread] [root/api.py:84]: Weather response error 403: API key has reached maximum calls per month allowed limit.
2026-09-01 17:08:16,886 [ERROR] [MainThread] [root/api.py:84]: Weather response error 403: API key has reached maximum calls per month allowed limit.
2026-09-01 17:08:26,989 [ERROR] [MainThread] [root/api.py:84]: Weather response error 403: API key has reached maximum calls per month allowed limit.
2026-09-01 17:08:26,990 [WARNING] [MainThread] [root/weather.py:610]: Error processing weather data: Weather data is empty.. Retrying fetch in 10 seconds.
2026-09-01 17:08:26,994 [WARNING] [MainThread] [root/weather.py:610]: Error processing weather data: Weather data is empty.. Retrying fetch in 10 seconds.
2026-09-01 17:08:26,998 [WARNING] [MainThread] [root/weather.py:610]: Error processing weather data: Weather data is empty.. Retrying fetch in 10 seconds.
2026-09-01 17:08:27,003 [ERROR] [MainThread] [root/api.py:84]: Weather response error 403: API key has reached maximum calls per month allowed limit.
2026-09-01 17:08:27,015 [ERROR] [MainThread] [root/api.py:84]: Weather response error 403: API key has reached maximum calls per month allowed limit.
2026-09-01 17:08:37,126 [ERROR] [MainThread] [root/api.py:84]: Weather response error 403: API key has reached maximum calls per month allowed limit.
2026-09-01 17:08:37,126 [WARNING] [MainThread] [root/weather.py:610]: Error processing weather data: Weather data is empty.. Retrying fetch in 10 seconds.
2026-09-01 17:08:37,131 [WARNING] [MainThread] [root/weather.py:610]: Error processing weather data: Weather data is empty.. Retrying fetch in 10 seconds.
2026-09-01 17:08:37,135 [WARNING] [MainThread] [root/weather.py:610]: Error processing weather data: Weather data is empty.. Retrying fetch in 10 seconds.
2026-09-01 17:08:37,139 [ERROR] [MainThread] [root/api.py:84]: Weather response error 403: API key has reached maximum calls per month allowed limit.
2026-09-01 17:08:37,191 [ERROR] [MainThread] [root/api.py:84]: Weather response error 403: API key has reached maximum calls per month allowed limit.
2026-09-01 17:08:47,247 [ERROR] [MainThread] [root/api.py:84]: Weather response error 403: API key has reached maximum calls per month allowed limit.
2026-09-01 17:08:47,247 [WARNING] [MainThread] [root/weather.py:610]: Error processing weather data: Weather data is empty.. Retrying fetch in 10 seconds.
2026-09-01 17:08:47,251 [WARNING] [MainThread] [root/weather.py:610]: Error processing weather data: Weather data is empty.. Retrying fetch in 10 seconds.
2026-09-01 17:08:47,256 [WARNING] [MainThread] [root/weather.py:610]: Error processing weather data: Weather data is empty.. Retrying fetch in 10 seconds.
2026-09-01 17:08:47,265 [ERROR] [MainThread] [root/api.py:84]: Weather response error 403: API key has reached maximum calls per month allowed limit.
2026-09-01 17:08:47,277 [ERROR] [MainThread] [root/api.py:84]: Weather response error 403: API key has reached maximum calls per month allowed limit.
2026-09-01 17:08:57,379 [ERROR] [MainThread] [root/api.py:84]: Weather response error 403: API key has reached maximum calls per month allowed limit.
2026-09-01 17:08:57,379 [WARNING] [MainThread] [root/weather.py:610]: Error processing weather data: Weather data is empty.. Retrying fetch in 10 seconds.
2026-09-01 17:08:57,384 [WARNING] [MainThread] [root/weather.py:610]: Error processing weather data: Weather data is empty.. Retrying fetch in 10 seconds.
2026-09-01 17:08:57,388 [WARNING] [MainThread] [root/weather.py:610]: Error processing weather data: Weather data is empty.. Retrying fetch in 10 seconds.
2026-09-01 17:08:57,392 [ERROR] [MainThread] [root/api.py:84]: Weather response error 403: API key has reached maximum calls per month allowed limit.
2026-09-01 17:08:57,407 [ERROR] [MainThread] [root/api.py:84]: Weather response error 403: API key has reached maximum calls per month allowed limit.
2026-09-01 17:09:07,527 [ERROR] [MainThread] [root/api.py:84]: Weather response error 403: API key has reached maximum calls per month allowed limit.
2026-09-01 17:09:07,527 [WARNING] [MainThread] [root/weather.py:610]: Error processing weather data: Weather data is empty.. Retrying fetch in 10 seconds.
2026-09-01 17:09:07,531 [WARNING] [MainThread] [root/weather.py:610]: Error processing weather data: Weather data is empty.. Retrying fetch in 10 seconds.
2026-09-01 17:09:07,535 [WARNING] [MainThread] [root/weather.py:610]: Error processing weather data: Weather data is empty.. Retrying fetch in 10 seconds.
2026-09-01 17:09:07,540 [ERROR] [MainThread] [root/api.py:84]: Weather response error 403: API key has reached maximum calls per month allowed limit.
2026-09-01 17:09:07,552 [ERROR] [MainThread] [root/api.py:84]: Weather response error 403: API key has reached maximum calls per month allowed limit.
2026-09-01 17:09:17,668 [ERROR] [MainThread] [root/api.py:84]: Weather response error 403: API key has reached maximum calls per month allowed limit.
2026-09-01 17:09:17,668 [WARNING] [MainThread] [root/weather.py:610]: Error processing weather data: Weather data is empty.. Retrying fetch in 10 seconds.
2026-09-01 17:09:17,672 [WARNING] [MainThread] [root/weather.py:610]: Error processing weather data: Weather data is empty.. Retrying fetch in 10 seconds.
2026-09-01 17:09:17,677 [WARNING] [MainThread] [root/weather.py:610]: Error processing weather data: Weather data is empty.. Retrying fetch in 10 seconds.
2026-09-01 17:09:17,682 [ERROR] [MainThread] [root/api.py:84]: Weather response error 403: API key has reached maximum calls per month allowed limit.
2026-09-01 17:09:17,696 [ERROR] [MainThread] [root/api.py:84]: Weather response error 403: API key has reached maximum calls per month allowed limit.
2026-09-01 17:09:27,799 [ERROR] [MainThread] [root/api.py:84]: Weather response error 403: API key has reached maximum calls per month allowed limit.
2026-09-01 17:09:27,799 [WARNING] [MainThread] [root/weather.py:610]: Error processing weather data: Weather data is empty.. Retrying fetch in 10 seconds.
2026-09-01 17:09:27,804 [WARNING] [MainThread] [root/weather.py:610]: Error processing weather data: Weather data is empty.. Retrying fetch in 10 seconds.
2026-09-01 17:09:27,808 [WARNING] [MainThread] [root/weather.py:610]: Error processing weather data: Weather data is empty.. Retrying fetch in 10 seconds.
2026-09-01 17:09:27,812 [ERROR] [MainThread] [root/api.py:84]: Weather response error 403: API key has reached maximum calls per month allowed limit.
2026-09-01 17:09:27,824 [ERROR] [MainThread] [root/api.py:84]: Weather response error 403: API key has reached maximum calls per month allowed limit.
2026-09-01 17:09:38,019 [ERROR] [MainThread] [root/api.py:84]: Weather response error 403: API key has reached maximum calls per month allowed limit.
2026-09-01 17:09:38,019 [WARNING] [MainThread] [root/weather.py:610]: Error processing weather data: Weather data is empty.. Retrying fetch in 10 seconds.
2026-09-01 17:09:38,023 [WARNING] [MainThread] [root/weather.py:610]: Error processing weather data: Weather data is empty.. Retrying fetch in 10 seconds.
2026-09-01 17:09:38,028 [WARNING] [MainThread] [root/weather.py:610]: Error processing weather data: Weather data is empty.. Retrying fetch in 10 seconds.
2026-09-01 17:09:38,032 [ERROR] [MainThread] [root/api.py:84]: Weather response error 403: API key has reached maximum calls per month allowed limit.
2026-09-01 17:09:38,047 [ERROR] [MainThread] [root/api.py:84]: Weather response error 403: API key has reached maximum calls per month allowed limit.
2026-09-01 17:09:48,149 [ERROR] [MainThread] [root/api.py:84]: Weather response error 403: API key has reached maximum calls per month allowed limit.
2026-09-01 17:09:48,149 [WARNING] [MainThread] [root/weather.py:610]: Error processing weather data: Weather data is empty.. Retrying fetch in 10 seconds.
2026-09-01 17:09:48,154 [WARNING] [MainThread] [root/weather.py:610]: Error processing weather data: Weather data is empty.. Retrying fetch in 10 seconds.
2026-09-01 17:09:48,158 [WARNING] [MainThread] [root/weather.py:610]: Error processing weather data: Weather data is empty.. Retrying fetch in 10 seconds.
2026-09-01 17:09:48,162 [ERROR] [MainThread] [root/api.py:84]: Weather response error 403: API key has reached maximum calls per month allowed limit.
2026-09-01 17:09:48,188 [ERROR] [MainThread] [root/api.py:84]: Weather response error 403: API key has reached maximum calls per month allowed limit.
2026-09-01 17:09:58,277 [ERROR] [MainThread] [root/api.py:84]: Weather response error 403: API key has reached maximum calls per month allowed limit.
2026-09-01 17:09:58,277 [WARNING] [MainThread] [root/weather.py:610]: Error processing weather data: Weather data is empty.. Retrying fetch in 10 seconds.
2026-09-01 17:09:58,282 [WARNING] [MainThread] [root/weather.py:610]: Error processing weather data: Weather data is empty.. Retrying fetch in 10 seconds.
2026-09-01 17:09:58,286 [WARNING] [MainThread] [root/weather.py:610]: Error processing weather data: Weather data is empty.. Retrying fetch in 10 seconds.
2026-09-01 17:09:58,290 [ERROR] [MainThread] [root/api.py:84]: Weather response error 403: API key has reached maximum calls per month allowed limit.
2026-09-01 17:09:58,302 [ERROR] [MainThread] [root/api.py:84]: Weather response error 403: API key has reached maximum calls per month allowed limit.
2026-09-01 17:10:08,413 [ERROR] [MainThread] [root/api.py:84]: Weather response error 403: API key has reached maximum calls per month allowed limit.
2026-09-01 17:10:08,413 [WARNING] [MainThread] [root/weather.py:610]: Error processing weather data: Weather data is empty.. Retrying fetch in 10 seconds.
2026-09-01 17:10:08,417 [WARNING] [MainThread] [root/weather.py:610]: Error processing weather data: Weather data is empty.. Retrying fetch in 10 seconds.
2026-09-01 17:10:08,422 [WARNING] [MainThread] [root/weather.py:610]: Error processing weather data: Weather data is empty.. Retrying fetch in 10 seconds.
2026-09-01 17:10:08,426 [ERROR] [MainThread] [root/api.py:84]: Weather response error 403: API key has reached maximum calls per month allowed limit.
2026-09-01 17:10:08,440 [ERROR] [MainThread] [root/api.py:84]: Weather response error 403: API key has reached maximum calls per month allowed limit.
2026-09-01 17:10:18,544 [ERROR] [MainThread] [root/api.py:84]: Weather response error 403: API key has reached maximum calls per month allowed limit.
2026-09-01 17:10:18,544 [WARNING] [MainThread] [root/weather.py:610]: Error processing weather data: Weather data is empty.. Retrying fetch in 10 seconds.
2026-09-01 17:10:18,549 [WARNING] [MainThread] [root/weather.py:610]: Error processing weather data: Weather data is empty.. Retrying fetch in 10 seconds.
2026-09-01 17:10:18,553 [WARNING] [MainThread] [root/weather.py:610]: Error processing weather data: Weather data is empty.. Retrying fetch in 10 seconds.
2026-09-01 17:10:18,557 [ERROR] [MainThread] [root/api.py:84]: Weather response error 403: API key has reached maximum calls per month allowed limit.
2026-09-01 17:10:18,570 [ERROR] [MainThread] [root/api.py:84]: Weather response error 403: API key has reached maximum calls per month allowed limit.
2026-09-01 17:10:28,671 [ERROR] [MainThread] [root/api.py:84]: Weather response error 403: API key has reached maximum calls per month allowed limit.
2026-09-01 17:10:28,671 [WARNING] [MainThread] [root/weather.py:610]: Error processing weather data: Weather data is empty.. Retrying fetch in 10 seconds.
2026-09-01 17:10:28,676 [WARNING] [MainThread] [root/weather.py:610]: Error processing weather data: Weather data is empty.. Retrying fetch in 10 seconds.
2026-09-01 17:10:28,680 [WARNING] [MainThread] [root/weather.py:610]: Error processing weather data: Weather data is empty.. Retrying fetch in 10 seconds.
2026-09-01 17:10:28,684 [ERROR] [MainThread] [root/api.py:84]: Weather response error 403: API key has reached maximum calls per month allowed limit.
2026-09-01 17:10:28,699 [ERROR] [MainThread] [root/api.py:84]: Weather response error 403: API key has reached maximum calls per month allowed limit.
2026-09-01 17:10:38,804 [ERROR] [MainThread] [root/api.py:84]: Weather response error 403: API key has reached maximum calls per month allowed limit.
2026-09-01 17:10:38,804 [WARNING] [MainThread] [root/weather.py:610]: Error processing weather data: Weather data is empty.. Retrying fetch in 10 seconds.
2026-09-01 17:10:38,809 [WARNING] [MainThread] [root/weather.py:610]: Error processing weather data: Weather data is empty.. Retrying fetch in 10 seconds.
2026-09-01 17:10:38,813 [WARNING] [MainThread] [root/weather.py:610]: Error processing weather data: Weather data is empty.. Retrying fetch in 10 seconds.
2026-09-01 17:10:38,820 [ERROR] [MainThread] [root/api.py:84]: Weather response error 403: API key has reached maximum calls per month allowed limit.
2026-09-01 17:10:38,845 [ERROR] [MainThread] [root/api.py:84]: Weather response error 403: API key has reached maximum calls per month allowed limit.
2026-09-01 17:10:48,941 [ERROR] [MainThread] [root/api.py:84]: Weather response error 403: API key has reached maximum calls per month allowed limit.
2026-09-01 17:10:48,942 [WARNING] [MainThread] [root/weather.py:610]: Error processing weather data: Weather data is empty.. Retrying fetch in 10 seconds.
2026-09-01 17:10:48,946 [WARNING] [MainThread] [root/weather.py:610]: Error processing weather data: Weather data is empty.. Retrying fetch in 10 seconds.
2026-09-01 17:10:48,950 [WARNING] [MainThread] [root/weather.py:610]: Error processing weather data: Weather data is empty.. Retrying fetch in 10 seconds.
2026-09-01 17:10:48,954 [ERROR] [MainThread] [root/api.py:84]: Weather response error 403: API key has reached maximum calls per month allowed limit.
2026-09-01 17:10:48,983 [ERROR] [MainThread] [root/api.py:84]: Weather response error 403: API key has reached maximum calls per month allowed limit.
2026-09-01 17:10:59,088 [ERROR] [MainThread] [root/api.py:84]: Weather response error 403: API key has reached maximum calls per month allowed limit.
2026-09-01 17:10:59,088 [WARNING] [MainThread] [root/weather.py:610]: Error processing weather data: Weather data is empty.. Retrying fetch in 10 seconds.
2026-09-01 17:10:59,092 [WARNING] [MainThread] [root/weather.py:610]: Error processing weather data: Weather data is empty.. Retrying fetch in 10 seconds.
2026-09-01 17:10:59,097 [WARNING] [MainThread] [root/weather.py:610]: Error processing weather data: Weather data is empty.. Retrying fetch in 10 seconds.
2026-09-01 17:10:59,157 [ERROR] [MainThread] [root/api.py:84]: Weather response error 403: API key has reached maximum calls per month allowed limit.
2026-09-01 17:10:59,179 [ERROR] [MainThread] [root/api.py:84]: Weather response error 403: API key has reached maximum calls per month allowed limit.
2026-09-01 17:11:09,228 [ERROR] [MainThread] [root/api.py:84]: Weather response error 403: API key has reached maximum calls per month allowed limit.
2026-09-01 17:11:09,228 [WARNING] [MainThread] [root/weather.py:610]: Error processing weather data: Weather data is empty.. Retrying fetch in 10 seconds.
2026-09-01 17:11:09,233 [WARNING] [MainThread] [root/weather.py:610]: Error processing weather data: Weather data is empty.. Retrying fetch in 10 seconds.
2026-09-01 17:11:09,237 [WARNING] [MainThread] [root/weather.py:610]: Error processing weather data: Weather data is empty.. Retrying fetch in 10 seconds.
2026-09-01 17:11:09,242 [ERROR] [MainThread] [root/api.py:84]: Weather response error 403: API key has reached maximum calls per month allowed limit.
2026-09-01 17:11:09,254 [ERROR] [MainThread] [root/api.py:84]: Weather response error 403: API key has reached maximum calls per month allowed limit.
2026-09-01 17:11:19,360 [ERROR] [MainThread] [root/api.py:84]: Weather response error 403: API key has reached maximum calls per month allowed limit.
2026-09-01 17:11:19,360 [WARNING] [MainThread] [root/weather.py:610]: Error processing weather data: Weather data is empty.. Retrying fetch in 10 seconds.
2026-09-01 17:11:19,364 [WARNING] [MainThread] [root/weather.py:610]: Error processing weather data: Weather data is empty.. Retrying fetch in 10 seconds.
2026-09-01 17:11:19,369 [WARNING] [MainThread] [root/weather.py:610]: Error processing weather data: Weather data is empty.. Retrying fetch in 10 seconds.
2026-09-01 17:11:19,373 [ERROR] [MainThread] [root/api.py:84]: Weather response error 403: API key has reached maximum calls per month allowed limit.
2026-09-01 17:11:19,385 [ERROR] [MainThread] [root/api.py:84]: Weather response error 403: API key has reached maximum calls per month allowed limit.
2026-09-01 17:11:29,480 [ERROR] [MainThread] [root/api.py:84]: Weather response error 403: API key has reached maximum calls per month allowed limit.
2026-09-01 17:11:29,481 [WARNING] [MainThread] [root/weather.py:610]: Error processing weather data: Weather data is empty.. Retrying fetch in 10 seconds.
2026-09-01 17:11:29,485 [WARNING] [MainThread] [root/weather.py:610]: Error processing weather data: Weather data is empty.. Retrying fetch in 10 seconds.
2026-09-01 17:11:29,489 [WARNING] [MainThread] [root/weather.py:610]: Error processing weather data: Weather data is empty.. Retrying fetch in 10 seconds.
2026-09-01 17:11:29,494 [ERROR] [MainThread] [root/api.py:84]: Weather response error 403: API key has reached maximum calls per month allowed limit.
2026-09-01 17:11:29,510 [ERROR] [MainThread] [root/api.py:84]: Weather response error 403: API key has reached maximum calls per month allowed limit.
2026-09-01 17:11:39,628 [ERROR] [MainThread] [root/api.py:84]: Weather response error 403: API key has reached maximum calls per month allowed limit.
2026-09-01 17:11:39,628 [WARNING] [MainThread] [root/weather.py:610]: Error processing weather data: Weather data is empty.. Retrying fetch in 10 seconds.
2026-09-01 17:11:39,632 [WARNING] [MainThread] [root/weather.py:610]: Error processing weather data: Weather data is empty.. Retrying fetch in 10 seconds.
2026-09-01 17:11:39,637 [WARNING] [MainThread] [root/weather.py:610]: Error processing weather data: Weather data is empty.. Retrying fetch in 10 seconds.
2026-09-01 17:11:39,641 [ERROR] [MainThread] [root/api.py:84]: Weather response error 403: API key has reached maximum calls per month allowed limit.
2026-09-01 17:11:39,653 [ERROR] [MainThread] [root/api.py:84]: Weather response error 403: API key has reached maximum calls per month allowed limit.
2026-09-01 17:11:49,771 [ERROR] [MainThread] [root/api.py:84]: Weather response error 403: API key has reached maximum calls per month allowed limit.
2026-09-01 17:11:49,771 [WARNING] [MainThread] [root/weather.py:610]: Error processing weather data: Weather data is empty.. Retrying fetch in 10 seconds.
2026-09-01 17:11:49,775 [WARNING] [MainThread] [root/weather.py:610]: Error processing weather data: Weather data is empty.. Retrying fetch in 10 seconds.
2026-09-01 17:11:49,780 [WARNING] [MainThread] [root/weather.py:610]: Error processing weather data: Weather data is empty.. Retrying fetch in 10 seconds.
2026-09-01 17:11:49,788 [ERROR] [MainThread] [root/api.py:84]: Weather response error 403: API key has reached maximum calls per month allowed limit.
2026-09-01 17:11:49,800 [ERROR] [MainThread] [root/api.py:84]: Weather response error 403: API key has reached maximum calls per month allowed limit.
2026-09-01 17:11:59,909 [ERROR] [MainThread] [root/api.py:84]: Weather response error 403: API key has reached maximum calls per month allowed limit.
2026-09-01 17:11:59,909 [WARNING] [MainThread] [root/weather.py:610]: Error processing weather data: Weather data is empty.. Retrying fetch in 10 seconds.
2026-09-01 17:11:59,914 [WARNING] [MainThread] [root/weather.py:610]: Error processing weather data: Weather data is empty.. Retrying fetch in 10 seconds.
2026-09-01 17:11:59,918 [WARNING] [MainThread] [root/weather.py:610]: Error processing weather data: Weather data is empty.. Retrying fetch in 10 seconds.
2026-09-01 17:11:59,924 [ERROR] [MainThread] [root/api.py:84]: Weather response error 403: API key has reached maximum calls per month allowed limit.
2026-09-01 17:12:00,012 [ERROR] [MainThread] [root/api.py:84]: Weather response error 403: API key has reached maximum calls per month allowed limit.
2026-09-01 17:12:10,048 [ERROR] [MainThread] [root/api.py:86]: Weather response error 408: UnknownContentError 299.
Traceback (most recent call last):
  File "D:\a\yasb\yasb\src\core\utils\widgets\weather\api.py", line 80, in handle_response
Exception: Weather response error 408: UnknownContentError 299.

2026-09-01 17:12:10,049 [WARNING] [MainThread] [root/weather.py:610]: Error processing weather data: Weather data is empty.. Retrying fetch in 10 seconds.
2026-09-01 17:12:10,053 [WARNING] [MainThread] [root/weather.py:610]: Error processing weather data: Weather data is empty.. Retrying fetch in 10 seconds.
2026-09-01 17:12:10,058 [WARNING] [MainThread] [root/weather.py:610]: Error processing weather data: Weather data is empty.. Retrying fetch in 10 seconds.
2026-09-01 17:12:10,062 [ERROR] [MainThread] [root/api.py:84]: Weather response error 403: API key has reached maximum calls per month allowed limit.
2026-09-01 17:12:10,157 [ERROR] [MainThread] [root/api.py:84]: Weather response error 403: API key has reached maximum calls per month allowed limit.
2026-09-01 17:12:20,198 [ERROR] [MainThread] [root/api.py:84]: Weather response error 403: API key has reached maximum calls per month allowed limit.
2026-09-01 17:12:20,198 [WARNING] [MainThread] [root/weather.py:610]: Error processing weather data: Weather data is empty.. Retrying fetch in 10 seconds.
2026-09-01 17:12:20,203 [WARNING] [MainThread] [root/weather.py:610]: Error processing weather data: Weather data is empty.. Retrying fetch in 10 seconds.
2026-09-01 17:12:20,207 [WARNING] [MainThread] [root/weather.py:610]: Error processing weather data: Weather data is empty.. Retrying fetch in 10 seconds.
2026-09-01 17:12:20,212 [ERROR] [MainThread] [root/api.py:84]: Weather response error 403: API key has reached maximum calls per month allowed limit.
2026-09-01 17:12:20,225 [ERROR] [MainThread] [root/api.py:84]: Weather response error 403: API key has reached maximum calls per month allowed limit.
2026-09-01 17:12:30,358 [ERROR] [MainThread] [root/api.py:84]: Weather response error 403: API key has reached maximum calls per month allowed limit.
2026-09-01 17:12:30,358 [WARNING] [MainThread] [root/weather.py:610]: Error processing weather data: Weather data is empty.. Retrying fetch in 10 seconds.
2026-09-01 17:12:30,363 [WARNING] [MainThread] [root/weather.py:610]: Error processing weather data: Weather data is empty.. Retrying fetch in 10 seconds.
2026-09-01 17:12:30,367 [WARNING] [MainThread] [root/weather.py:610]: Error processing weather data: Weather data is empty.. Retrying fetch in 10 seconds.
2026-09-01 17:12:30,371 [ERROR] [MainThread] [root/api.py:84]: Weather response error 403: API key has reached maximum calls per month allowed limit.
2026-09-01 17:12:30,386 [ERROR] [MainThread] [root/api.py:84]: Weather response error 403: API key has reached maximum calls per month allowed limit.
2026-09-01 17:12:40,518 [ERROR] [MainThread] [root/api.py:84]: Weather response error 403: API key has reached maximum calls per month allowed limit.
2026-09-01 17:12:40,519 [WARNING] [MainThread] [root/weather.py:610]: Error processing weather data: Weather data is empty.. Retrying fetch in 10 seconds.
2026-09-01 17:12:40,524 [WARNING] [MainThread] [root/weather.py:610]: Error processing weather data: Weather data is empty.. Retrying fetch in 10 seconds.
2026-09-01 17:12:40,529 [WARNING] [MainThread] [root/weather.py:610]: Error processing weather data: Weather data is empty.. Retrying fetch in 10 seconds.
2026-09-01 17:12:40,533 [ERROR] [MainThread] [root/api.py:84]: Weather response error 403: API key has reached maximum calls per month allowed limit.
2026-09-01 17:12:40,547 [ERROR] [MainThread] [root/api.py:84]: Weather response error 403: API key has reached maximum calls per month allowed limit.
2026-09-01 17:12:50,652 [ERROR] [MainThread] [root/api.py:84]: Weather response error 403: API key has reached maximum calls per month allowed limit.
2026-09-01 17:12:50,652 [WARNING] [MainThread] [root/weather.py:610]: Error processing weather data: Weather data is empty.. Retrying fetch in 10 seconds.
2026-09-01 17:12:50,656 [WARNING] [MainThread] [root/weather.py:610]: Error processing weather data: Weather data is empty.. Retrying fetch in 10 seconds.
2026-09-01 17:12:50,660 [WARNING] [MainThread] [root/weather.py:610]: Error processing weather data: Weather data is empty.. Retrying fetch in 10 seconds.
2026-09-01 17:12:50,667 [ERROR] [MainThread] [root/api.py:84]: Weather response error 403: API key has reached maximum calls per month allowed limit.
2026-09-01 17:12:50,681 [ERROR] [MainThread] [root/api.py:84]: Weather response error 403: API key has reached maximum calls per month allowed limit.
2026-09-01 17:12:52,816 [ERROR] [MainThread] [root/api.py:84]: Weather response error 403: API key has reached maximum calls per month allowed limit.
2026-09-01 17:13:00,805 [ERROR] [MainThread] [root/api.py:84]: Weather response error 403: API key has reached maximum calls per month allowed limit.
2026-09-01 17:13:00,805 [WARNING] [MainThread] [root/weather.py:610]: Error processing weather data: Weather data is empty.. Retrying fetch in 10 seconds.
2026-09-01 17:13:00,810 [WARNING] [MainThread] [root/weather.py:610]: Error processing weather data: Weather data is empty.. Retrying fetch in 10 seconds.
2026-09-01 17:13:00,814 [WARNING] [MainThread] [root/weather.py:610]: Error processing weather data: Weather data is empty.. Retrying fetch in 10 seconds.
2026-09-01 17:13:00,973 [ERROR] [MainThread] [root/api.py:84]: Weather response error 403: API key has reached maximum calls per month allowed limit.
2026-09-01 17:13:01,071 [ERROR] [MainThread] [root/api.py:84]: Weather response error 403: API key has reached maximum calls per month allowed limit.
2026-09-01 17:13:10,950 [ERROR] [MainThread] [root/api.py:84]: Weather response error 403: API key has reached maximum calls per month allowed limit.
2026-09-01 17:13:10,951 [WARNING] [MainThread] [root/weather.py:610]: Error processing weather data: Weather data is empty.. Retrying fetch in 10 seconds.
2026-09-01 17:13:10,955 [WARNING] [MainThread] [root/weather.py:610]: Error processing weather data: Weather data is empty.. Retrying fetch in 10 seconds.
2026-09-01 17:13:10,960 [WARNING] [MainThread] [root/weather.py:610]: Error processing weather data: Weather data is empty.. Retrying fetch in 10 seconds.
2026-09-01 17:13:10,965 [ERROR] [MainThread] [root/api.py:84]: Weather response error 403: API key has reached maximum calls per month allowed limit.
2026-09-01 17:13:10,978 [ERROR] [MainThread] [root/api.py:84]: Weather response error 403: API key has reached maximum calls per month allowed limit.
2026-09-01 17:13:21,096 [ERROR] [MainThread] [root/api.py:84]: Weather response error 403: API key has reached maximum calls per month allowed limit.
2026-09-01 17:13:21,097 [WARNING] [MainThread] [root/weather.py:610]: Error processing weather data: Weather data is empty.. Retrying fetch in 10 seconds.
2026-09-01 17:13:21,101 [WARNING] [MainThread] [root/weather.py:610]: Error processing weather data: Weather data is empty.. Retrying fetch in 10 seconds.
2026-09-01 17:13:21,105 [WARNING] [MainThread] [root/weather.py:610]: Error processing weather data: Weather data is empty.. Retrying fetch in 10 seconds.
2026-09-01 17:13:21,110 [ERROR] [MainThread] [root/api.py:84]: Weather response error 403: API key has reached maximum calls per month allowed limit.
2026-09-01 17:13:21,124 [ERROR] [MainThread] [root/api.py:84]: Weather response error 403: API key has reached maximum calls per month allowed limit.
2026-09-01 17:13:31,251 [ERROR] [MainThread] [root/api.py:84]: Weather response error 403: API key has reached maximum calls per month allowed limit.
2026-09-01 17:13:31,251 [WARNING] [MainThread] [root/weather.py:610]: Error processing weather data: Weather data is empty.. Retrying fetch in 10 seconds.
2026-09-01 17:13:31,256 [WARNING] [MainThread] [root/weather.py:610]: Error processing weather data: Weather data is empty.. Retrying fetch in 10 seconds.
2026-09-01 17:13:31,260 [WARNING] [MainThread] [root/weather.py:610]: Error processing weather data: Weather data is empty.. Retrying fetch in 10 seconds.
2026-09-01 17:13:31,264 [ERROR] [MainThread] [root/api.py:84]: Weather response error 403: API key has reached maximum calls per month allowed limit.
2026-09-01 17:13:31,277 [ERROR] [MainThread] [root/api.py:84]: Weather response error 403: API key has reached maximum calls per month allowed limit.
2026-09-01 17:13:41,441 [ERROR] [MainThread] [root/api.py:84]: Weather response error 403: API key has reached maximum calls per month allowed limit.
2026-09-01 17:13:41,442 [WARNING] [MainThread] [root/weather.py:610]: Error processing weather data: Weather data is empty.. Retrying fetch in 10 seconds.
2026-09-01 17:13:41,446 [WARNING] [MainThread] [root/weather.py:610]: Error processing weather data: Weather data is empty.. Retrying fetch in 10 seconds.
2026-09-01 17:13:41,451 [WARNING] [MainThread] [root/weather.py:610]: Error processing weather data: Weather data is empty.. Retrying fetch in 10 seconds.
2026-09-01 17:13:41,455 [ERROR] [MainThread] [root/api.py:84]: Weather response error 403: API key has reached maximum calls per month allowed limit.
2026-09-01 17:13:41,469 [ERROR] [MainThread] [root/api.py:84]: Weather response error 403: API key has reached maximum calls per month allowed limit.
2026-09-01 17:13:51,575 [ERROR] [MainThread] [root/api.py:84]: Weather response error 403: API key has reached maximum calls per month allowed limit.
2026-09-01 17:13:51,576 [WARNING] [MainThread] [root/weather.py:610]: Error processing weather data: Weather data is empty.. Retrying fetch in 10 seconds.
2026-09-01 17:13:51,580 [WARNING] [MainThread] [root/weather.py:610]: Error processing weather data: Weather data is empty.. Retrying fetch in 10 seconds.
2026-09-01 17:13:51,585 [WARNING] [MainThread] [root/weather.py:610]: Error processing weather data: Weather data is empty.. Retrying fetch in 10 seconds.
2026-09-01 17:13:51,592 [ERROR] [MainThread] [root/api.py:84]: Weather response error 403: API key has reached maximum calls per month allowed limit.
2026-09-01 17:13:51,678 [ERROR] [MainThread] [root/api.py:84]: Weather response error 403: API key has reached maximum calls per month allowed limit.
2026-09-01 17:14:01,731 [ERROR] [MainThread] [root/api.py:84]: Weather response error 403: API key has reached maximum calls per month allowed limit.
2026-09-01 17:14:01,731 [WARNING] [MainThread] [root/weather.py:610]: Error processing weather data: Weather data is empty.. Retrying fetch in 10 seconds.
2026-09-01 17:14:01,736 [WARNING] [MainThread] [root/weather.py:610]: Error processing weather data: Weather data is empty.. Retrying fetch in 10 seconds.
2026-09-01 17:14:01,740 [WARNING] [MainThread] [root/weather.py:610]: Error processing weather data: Weather data is empty.. Retrying fetch in 10 seconds.
2026-09-01 17:14:01,744 [ERROR] [MainThread] [root/api.py:84]: Weather response error 403: API key has reached maximum calls per month allowed limit.
2026-09-01 17:14:01,757 [ERROR] [MainThread] [root/api.py:84]: Weather response error 403: API key has reached maximum calls per month allowed limit.
2026-09-01 17:14:11,879 [ERROR] [MainThread] [root/api.py:84]: Weather response error 403: API key has reached maximum calls per month allowed limit.
2026-09-01 17:14:11,879 [WARNING] [MainThread] [root/weather.py:610]: Error processing weather data: Weather data is empty.. Retrying fetch in 10 seconds.
2026-09-01 17:14:11,884 [WARNING] [MainThread] [root/weather.py:610]: Error processing weather data: Weather data is empty.. Retrying fetch in 10 seconds.
2026-09-01 17:14:11,888 [WARNING] [MainThread] [root/weather.py:610]: Error processing weather data: Weather data is empty.. Retrying fetch in 10 seconds.
2026-09-01 17:14:11,893 [ERROR] [MainThread] [root/api.py:84]: Weather response error 403: API key has reached maximum calls per month allowed limit.
2026-09-01 17:14:11,983 [ERROR] [MainThread] [root/api.py:84]: Weather response error 403: API key has reached maximum calls per month allowed limit.
2026-09-01 17:14:22,016 [ERROR] [MainThread] [root/api.py:84]: Weather response error 403: API key has reached maximum calls per month allowed limit.
2026-09-01 17:14:22,016 [WARNING] [MainThread] [root/weather.py:610]: Error processing weather data: Weather data is empty.. Retrying fetch in 10 seconds.
2026-09-01 17:14:22,021 [WARNING] [MainThread] [root/weather.py:610]: Error processing weather data: Weather data is empty.. Retrying fetch in 10 seconds.
2026-09-01 17:14:22,025 [WARNING] [MainThread] [root/weather.py:610]: Error processing weather data: Weather data is empty.. Retrying fetch in 10 seconds.
2026-09-01 17:14:22,034 [ERROR] [MainThread] [root/api.py:84]: Weather response error 403: API key has reached maximum calls per month allowed limit.
2026-09-01 17:14:22,047 [ERROR] [MainThread] [root/api.py:84]: Weather response error 403: API key has reached maximum calls per month allowed limit.
2026-09-01 17:14:32,161 [ERROR] [MainThread] [root/api.py:84]: Weather response error 403: API key has reached maximum calls per month allowed limit.
2026-09-01 17:14:32,161 [WARNING] [MainThread] [root/weather.py:610]: Error processing weather data: Weather data is empty.. Retrying fetch in 10 seconds.
2026-09-01 17:14:32,166 [WARNING] [MainThread] [root/weather.py:610]: Error processing weather data: Weather data is empty.. Retrying fetch in 10 seconds.
2026-09-01 17:14:32,170 [WARNING] [MainThread] [root/weather.py:610]: Error processing weather data: Weather data is empty.. Retrying fetch in 10 seconds.
2026-09-01 17:14:32,181 [ERROR] [MainThread] [root/api.py:84]: Weather response error 403: API key has reached maximum calls per month allowed limit.
2026-09-01 17:14:32,289 [ERROR] [MainThread] [root/api.py:84]: Weather response error 403: API key has reached maximum calls per month allowed limit.
2026-09-01 17:14:42,299 [ERROR] [MainThread] [root/api.py:84]: Weather response error 403: API key has reached maximum calls per month allowed limit.
2026-09-01 17:14:42,299 [WARNING] [MainThread] [root/weather.py:610]: Error processing weather data: Weather data is empty.. Retrying fetch in 10 seconds.
2026-09-01 17:14:42,304 [WARNING] [MainThread] [root/weather.py:610]: Error processing weather data: Weather data is empty.. Retrying fetch in 10 seconds.
2026-09-01 17:14:42,308 [WARNING] [MainThread] [root/weather.py:610]: Error processing weather data: Weather data is empty.. Retrying fetch in 10 seconds.
2026-09-01 17:14:42,318 [ERROR] [MainThread] [root/api.py:84]: Weather response error 403: API key has reached maximum calls per month allowed limit.
2026-09-01 17:14:42,331 [ERROR] [MainThread] [root/api.py:84]: Weather response error 403: API key has reached maximum calls per month allowed limit.
2026-09-01 17:14:52,437 [ERROR] [MainThread] [root/api.py:84]: Weather response error 403: API key has reached maximum calls per month allowed limit.
2026-09-01 17:14:52,437 [WARNING] [MainThread] [root/weather.py:610]: Error processing weather data: Weather data is empty.. Retrying fetch in 10 seconds.
2026-09-01 17:14:52,442 [WARNING] [MainThread] [root/weather.py:610]: Error processing weather data: Weather data is empty.. Retrying fetch in 10 seconds.
2026-09-01 17:14:52,446 [WARNING] [MainThread] [root/weather.py:610]: Error processing weather data: Weather data is empty.. Retrying fetch in 10 seconds.
2026-09-01 17:14:52,451 [ERROR] [MainThread] [root/api.py:84]: Weather response error 403: API key has reached maximum calls per month allowed limit.
2026-09-01 17:14:52,465 [ERROR] [MainThread] [root/api.py:84]: Weather response error 403: API key has reached maximum calls per month allowed limit.
2026-09-01 17:15:02,591 [ERROR] [MainThread] [root/api.py:84]: Weather response error 403: API key has reached maximum calls per month allowed limit.
2026-09-01 17:15:02,591 [WARNING] [MainThread] [root/weather.py:610]: Error processing weather data: Weather data is empty.. Retrying fetch in 10 seconds.
2026-09-01 17:15:02,596 [WARNING] [MainThread] [root/weather.py:610]: Error processing weather data: Weather data is empty.. Retrying fetch in 10 seconds.
2026-09-01 17:15:02,600 [WARNING] [MainThread] [root/weather.py:610]: Error processing weather data: Weather data is empty.. Retrying fetch in 10 seconds.
2026-09-01 17:15:02,604 [ERROR] [MainThread] [root/api.py:84]: Weather response error 403: API key has reached maximum calls per month allowed limit.
2026-09-01 17:15:02,618 [ERROR] [MainThread] [root/api.py:84]: Weather response error 403: API key has reached maximum calls per month allowed limit.
2026-09-01 17:15:12,734 [ERROR] [MainThread] [root/api.py:84]: Weather response error 403: API key has reached maximum calls per month allowed limit.
2026-09-01 17:15:12,734 [WARNING] [MainThread] [root/weather.py:610]: Error processing weather data: Weather data is empty.. Retrying fetch in 10 seconds.
2026-09-01 17:15:12,739 [WARNING] [MainThread] [root/weather.py:610]: Error processing weather data: Weather data is empty.. Retrying fetch in 10 seconds.
2026-09-01 17:15:12,743 [WARNING] [MainThread] [root/weather.py:610]: Error processing weather data: Weather data is empty.. Retrying fetch in 10 seconds.
2026-09-01 17:15:12,747 [ERROR] [MainThread] [root/api.py:84]: Weather response error 403: API key has reached maximum calls per month allowed limit.
2026-09-01 17:15:12,760 [ERROR] [MainThread] [root/api.py:84]: Weather response error 403: API key has reached maximum calls per month allowed limit.
2026-09-01 17:15:22,876 [ERROR] [MainThread] [root/api.py:84]: Weather response error 403: API key has reached maximum calls per month allowed limit.
2026-09-01 17:15:22,877 [WARNING] [MainThread] [root/weather.py:610]: Error processing weather data: Weather data is empty.. Retrying fetch in 10 seconds.
2026-09-01 17:15:22,882 [WARNING] [MainThread] [root/weather.py:610]: Error processing weather data: Weather data is empty.. Retrying fetch in 10 seconds.
2026-09-01 17:15:22,887 [WARNING] [MainThread] [root/weather.py:610]: Error processing weather data: Weather data is empty.. Retrying fetch in 10 seconds.
2026-09-01 17:15:22,933 [ERROR] [MainThread] [root/api.py:84]: Weather response error 403: API key has reached maximum calls per month allowed limit.
2026-09-01 17:15:22,947 [ERROR] [MainThread] [root/api.py:84]: Weather response error 403: API key has reached maximum calls per month allowed limit.
2026-09-01 17:15:33,019 [ERROR] [MainThread] [root/api.py:84]: Weather response error 403: API key has reached maximum calls per month allowed limit.
2026-09-01 17:15:33,020 [WARNING] [MainThread] [root/weather.py:610]: Error processing weather data: Weather data is empty.. Retrying fetch in 10 seconds.
2026-09-01 17:15:33,024 [WARNING] [MainThread] [root/weather.py:610]: Error processing weather data: Weather data is empty.. Retrying fetch in 10 seconds.
2026-09-01 17:15:33,028 [WARNING] [MainThread] [root/weather.py:610]: Error processing weather data: Weather data is empty.. Retrying fetch in 10 seconds.
2026-09-01 17:15:33,036 [ERROR] [MainThread] [root/api.py:84]: Weather response error 403: API key has reached maximum calls per month allowed limit.
2026-09-01 17:15:33,049 [ERROR] [MainThread] [root/api.py:84]: Weather response error 403: API key has reached maximum calls per month allowed limit.
2026-09-01 17:15:43,160 [ERROR] [MainThread] [root/api.py:84]: Weather response error 403: API key has reached maximum calls per month allowed limit.
2026-09-01 17:15:43,161 [WARNING] [MainThread] [root/weather.py:610]: Error processing weather data: Weather data is empty.. Retrying fetch in 10 seconds.
2026-09-01 17:15:43,165 [WARNING] [MainThread] [root/weather.py:610]: Error processing weather data: Weather data is empty.. Retrying fetch in 10 seconds.
2026-09-01 17:15:43,170 [WARNING] [MainThread] [root/weather.py:610]: Error processing weather data: Weather data is empty.. Retrying fetch in 10 seconds.
2026-09-01 17:15:43,175 [ERROR] [MainThread] [root/api.py:84]: Weather response error 403: API key has reached maximum calls per month allowed limit.
2026-09-01 17:15:43,266 [ERROR] [MainThread] [root/api.py:84]: Weather response error 403: API key has reached maximum calls per month allowed limit.
2026-09-01 17:15:53,308 [ERROR] [MainThread] [root/api.py:84]: Weather response error 403: API key has reached maximum calls per month allowed limit.
2026-09-01 17:15:53,309 [WARNING] [MainThread] [root/weather.py:610]: Error processing weather data: Weather data is empty.. Retrying fetch in 10 seconds.
2026-09-01 17:15:53,314 [WARNING] [MainThread] [root/weather.py:610]: Error processing weather data: Weather data is empty.. Retrying fetch in 10 seconds.
2026-09-01 17:15:53,319 [WARNING] [MainThread] [root/weather.py:610]: Error processing weather data: Weather data is empty.. Retrying fetch in 10 seconds.
2026-09-01 17:15:53,324 [ERROR] [MainThread] [root/api.py:84]: Weather response error 403: API key has reached maximum calls per month allowed limit.
2026-09-01 17:15:53,337 [ERROR] [MainThread] [root/api.py:84]: Weather response error 403: API key has reached maximum calls per month allowed limit.
2026-09-01 17:16:03,451 [ERROR] [MainThread] [root/api.py:84]: Weather response error 403: API key has reached maximum calls per month allowed limit.
2026-09-01 17:16:03,451 [WARNING] [MainThread] [root/weather.py:610]: Error processing weather data: Weather data is empty.. Retrying fetch in 10 seconds.
2026-09-01 17:16:03,456 [WARNING] [MainThread] [root/weather.py:610]: Error processing weather data: Weather data is empty.. Retrying fetch in 10 seconds.
2026-09-01 17:16:03,460 [WARNING] [MainThread] [root/weather.py:610]: Error processing weather data: Weather data is empty.. Retrying fetch in 10 seconds.
2026-09-01 17:16:03,465 [ERROR] [MainThread] [root/api.py:84]: Weather response error 403: API key has reached maximum calls per month allowed limit.
2026-09-01 17:16:03,478 [ERROR] [MainThread] [root/api.py:84]: Weather response error 403: API key has reached maximum calls per month allowed limit.
2026-09-01 17:16:13,593 [ERROR] [MainThread] [root/api.py:84]: Weather response error 403: API key has reached maximum calls per month allowed limit.
2026-09-01 17:16:13,593 [WARNING] [MainThread] [root/weather.py:610]: Error processing weather data: Weather data is empty.. Retrying fetch in 10 seconds.
2026-09-01 17:16:13,598 [WARNING] [MainThread] [root/weather.py:610]: Error processing weather data: Weather data is empty.. Retrying fetch in 10 seconds.
2026-09-01 17:16:13,602 [WARNING] [MainThread] [root/weather.py:610]: Error processing weather data: Weather data is empty.. Retrying fetch in 10 seconds.
2026-09-01 17:16:13,607 [ERROR] [MainThread] [root/api.py:84]: Weather response error 403: API key has reached maximum calls per month allowed limit.
2026-09-01 17:16:13,622 [ERROR] [MainThread] [root/api.py:84]: Weather response error 403: API key has reached maximum calls per month allowed limit.
2026-09-01 17:16:23,740 [ERROR] [MainThread] [root/api.py:84]: Weather response error 403: API key has reached maximum calls per month allowed limit.
2026-09-01 17:16:23,740 [WARNING] [MainThread] [root/weather.py:610]: Error processing weather data: Weather data is empty.. Retrying fetch in 10 seconds.
2026-09-01 17:16:23,745 [WARNING] [MainThread] [root/weather.py:610]: Error processing weather data: Weather data is empty.. Retrying fetch in 10 seconds.
2026-09-01 17:16:23,749 [WARNING] [MainThread] [root/weather.py:610]: Error processing weather data: Weather data is empty.. Retrying fetch in 10 seconds.
2026-09-01 17:16:23,754 [ERROR] [MainThread] [root/api.py:84]: Weather response error 403: API key has reached maximum calls per month allowed limit.
2026-09-01 17:16:23,769 [ERROR] [MainThread] [root/api.py:84]: Weather response error 403: API key has reached maximum calls per month allowed limit.
2026-09-01 17:16:33,882 [ERROR] [MainThread] [root/api.py:84]: Weather response error 403: API key has reached maximum calls per month allowed limit.
2026-09-01 17:16:33,883 [WARNING] [MainThread] [root/weather.py:610]: Error processing weather data: Weather data is empty.. Retrying fetch in 10 seconds.
2026-09-01 17:16:33,887 [WARNING] [MainThread] [root/weather.py:610]: Error processing weather data: Weather data is empty.. Retrying fetch in 10 seconds.
2026-09-01 17:16:33,892 [WARNING] [MainThread] [root/weather.py:610]: Error processing weather data: Weather data is empty.. Retrying fetch in 10 seconds.
2026-09-01 17:16:33,897 [ERROR] [MainThread] [root/api.py:84]: Weather response error 403: API key has reached maximum calls per month allowed limit.
2026-09-01 17:16:33,913 [ERROR] [MainThread] [root/api.py:84]: Weather response error 403: API key has reached maximum calls per month allowed limit.
2026-09-01 17:16:44,017 [ERROR] [MainThread] [root/api.py:84]: Weather response error 403: API key has reached maximum calls per month allowed limit.
2026-09-01 17:16:44,017 [WARNING] [MainThread] [root/weather.py:610]: Error processing weather data: Weather data is empty.. Retrying fetch in 10 seconds.
2026-09-01 17:16:44,022 [WARNING] [MainThread] [root/weather.py:610]: Error processing weather data: Weather data is empty.. Retrying fetch in 10 seconds.
2026-09-01 17:16:44,026 [WARNING] [MainThread] [root/weather.py:610]: Error processing weather data: Weather data is empty.. Retrying fetch in 10 seconds.
2026-09-01 17:16:44,040 [ERROR] [MainThread] [root/api.py:84]: Weather response error 403: API key has reached maximum calls per month allowed limit.
2026-09-01 17:16:44,054 [ERROR] [MainThread] [root/api.py:84]: Weather response error 403: API key has reached maximum calls per month allowed limit.
2026-09-01 17:16:54,166 [ERROR] [MainThread] [root/api.py:84]: Weather response error 403: API key has reached maximum calls per month allowed limit.
2026-09-01 17:16:54,166 [WARNING] [MainThread] [root/weather.py:610]: Error processing weather data: Weather data is empty.. Retrying fetch in 10 seconds.
2026-09-01 17:16:54,171 [WARNING] [MainThread] [root/weather.py:610]: Error processing weather data: Weather data is empty.. Retrying fetch in 10 seconds.
2026-09-01 17:16:54,175 [WARNING] [MainThread] [root/weather.py:610]: Error processing weather data: Weather data is empty.. Retrying fetch in 10 seconds.
2026-09-01 17:16:54,180 [ERROR] [MainThread] [root/api.py:84]: Weather response error 403: API key has reached maximum calls per month allowed limit.
2026-09-01 17:16:54,196 [ERROR] [MainThread] [root/api.py:84]: Weather response error 403: API key has reached maximum calls per month allowed limit.
2026-09-01 17:17:04,327 [ERROR] [MainThread] [root/api.py:84]: Weather response error 403: API key has reached maximum calls per month allowed limit.
2026-09-01 17:17:04,328 [WARNING] [MainThread] [root/weather.py:610]: Error processing weather data: Weather data is empty.. Retrying fetch in 10 seconds.
2026-09-01 17:17:04,332 [WARNING] [MainThread] [root/weather.py:610]: Error processing weather data: Weather data is empty.. Retrying fetch in 10 seconds.
2026-09-01 17:17:04,337 [WARNING] [MainThread] [root/weather.py:610]: Error processing weather data: Weather data is empty.. Retrying fetch in 10 seconds.
2026-09-01 17:17:04,345 [ERROR] [MainThread] [root/api.py:84]: Weather response error 403: API key has reached maximum calls per month allowed limit.
2026-09-01 17:17:04,492 [ERROR] [MainThread] [root/api.py:84]: Weather response error 403: API key has reached maximum calls per month allowed limit.
2026-09-01 17:17:14,472 [ERROR] [MainThread] [root/api.py:84]: Weather response error 403: API key has reached maximum calls per month allowed limit.
2026-09-01 17:17:14,472 [WARNING] [MainThread] [root/weather.py:610]: Error processing weather data: Weather data is empty.. Retrying fetch in 10 seconds.
2026-09-01 17:17:14,477 [WARNING] [MainThread] [root/weather.py:610]: Error processing weather data: Weather data is empty.. Retrying fetch in 10 seconds.
2026-09-01 17:17:14,481 [WARNING] [MainThread] [root/weather.py:610]: Error processing weather data: Weather data is empty.. Retrying fetch in 10 seconds.
2026-09-01 17:17:14,486 [ERROR] [MainThread] [root/api.py:84]: Weather response error 403: API key has reached maximum calls per month allowed limit.
2026-09-01 17:17:14,499 [ERROR] [MainThread] [root/api.py:84]: Weather response error 403: API key has reached maximum calls per month allowed limit.
2026-09-01 17:17:24,609 [ERROR] [MainThread] [root/api.py:84]: Weather response error 403: API key has reached maximum calls per month allowed limit.
2026-09-01 17:17:24,609 [WARNING] [MainThread] [root/weather.py:610]: Error processing weather data: Weather data is empty.. Retrying fetch in 10 seconds.
2026-09-01 17:17:24,614 [WARNING] [MainThread] [root/weather.py:610]: Error processing weather data: Weather data is empty.. Retrying fetch in 10 seconds.
2026-09-01 17:17:24,618 [WARNING] [MainThread] [root/weather.py:610]: Error processing weather data: Weather data is empty.. Retrying fetch in 10 seconds.
2026-09-01 17:17:24,623 [ERROR] [MainThread] [root/api.py:84]: Weather response error 403: API key has reached maximum calls per month allowed limit.
2026-09-01 17:17:24,637 [ERROR] [MainThread] [root/api.py:84]: Weather response error 403: API key has reached maximum calls per month allowed limit.
2026-09-01 17:17:34,749 [ERROR] [MainThread] [root/api.py:84]: Weather response error 403: API key has reached maximum calls per month allowed limit.
2026-09-01 17:17:34,749 [WARNING] [MainThread] [root/weather.py:610]: Error processing weather data: Weather data is empty.. Retrying fetch in 10 seconds.
2026-09-01 17:17:34,754 [WARNING] [MainThread] [root/weather.py:610]: Error processing weather data: Weather data is empty.. Retrying fetch in 10 seconds.
2026-09-01 17:17:34,758 [WARNING] [MainThread] [root/weather.py:610]: Error processing weather data: Weather data is empty.. Retrying fetch in 10 seconds.
2026-09-01 17:17:34,763 [ERROR] [MainThread] [root/api.py:84]: Weather response error 403: API key has reached maximum calls per month allowed limit.
2026-09-01 17:17:34,776 [ERROR] [MainThread] [root/api.py:84]: Weather response error 403: API key has reached maximum calls per month allowed limit.
2026-09-01 17:17:44,898 [ERROR] [MainThread] [root/api.py:84]: Weather response error 403: API key has reached maximum calls per month allowed limit.
2026-09-01 17:17:44,898 [WARNING] [MainThread] [root/weather.py:610]: Error processing weather data: Weather data is empty.. Retrying fetch in 10 seconds.
2026-09-01 17:17:44,903 [WARNING] [MainThread] [root/weather.py:610]: Error processing weather data: Weather data is empty.. Retrying fetch in 10 seconds.
2026-09-01 17:17:44,907 [WARNING] [MainThread] [root/weather.py:610]: Error processing weather data: Weather data is empty.. Retrying fetch in 10 seconds.
2026-09-01 17:17:44,912 [ERROR] [MainThread] [root/api.py:84]: Weather response error 403: API key has reached maximum calls per month allowed limit.
2026-09-01 17:17:44,926 [ERROR] [MainThread] [root/api.py:84]: Weather response error 403: API key has reached maximum calls per month allowed limit.
2026-09-01 17:17:55,043 [ERROR] [MainThread] [root/api.py:84]: Weather response error 403: API key has reached maximum calls per month allowed limit.
2026-09-01 17:17:55,043 [WARNING] [MainThread] [root/weather.py:610]: Error processing weather data: Weather data is empty.. Retrying fetch in 10 seconds.
2026-09-01 17:17:55,048 [WARNING] [MainThread] [root/weather.py:610]: Error processing weather data: Weather data is empty.. Retrying fetch in 10 seconds.
2026-09-01 17:17:55,052 [WARNING] [MainThread] [root/weather.py:610]: Error processing weather data: Weather data is empty.. Retrying fetch in 10 seconds.
2026-09-01 17:17:55,057 [ERROR] [MainThread] [root/api.py:84]: Weather response error 403: API key has reached maximum calls per month allowed limit.
2026-09-01 17:17:55,070 [ERROR] [MainThread] [root/api.py:84]: Weather response error 403: API key has reached maximum calls per month allowed limit.
2026-09-01 17:18:05,195 [ERROR] [MainThread] [root/api.py:84]: Weather response error 403: API key has reached maximum calls per month allowed limit.
2026-09-01 17:18:05,195 [WARNING] [MainThread] [root/weather.py:610]: Error processing weather data: Weather data is empty.. Retrying fetch in 10 seconds.
2026-09-01 17:18:05,200 [WARNING] [MainThread] [root/weather.py:610]: Error processing weather data: Weather data is empty.. Retrying fetch in 10 seconds.
2026-09-01 17:18:05,204 [WARNING] [MainThread] [root/weather.py:610]: Error processing weather data: Weather data is empty.. Retrying fetch in 10 seconds.
2026-09-01 17:18:05,209 [ERROR] [MainThread] [root/api.py:84]: Weather response error 403: API key has reached maximum calls per month allowed limit.
2026-09-01 17:18:05,222 [ERROR] [MainThread] [root/api.py:84]: Weather response error 403: API key has reached maximum calls per month allowed limit.
2026-09-01 17:18:15,342 [ERROR] [MainThread] [root/api.py:84]: Weather response error 403: API key has reached maximum calls per month allowed limit.
2026-09-01 17:18:15,343 [WARNING] [MainThread] [root/weather.py:610]: Error processing weather data: Weather data is empty.. Retrying fetch in 10 seconds.
2026-09-01 17:18:15,347 [WARNING] [MainThread] [root/weather.py:610]: Error processing weather data: Weather data is empty.. Retrying fetch in 10 seconds.
2026-09-01 17:18:15,352 [WARNING] [MainThread] [root/weather.py:610]: Error processing weather data: Weather data is empty.. Retrying fetch in 10 seconds.
2026-09-01 17:18:15,356 [ERROR] [MainThread] [root/api.py:84]: Weather response error 403: API key has reached maximum calls per month allowed limit.
2026-09-01 17:18:15,425 [ERROR] [MainThread] [root/api.py:84]: Weather response error 403: API key has reached maximum calls per month allowed limit.
2026-09-01 17:18:25,495 [ERROR] [MainThread] [root/api.py:84]: Weather response error 403: API key has reached maximum calls per month allowed limit.
2026-09-01 17:18:25,496 [WARNING] [MainThread] [root/weather.py:610]: Error processing weather data: Weather data is empty.. Retrying fetch in 10 seconds.
2026-09-01 17:18:25,500 [WARNING] [MainThread] [root/weather.py:610]: Error processing weather data: Weather data is empty.. Retrying fetch in 10 seconds.
2026-09-01 17:18:25,505 [WARNING] [MainThread] [root/weather.py:610]: Error processing weather data: Weather data is empty.. Retrying fetch in 10 seconds.
2026-09-01 17:18:25,510 [ERROR] [MainThread] [root/api.py:84]: Weather response error 403: API key has reached maximum calls per month allowed limit.
2026-09-01 17:18:25,523 [ERROR] [MainThread] [root/api.py:84]: Weather response error 403: API key has reached maximum calls per month allowed limit.
2026-09-01 17:18:35,675 [ERROR] [MainThread] [root/api.py:84]: Weather response error 403: API key has reached maximum calls per month allowed limit.
2026-09-01 17:18:35,676 [WARNING] [MainThread] [root/weather.py:610]: Error processing weather data: Weather data is empty.. Retrying fetch in 10 seconds.
2026-09-01 17:18:35,681 [WARNING] [MainThread] [root/weather.py:610]: Error processing weather data: Weather data is empty.. Retrying fetch in 10 seconds.
2026-09-01 17:18:35,686 [WARNING] [MainThread] [root/weather.py:610]: Error processing weather data: Weather data is empty.. Retrying fetch in 10 seconds.
2026-09-01 17:18:35,690 [ERROR] [MainThread] [root/api.py:84]: Weather response error 403: API key has reached maximum calls per month allowed limit.
2026-09-01 17:18:35,703 [ERROR] [MainThread] [root/api.py:84]: Weather response error 403: API key has reached maximum calls per month allowed limit.
2026-09-01 17:18:45,821 [ERROR] [MainThread] [root/api.py:84]: Weather response error 403: API key has reached maximum calls per month allowed limit.
2026-09-01 17:18:45,821 [WARNING] [MainThread] [root/weather.py:610]: Error processing weather data: Weather data is empty.. Retrying fetch in 10 seconds.
2026-09-01 17:18:45,826 [WARNING] [MainThread] [root/weather.py:610]: Error processing weather data: Weather data is empty.. Retrying fetch in 10 seconds.
2026-09-01 17:18:45,830 [WARNING] [MainThread] [root/weather.py:610]: Error processing weather data: Weather data is empty.. Retrying fetch in 10 seconds.
2026-09-01 17:18:45,837 [ERROR] [MainThread] [root/api.py:84]: Weather response error 403: API key has reached maximum calls per month allowed limit.
2026-09-01 17:18:45,929 [ERROR] [MainThread] [root/api.py:84]: Weather response error 403: API key has reached maximum calls per month allowed limit.
2026-09-01 17:18:55,969 [ERROR] [MainThread] [root/api.py:84]: Weather response error 403: API key has reached maximum calls per month allowed limit.
2026-09-01 17:18:55,969 [WARNING] [MainThread] [root/weather.py:610]: Error processing weather data: Weather data is empty.. Retrying fetch in 10 seconds.
2026-09-01 17:18:55,974 [WARNING] [MainThread] [root/weather.py:610]: Error processing weather data: Weather data is empty.. Retrying fetch in 10 seconds.
2026-09-01 17:18:55,978 [WARNING] [MainThread] [root/weather.py:610]: Error processing weather data: Weather data is empty.. Retrying fetch in 10 seconds.
2026-09-01 17:18:55,983 [ERROR] [MainThread] [root/api.py:84]: Weather response error 403: API key has reached maximum calls per month allowed limit.
2026-09-01 17:18:56,070 [ERROR] [MainThread] [root/api.py:84]: Weather response error 403: API key has reached maximum calls per month allowed limit.
2026-09-01 17:19:06,112 [ERROR] [MainThread] [root/api.py:84]: Weather response error 403: API key has reached maximum calls per month allowed limit.
2026-09-01 17:19:06,112 [WARNING] [MainThread] [root/weather.py:610]: Error processing weather data: Weather data is empty.. Retrying fetch in 10 seconds.
2026-09-01 17:19:06,117 [WARNING] [MainThread] [root/weather.py:610]: Error processing weather data: Weather data is empty.. Retrying fetch in 10 seconds.
2026-09-01 17:19:06,122 [WARNING] [MainThread] [root/weather.py:610]: Error processing weather data: Weather data is empty.. Retrying fetch in 10 seconds.
2026-09-01 17:19:06,126 [ERROR] [MainThread] [root/api.py:84]: Weather response error 403: API key has reached maximum calls per month allowed limit.
2026-09-01 17:19:06,140 [ERROR] [MainThread] [root/api.py:84]: Weather response error 403: API key has reached maximum calls per month allowed limit.
2026-09-01 17:19:16,284 [ERROR] [MainThread] [root/api.py:84]: Weather response error 403: API key has reached maximum calls per month allowed limit.
2026-09-01 17:19:16,284 [WARNING] [MainThread] [root/weather.py:610]: Error processing weather data: Weather data is empty.. Retrying fetch in 10 seconds.
2026-09-01 17:19:16,289 [WARNING] [MainThread] [root/weather.py:610]: Error processing weather data: Weather data is empty.. Retrying fetch in 10 seconds.
2026-09-01 17:19:16,294 [WARNING] [MainThread] [root/weather.py:610]: Error processing weather data: Weather data is empty.. Retrying fetch in 10 seconds.
2026-09-01 17:19:16,298 [ERROR] [MainThread] [root/api.py:84]: Weather response error 403: API key has reached maximum calls per month allowed limit.
2026-09-01 17:19:16,312 [ERROR] [MainThread] [root/api.py:84]: Weather response error 403: API key has reached maximum calls per month allowed limit.
2026-09-01 17:19:26,433 [ERROR] [MainThread] [root/api.py:84]: Weather response error 403: API key has reached maximum calls per month allowed limit.
2026-09-01 17:19:26,433 [WARNING] [MainThread] [root/weather.py:610]: Error processing weather data: Weather data is empty.. Retrying fetch in 10 seconds.
2026-09-01 17:19:26,438 [WARNING] [MainThread] [root/weather.py:610]: Error processing weather data: Weather data is empty.. Retrying fetch in 10 seconds.
2026-09-01 17:19:26,442 [WARNING] [MainThread] [root/weather.py:610]: Error processing weather data: Weather data is empty.. Retrying fetch in 10 seconds.
2026-09-01 17:19:26,447 [ERROR] [MainThread] [root/api.py:84]: Weather response error 403: API key has reached maximum calls per month allowed limit.
2026-09-01 17:19:26,461 [ERROR] [MainThread] [root/api.py:84]: Weather response error 403: API key has reached maximum calls per month allowed limit.
2026-09-01 17:19:36,598 [ERROR] [MainThread] [root/api.py:84]: Weather response error 403: API key has reached maximum calls per month allowed limit.
2026-09-01 17:19:36,599 [WARNING] [MainThread] [root/weather.py:610]: Error processing weather data: Weather data is empty.. Retrying fetch in 10 seconds.
2026-09-01 17:19:36,603 [WARNING] [MainThread] [root/weather.py:610]: Error processing weather data: Weather data is empty.. Retrying fetch in 10 seconds.
2026-09-01 17:19:36,608 [WARNING] [MainThread] [root/weather.py:610]: Error processing weather data: Weather data is empty.. Retrying fetch in 10 seconds.
2026-09-01 17:19:36,612 [ERROR] [MainThread] [root/api.py:84]: Weather response error 403: API key has reached maximum calls per month allowed limit.
2026-09-01 17:19:36,626 [ERROR] [MainThread] [root/api.py:84]: Weather response error 403: API key has reached maximum calls per month allowed limit.
2026-09-01 17:19:46,745 [ERROR] [MainThread] [root/api.py:84]: Weather response error 403: API key has reached maximum calls per month allowed limit.
2026-09-01 17:19:46,746 [WARNING] [MainThread] [root/weather.py:610]: Error processing weather data: Weather data is empty.. Retrying fetch in 10 seconds.
2026-09-01 17:19:46,750 [WARNING] [MainThread] [root/weather.py:610]: Error processing weather data: Weather data is empty.. Retrying fetch in 10 seconds.
2026-09-01 17:19:46,755 [WARNING] [MainThread] [root/weather.py:610]: Error processing weather data: Weather data is empty.. Retrying fetch in 10 seconds.
2026-09-01 17:19:46,760 [ERROR] [MainThread] [root/api.py:84]: Weather response error 403: API key has reached maximum calls per month allowed limit.
2026-09-01 17:19:46,774 [ERROR] [MainThread] [root/api.py:84]: Weather response error 403: API key has reached maximum calls per month allowed limit.
2026-09-01 17:19:56,888 [ERROR] [MainThread] [root/api.py:84]: Weather response error 403: API key has reached maximum calls per month allowed limit.
2026-09-01 17:19:56,888 [WARNING] [MainThread] [root/weather.py:610]: Error processing weather data: Weather data is empty.. Retrying fetch in 10 seconds.
2026-09-01 17:19:56,893 [WARNING] [MainThread] [root/weather.py:610]: Error processing weather data: Weather data is empty.. Retrying fetch in 10 seconds.
2026-09-01 17:19:56,897 [WARNING] [MainThread] [root/weather.py:610]: Error processing weather data: Weather data is empty.. Retrying fetch in 10 seconds.
2026-09-01 17:19:56,902 [ERROR] [MainThread] [root/api.py:84]: Weather response error 403: API key has reached maximum calls per month allowed limit.
2026-09-01 17:19:56,916 [ERROR] [MainThread] [root/api.py:84]: Weather response error 403: API key has reached maximum calls per month allowed limit.
2026-09-01 17:20:07,033 [ERROR] [MainThread] [root/api.py:84]: Weather response error 403: API key has reached maximum calls per month allowed limit.
2026-09-01 17:20:07,033 [WARNING] [MainThread] [root/weather.py:610]: Error processing weather data: Weather data is empty.. Retrying fetch in 10 seconds.
2026-09-01 17:20:07,038 [WARNING] [MainThread] [root/weather.py:610]: Error processing weather data: Weather data is empty.. Retrying fetch in 10 seconds.
2026-09-01 17:20:07,042 [WARNING] [MainThread] [root/weather.py:610]: Error processing weather data: Weather data is empty.. Retrying fetch in 10 seconds.
2026-09-01 17:20:07,047 [ERROR] [MainThread] [root/api.py:84]: Weather response error 403: API key has reached maximum calls per month allowed limit.
2026-09-01 17:20:07,061 [ERROR] [MainThread] [root/api.py:84]: Weather response error 403: API key has reached maximum calls per month allowed limit.
2026-09-01 17:20:17,171 [ERROR] [MainThread] [root/api.py:84]: Weather response error 403: API key has reached maximum calls per month allowed limit.
2026-09-01 17:20:17,171 [WARNING] [MainThread] [root/weather.py:610]: Error processing weather data: Weather data is empty.. Retrying fetch in 10 seconds.
2026-09-01 17:20:17,176 [WARNING] [MainThread] [root/weather.py:610]: Error processing weather data: Weather data is empty.. Retrying fetch in 10 seconds.
2026-09-01 17:20:17,180 [WARNING] [MainThread] [root/weather.py:610]: Error processing weather data: Weather data is empty.. Retrying fetch in 10 seconds.
2026-09-01 17:20:17,185 [ERROR] [MainThread] [root/api.py:84]: Weather response error 403: API key has reached maximum calls per month allowed limit.
2026-09-01 17:20:17,201 [ERROR] [MainThread] [root/api.py:84]: Weather response error 403: API key has reached maximum calls per month allowed limit.
2026-09-01 17:20:27,311 [ERROR] [MainThread] [root/api.py:84]: Weather response error 403: API key has reached maximum calls per month allowed limit.
2026-09-01 17:20:27,312 [WARNING] [MainThread] [root/weather.py:610]: Error processing weather data: Weather data is empty.. Retrying fetch in 10 seconds.
2026-09-01 17:20:27,317 [WARNING] [MainThread] [root/weather.py:610]: Error processing weather data: Weather data is empty.. Retrying fetch in 10 seconds.
2026-09-01 17:20:27,322 [WARNING] [MainThread] [root/weather.py:610]: Error processing weather data: Weather data is empty.. Retrying fetch in 10 seconds.
2026-09-01 17:20:27,326 [ERROR] [MainThread] [root/api.py:84]: Weather response error 403: API key has reached maximum calls per month allowed limit.
2026-09-01 17:20:27,342 [ERROR] [MainThread] [root/api.py:84]: Weather response error 403: API key has reached maximum calls per month allowed limit.
2026-09-01 17:20:37,456 [ERROR] [MainThread] [root/api.py:84]: Weather response error 403: API key has reached maximum calls per month allowed limit.
2026-09-01 17:20:37,456 [WARNING] [MainThread] [root/weather.py:610]: Error processing weather data: Weather data is empty.. Retrying fetch in 10 seconds.
2026-09-01 17:20:37,461 [WARNING] [MainThread] [root/weather.py:610]: Error processing weather data: Weather data is empty.. Retrying fetch in 10 seconds.
2026-09-01 17:20:37,466 [WARNING] [MainThread] [root/weather.py:610]: Error processing weather data: Weather data is empty.. Retrying fetch in 10 seconds.
2026-09-01 17:20:37,471 [ERROR] [MainThread] [root/api.py:84]: Weather response error 403: API key has reached maximum calls per month allowed limit.
2026-09-01 17:20:37,485 [ERROR] [MainThread] [root/api.py:84]: Weather response error 403: API key has reached maximum calls per month allowed limit.
2026-09-01 17:20:47,611 [ERROR] [MainThread] [root/api.py:84]: Weather response error 403: API key has reached maximum calls per month allowed limit.
2026-09-01 17:20:47,611 [WARNING] [MainThread] [root/weather.py:610]: Error processing weather data: Weather data is empty.. Retrying fetch in 10 seconds.
2026-09-01 17:20:47,616 [WARNING] [MainThread] [root/weather.py:610]: Error processing weather data: Weather data is empty.. Retrying fetch in 10 seconds.
2026-09-01 17:20:47,621 [WARNING] [MainThread] [root/weather.py:610]: Error processing weather data: Weather data is empty.. Retrying fetch in 10 seconds.
2026-09-01 17:20:47,626 [ERROR] [MainThread] [root/api.py:84]: Weather response error 403: API key has reached maximum calls per month allowed limit.
2026-09-01 17:20:47,641 [ERROR] [MainThread] [root/api.py:84]: Weather response error 403: API key has reached maximum calls per month allowed limit.
2026-09-01 17:20:57,760 [ERROR] [MainThread] [root/api.py:84]: Weather response error 403: API key has reached maximum calls per month allowed limit.
2026-09-01 17:20:57,760 [WARNING] [MainThread] [root/weather.py:610]: Error processing weather data: Weather data is empty.. Retrying fetch in 10 seconds.
2026-09-01 17:20:57,765 [WARNING] [MainThread] [root/weather.py:610]: Error processing weather data: Weather data is empty.. Retrying fetch in 10 seconds.
2026-09-01 17:20:57,770 [WARNING] [MainThread] [root/weather.py:610]: Error processing weather data: Weather data is empty.. Retrying fetch in 10 seconds.
2026-09-01 17:20:57,776 [ERROR] [MainThread] [root/api.py:84]: Weather response error 403: API key has reached maximum calls per month allowed limit.
2026-09-01 17:20:57,847 [ERROR] [MainThread] [root/api.py:84]: Weather response error 403: API key has reached maximum calls per month allowed limit.
2026-09-01 17:21:07,909 [ERROR] [MainThread] [root/api.py:84]: Weather response error 403: API key has reached maximum calls per month allowed limit.
2026-09-01 17:21:07,909 [WARNING] [MainThread] [root/weather.py:610]: Error processing weather data: Weather data is empty.. Retrying fetch in 10 seconds.
2026-09-01 17:21:07,914 [WARNING] [MainThread] [root/weather.py:610]: Error processing weather data: Weather data is empty.. Retrying fetch in 10 seconds.
2026-09-01 17:21:07,919 [WARNING] [MainThread] [root/weather.py:610]: Error processing weather data: Weather data is empty.. Retrying fetch in 10 seconds.
2026-09-01 17:21:07,924 [ERROR] [MainThread] [root/api.py:84]: Weather response error 403: API key has reached maximum calls per month allowed limit.
2026-09-01 17:21:07,939 [ERROR] [MainThread] [root/api.py:84]: Weather response error 403: API key has reached maximum calls per month allowed limit.
2026-09-01 17:21:18,052 [ERROR] [MainThread] [root/api.py:84]: Weather response error 403: API key has reached maximum calls per month allowed limit.
2026-09-01 17:21:18,052 [WARNING] [MainThread] [root/weather.py:610]: Error processing weather data: Weather data is empty.. Retrying fetch in 10 seconds.
2026-09-01 17:21:18,057 [WARNING] [MainThread] [root/weather.py:610]: Error processing weather data: Weather data is empty.. Retrying fetch in 10 seconds.
2026-09-01 17:21:18,062 [WARNING] [MainThread] [root/weather.py:610]: Error processing weather data: Weather data is empty.. Retrying fetch in 10 seconds.
2026-09-01 17:21:18,067 [ERROR] [MainThread] [root/api.py:84]: Weather response error 403: API key has reached maximum calls per month allowed limit.
2026-09-01 17:21:18,081 [ERROR] [MainThread] [root/api.py:84]: Weather response error 403: API key has reached maximum calls per month allowed limit.
2026-09-01 17:21:28,188 [ERROR] [MainThread] [root/api.py:84]: Weather response error 403: API key has reached maximum calls per month allowed limit.
2026-09-01 17:21:28,188 [WARNING] [MainThread] [root/weather.py:610]: Error processing weather data: Weather data is empty.. Retrying fetch in 10 seconds.
2026-09-01 17:21:28,193 [WARNING] [MainThread] [root/weather.py:610]: Error processing weather data: Weather data is empty.. Retrying fetch in 10 seconds.
2026-09-01 17:21:28,197 [WARNING] [MainThread] [root/weather.py:610]: Error processing weather data: Weather data is empty.. Retrying fetch in 10 seconds.
2026-09-01 17:21:28,212 [ERROR] [MainThread] [root/api.py:84]: Weather response error 403: API key has reached maximum calls per month allowed limit.
2026-09-01 17:21:28,226 [ERROR] [MainThread] [root/api.py:84]: Weather response error 403: API key has reached maximum calls per month allowed limit.
2026-09-01 17:21:38,340 [ERROR] [MainThread] [root/api.py:84]: Weather response error 403: API key has reached maximum calls per month allowed limit.
2026-09-01 17:21:38,340 [WARNING] [MainThread] [root/weather.py:610]: Error processing weather data: Weather data is empty.. Retrying fetch in 10 seconds.
2026-09-01 17:21:38,345 [WARNING] [MainThread] [root/weather.py:610]: Error processing weather data: Weather data is empty.. Retrying fetch in 10 seconds.
2026-09-01 17:21:38,350 [WARNING] [MainThread] [root/weather.py:610]: Error processing weather data: Weather data is empty.. Retrying fetch in 10 seconds.
2026-09-01 17:21:38,354 [ERROR] [MainThread] [root/api.py:84]: Weather response error 403: API key has reached maximum calls per month allowed limit.
2026-09-01 17:21:38,368 [ERROR] [MainThread] [root/api.py:84]: Weather response error 403: API key has reached maximum calls per month allowed limit.
2026-09-01 17:21:48,544 [ERROR] [MainThread] [root/api.py:84]: Weather response error 403: API key has reached maximum calls per month allowed limit.
2026-09-01 17:21:48,544 [WARNING] [MainThread] [root/weather.py:610]: Error processing weather data: Weather data is empty.. Retrying fetch in 10 seconds.
2026-09-01 17:21:48,549 [WARNING] [MainThread] [root/weather.py:610]: Error processing weather data: Weather data is empty.. Retrying fetch in 10 seconds.
2026-09-01 17:21:48,553 [WARNING] [MainThread] [root/weather.py:610]: Error processing weather data: Weather data is empty.. Retrying fetch in 10 seconds.
2026-09-01 17:21:48,558 [ERROR] [MainThread] [root/api.py:84]: Weather response error 403: API key has reached maximum calls per month allowed limit.
2026-09-01 17:21:48,572 [ERROR] [MainThread] [root/api.py:84]: Weather response error 403: API key has reached maximum calls per month allowed limit.
2026-09-01 17:21:58,689 [ERROR] [MainThread] [root/api.py:84]: Weather response error 403: API key has reached maximum calls per month allowed limit.
2026-09-01 17:21:58,689 [WARNING] [MainThread] [root/weather.py:610]: Error processing weather data: Weather data is empty.. Retrying fetch in 10 seconds.
2026-09-01 17:21:58,694 [WARNING] [MainThread] [root/weather.py:610]: Error processing weather data: Weather data is empty.. Retrying fetch in 10 seconds.
2026-09-01 17:21:58,699 [WARNING] [MainThread] [root/weather.py:610]: Error processing weather data: Weather data is empty.. Retrying fetch in 10 seconds.
2026-09-01 17:21:58,704 [ERROR] [MainThread] [root/api.py:84]: Weather response error 403: API key has reached maximum calls per month allowed limit.
2026-09-01 17:21:58,791 [ERROR] [MainThread] [root/api.py:84]: Weather response error 403: API key has reached maximum calls per month allowed limit.
2026-09-01 17:22:08,833 [ERROR] [MainThread] [root/api.py:84]: Weather response error 403: API key has reached maximum calls per month allowed limit.
2026-09-01 17:22:08,834 [WARNING] [MainThread] [root/weather.py:610]: Error processing weather data: Weather data is empty.. Retrying fetch in 10 seconds.
2026-09-01 17:22:08,839 [WARNING] [MainThread] [root/weather.py:610]: Error processing weather data: Weather data is empty.. Retrying fetch in 10 seconds.
2026-09-01 17:22:08,844 [WARNING] [MainThread] [root/weather.py:610]: Error processing weather data: Weather data is empty.. Retrying fetch in 10 seconds.
2026-09-01 17:22:08,850 [ERROR] [MainThread] [root/api.py:84]: Weather response error 403: API key has reached maximum calls per month allowed limit.
2026-09-01 17:22:08,865 [ERROR] [MainThread] [root/api.py:84]: Weather response error 403: API key has reached maximum calls per month allowed limit.
2026-09-01 17:22:18,976 [ERROR] [MainThread] [root/api.py:84]: Weather response error 403: API key has reached maximum calls per month allowed limit.
2026-09-01 17:22:18,977 [WARNING] [MainThread] [root/weather.py:610]: Error processing weather data: Weather data is empty.. Retrying fetch in 10 seconds.
2026-09-01 17:22:18,982 [WARNING] [MainThread] [root/weather.py:610]: Error processing weather data: Weather data is empty.. Retrying fetch in 10 seconds.
2026-09-01 17:22:18,986 [WARNING] [MainThread] [root/weather.py:610]: Error processing weather data: Weather data is empty.. Retrying fetch in 10 seconds.
2026-09-01 17:22:18,991 [ERROR] [MainThread] [root/api.py:84]: Weather response error 403: API key has reached maximum calls per month allowed limit.
2026-09-01 17:22:19,005 [ERROR] [MainThread] [root/api.py:84]: Weather response error 403: API key has reached maximum calls per month allowed limit.
2026-09-01 17:22:29,107 [ERROR] [MainThread] [root/api.py:84]: Weather response error 403: API key has reached maximum calls per month allowed limit.
2026-09-01 17:22:29,107 [WARNING] [MainThread] [root/weather.py:610]: Error processing weather data: Weather data is empty.. Retrying fetch in 10 seconds.
2026-09-01 17:22:29,112 [WARNING] [MainThread] [root/weather.py:610]: Error processing weather data: Weather data is empty.. Retrying fetch in 10 seconds.
2026-09-01 17:22:29,117 [WARNING] [MainThread] [root/weather.py:610]: Error processing weather data: Weather data is empty.. Retrying fetch in 10 seconds.
2026-09-01 17:22:29,127 [ERROR] [MainThread] [root/api.py:84]: Weather response error 403: API key has reached maximum calls per month allowed limit.
2026-09-01 17:22:29,142 [ERROR] [MainThread] [root/api.py:84]: Weather response error 403: API key has reached maximum calls per month allowed limit.
2026-09-01 17:22:39,260 [ERROR] [MainThread] [root/api.py:84]: Weather response error 403: API key has reached maximum calls per month allowed limit.
2026-09-01 17:22:39,261 [WARNING] [MainThread] [root/weather.py:610]: Error processing weather data: Weather data is empty.. Retrying fetch in 10 seconds.
2026-09-01 17:22:39,265 [WARNING] [MainThread] [root/weather.py:610]: Error processing weather data: Weather data is empty.. Retrying fetch in 10 seconds.
2026-09-01 17:22:39,270 [WARNING] [MainThread] [root/weather.py:610]: Error processing weather data: Weather data is empty.. Retrying fetch in 10 seconds.
2026-09-01 17:22:39,275 [ERROR] [MainThread] [root/api.py:84]: Weather response error 403: API key has reached maximum calls per month allowed limit.
2026-09-01 17:22:39,289 [ERROR] [MainThread] [root/api.py:84]: Weather response error 403: API key has reached maximum calls per month allowed limit.
2026-09-01 17:22:49,409 [ERROR] [MainThread] [root/api.py:84]: Weather response error 403: API key has reached maximum calls per month allowed limit.
2026-09-01 17:22:49,409 [WARNING] [MainThread] [root/weather.py:610]: Error processing weather data: Weather data is empty.. Retrying fetch in 10 seconds.
2026-09-01 17:22:49,414 [WARNING] [MainThread] [root/weather.py:610]: Error processing weather data: Weather data is empty.. Retrying fetch in 10 seconds.
2026-09-01 17:22:49,419 [WARNING] [MainThread] [root/weather.py:610]: Error processing weather data: Weather data is empty.. Retrying fetch in 10 seconds.
2026-09-01 17:22:49,424 [ERROR] [MainThread] [root/api.py:84]: Weather response error 403: API key has reached maximum calls per month allowed limit.
2026-09-01 17:22:49,512 [ERROR] [MainThread] [root/api.py:84]: Weather response error 403: API key has reached maximum calls per month allowed limit.
2026-09-01 17:22:52,819 [ERROR] [MainThread] [root/api.py:84]: Weather response error 403: API key has reached maximum calls per month allowed limit.
2026-09-01 17:22:59,557 [ERROR] [MainThread] [root/api.py:84]: Weather response error 403: API key has reached maximum calls per month allowed limit.
2026-09-01 17:22:59,557 [WARNING] [MainThread] [root/weather.py:610]: Error processing weather data: Weather data is empty.. Retrying fetch in 10 seconds.
2026-09-01 17:22:59,562 [WARNING] [MainThread] [root/weather.py:610]: Error processing weather data: Weather data is empty.. Retrying fetch in 10 seconds.
2026-09-01 17:22:59,567 [WARNING] [MainThread] [root/weather.py:610]: Error processing weather data: Weather data is empty.. Retrying fetch in 10 seconds.
2026-09-01 17:22:59,572 [ERROR] [MainThread] [root/api.py:84]: Weather response error 403: API key has reached maximum calls per month allowed limit.
2026-09-01 17:22:59,589 [ERROR] [MainThread] [root/api.py:84]: Weather response error 403: API key has reached maximum calls per month allowed limit.
2026-09-01 17:23:09,713 [ERROR] [MainThread] [root/api.py:84]: Weather response error 403: API key has reached maximum calls per month allowed limit.
2026-09-01 17:23:09,713 [WARNING] [MainThread] [root/weather.py:610]: Error processing weather data: Weather data is empty.. Retrying fetch in 10 seconds.
2026-09-01 17:23:09,718 [WARNING] [MainThread] [root/weather.py:610]: Error processing weather data: Weather data is empty.. Retrying fetch in 10 seconds.
2026-09-01 17:23:09,722 [WARNING] [MainThread] [root/weather.py:610]: Error processing weather data: Weather data is empty.. Retrying fetch in 10 seconds.
2026-09-01 17:23:09,727 [ERROR] [MainThread] [root/api.py:84]: Weather response error 403: API key has reached maximum calls per month allowed limit.
2026-09-01 17:23:09,741 [ERROR] [MainThread] [root/api.py:84]: Weather response error 403: API key has reached maximum calls per month allowed limit.
2026-09-01 17:23:19,869 [ERROR] [MainThread] [root/api.py:84]: Weather response error 403: API key has reached maximum calls per month allowed limit.
2026-09-01 17:23:19,869 [WARNING] [MainThread] [root/weather.py:610]: Error processing weather data: Weather data is empty.. Retrying fetch in 10 seconds.
2026-09-01 17:23:19,874 [WARNING] [MainThread] [root/weather.py:610]: Error processing weather data: Weather data is empty.. Retrying fetch in 10 seconds.
2026-09-01 17:23:19,879 [WARNING] [MainThread] [root/weather.py:610]: Error processing weather data: Weather data is empty.. Retrying fetch in 10 seconds.
2026-09-01 17:23:19,884 [ERROR] [MainThread] [root/api.py:84]: Weather response error 403: API key has reached maximum calls per month allowed limit.
2026-09-01 17:23:19,974 [ERROR] [MainThread] [root/api.py:84]: Weather response error 403: API key has reached maximum calls per month allowed limit.
2026-09-01 17:23:30,021 [ERROR] [MainThread] [root/api.py:84]: Weather response error 403: API key has reached maximum calls per month allowed limit.
2026-09-01 17:23:30,022 [WARNING] [MainThread] [root/weather.py:610]: Error processing weather data: Weather data is empty.. Retrying fetch in 10 seconds.
2026-09-01 17:23:30,026 [WARNING] [MainThread] [root/weather.py:610]: Error processing weather data: Weather data is empty.. Retrying fetch in 10 seconds.
2026-09-01 17:23:30,031 [WARNING] [MainThread] [root/weather.py:610]: Error processing weather data: Weather data is empty.. Retrying fetch in 10 seconds.
2026-09-01 17:23:30,036 [ERROR] [MainThread] [root/api.py:84]: Weather response error 403: API key has reached maximum calls per month allowed limit.
2026-09-01 17:23:30,050 [ERROR] [MainThread] [root/api.py:84]: Weather response error 403: API key has reached maximum calls per month allowed limit.
2026-09-01 17:23:40,165 [ERROR] [MainThread] [root/api.py:84]: Weather response error 403: API key has reached maximum calls per month allowed limit.
2026-09-01 17:23:40,165 [WARNING] [MainThread] [root/weather.py:610]: Error processing weather data: Weather data is empty.. Retrying fetch in 10 seconds.
2026-09-01 17:23:40,170 [WARNING] [MainThread] [root/weather.py:610]: Error processing weather data: Weather data is empty.. Retrying fetch in 10 seconds.
2026-09-01 17:23:40,175 [WARNING] [MainThread] [root/weather.py:610]: Error processing weather data: Weather data is empty.. Retrying fetch in 10 seconds.
2026-09-01 17:23:40,183 [ERROR] [MainThread] [root/api.py:84]: Weather response error 403: API key has reached maximum calls per month allowed limit.
2026-09-01 17:23:40,197 [ERROR] [MainThread] [root/api.py:84]: Weather response error 403: API key has reached maximum calls per month allowed limit.
2026-09-01 17:23:50,301 [ERROR] [MainThread] [root/api.py:84]: Weather response error 403: API key has reached maximum calls per month allowed limit.
2026-09-01 17:23:50,301 [WARNING] [MainThread] [root/weather.py:610]: Error processing weather data: Weather data is empty.. Retrying fetch in 10 seconds.
2026-09-01 17:23:50,306 [WARNING] [MainThread] [root/weather.py:610]: Error processing weather data: Weather data is empty.. Retrying fetch in 10 seconds.
2026-09-01 17:23:50,312 [WARNING] [MainThread] [root/weather.py:610]: Error processing weather data: Weather data is empty.. Retrying fetch in 10 seconds.
2026-09-01 17:23:50,317 [ERROR] [MainThread] [root/api.py:84]: Weather response error 403: API key has reached maximum calls per month allowed limit.
2026-09-01 17:23:50,335 [ERROR] [MainThread] [root/api.py:84]: Weather response error 403: API key has reached maximum calls per month allowed limit.
2026-09-01 17:24:00,438 [ERROR] [MainThread] [root/api.py:84]: Weather response error 403: API key has reached maximum calls per month allowed limit.
2026-09-01 17:24:00,438 [WARNING] [MainThread] [root/weather.py:610]: Error processing weather data: Weather data is empty.. Retrying fetch in 10 seconds.
2026-09-01 17:24:00,443 [WARNING] [MainThread] [root/weather.py:610]: Error processing weather data: Weather data is empty.. Retrying fetch in 10 seconds.
2026-09-01 17:24:00,448 [WARNING] [MainThread] [root/weather.py:610]: Error processing weather data: Weather data is empty.. Retrying fetch in 10 seconds.
2026-09-01 17:24:00,458 [ERROR] [MainThread] [root/api.py:84]: Weather response error 403: API key has reached maximum calls per month allowed limit.
2026-09-01 17:24:00,472 [ERROR] [MainThread] [root/api.py:84]: Weather response error 403: API key has reached maximum calls per month allowed limit.
2026-09-01 17:24:10,579 [ERROR] [MainThread] [root/api.py:84]: Weather response error 403: API key has reached maximum calls per month allowed limit.
2026-09-01 17:24:10,579 [WARNING] [MainThread] [root/weather.py:610]: Error processing weather data: Weather data is empty.. Retrying fetch in 10 seconds.
2026-09-01 17:24:10,584 [WARNING] [MainThread] [root/weather.py:610]: Error processing weather data: Weather data is empty.. Retrying fetch in 10 seconds.
2026-09-01 17:24:10,589 [WARNING] [MainThread] [root/weather.py:610]: Error processing weather data: Weather data is empty.. Retrying fetch in 10 seconds.
2026-09-01 17:24:10,593 [ERROR] [MainThread] [root/api.py:84]: Weather response error 403: API key has reached maximum calls per month allowed limit.
2026-09-01 17:24:10,680 [ERROR] [MainThread] [root/api.py:84]: Weather response error 403: API key has reached maximum calls per month allowed limit.
2026-09-01 17:24:20,716 [ERROR] [MainThread] [root/api.py:84]: Weather response error 403: API key has reached maximum calls per month allowed limit.
2026-09-01 17:24:20,717 [WARNING] [MainThread] [root/weather.py:610]: Error processing weather data: Weather data is empty.. Retrying fetch in 10 seconds.
2026-09-01 17:24:20,722 [WARNING] [MainThread] [root/weather.py:610]: Error processing weather data: Weather data is empty.. Retrying fetch in 10 seconds.
2026-09-01 17:24:20,726 [WARNING] [MainThread] [root/weather.py:610]: Error processing weather data: Weather data is empty.. Retrying fetch in 10 seconds.
2026-09-01 17:24:20,731 [ERROR] [MainThread] [root/api.py:84]: Weather response error 403: API key has reached maximum calls per month allowed limit.
2026-09-01 17:24:20,818 [ERROR] [MainThread] [root/api.py:84]: Weather response error 403: API key has reached maximum calls per month allowed limit.
2026-09-01 17:24:30,859 [ERROR] [MainThread] [root/api.py:84]: Weather response error 403: API key has reached maximum calls per month allowed limit.
2026-09-01 17:24:30,859 [WARNING] [MainThread] [root/weather.py:610]: Error processing weather data: Weather data is empty.. Retrying fetch in 10 seconds.
2026-09-01 17:24:30,864 [WARNING] [MainThread] [root/weather.py:610]: Error processing weather data: Weather data is empty.. Retrying fetch in 10 seconds.
2026-09-01 17:24:30,869 [WARNING] [MainThread] [root/weather.py:610]: Error processing weather data: Weather data is empty.. Retrying fetch in 10 seconds.
2026-09-01 17:24:30,874 [ERROR] [MainThread] [root/api.py:84]: Weather response error 403: API key has reached maximum calls per month allowed limit.
2026-09-01 17:24:30,889 [ERROR] [MainThread] [root/api.py:84]: Weather response error 403: API key has reached maximum calls per month allowed limit.
2026-09-01 17:24:41,028 [ERROR] [MainThread] [root/api.py:84]: Weather response error 403: API key has reached maximum calls per month allowed limit.
2026-09-01 17:24:41,028 [WARNING] [MainThread] [root/weather.py:610]: Error processing weather data: Weather data is empty.. Retrying fetch in 10 seconds.
2026-09-01 17:24:41,033 [WARNING] [MainThread] [root/weather.py:610]: Error processing weather data: Weather data is empty.. Retrying fetch in 10 seconds.
2026-09-01 17:24:41,038 [WARNING] [MainThread] [root/weather.py:610]: Error processing weather data: Weather data is empty.. Retrying fetch in 10 seconds.
2026-09-01 17:24:41,043 [ERROR] [MainThread] [root/api.py:84]: Weather response error 403: API key has reached maximum calls per month allowed limit.
2026-09-01 17:24:41,057 [ERROR] [MainThread] [root/api.py:84]: Weather response error 403: API key has reached maximum calls per month allowed limit.
2026-09-01 17:24:51,180 [ERROR] [MainThread] [root/api.py:84]: Weather response error 403: API key has reached maximum calls per month allowed limit.
2026-09-01 17:24:51,180 [WARNING] [MainThread] [root/weather.py:610]: Error processing weather data: Weather data is empty.. Retrying fetch in 10 seconds.
2026-09-01 17:24:51,185 [WARNING] [MainThread] [root/weather.py:610]: Error processing weather data: Weather data is empty.. Retrying fetch in 10 seconds.
2026-09-01 17:24:51,190 [WARNING] [MainThread] [root/weather.py:610]: Error processing weather data: Weather data is empty.. Retrying fetch in 10 seconds.
2026-09-01 17:24:51,195 [ERROR] [MainThread] [root/api.py:84]: Weather response error 403: API key has reached maximum calls per month allowed limit.
2026-09-01 17:24:51,209 [ERROR] [MainThread] [root/api.py:84]: Weather response error 403: API key has reached maximum calls per month allowed limit.
2026-09-01 17:25:01,331 [ERROR] [MainThread] [root/api.py:84]: Weather response error 403: API key has reached maximum calls per month allowed limit.
2026-09-01 17:25:01,331 [WARNING] [MainThread] [root/weather.py:610]: Error processing weather data: Weather data is empty.. Retrying fetch in 10 seconds.
2026-09-01 17:25:01,337 [WARNING] [MainThread] [root/weather.py:610]: Error processing weather data: Weather data is empty.. Retrying fetch in 10 seconds.
2026-09-01 17:25:01,341 [WARNING] [MainThread] [root/weather.py:610]: Error processing weather data: Weather data is empty.. Retrying fetch in 10 seconds.
2026-09-01 17:25:01,346 [ERROR] [MainThread] [root/api.py:84]: Weather response error 403: API key has reached maximum calls per month allowed limit.
2026-09-01 17:25:01,360 [ERROR] [MainThread] [root/api.py:84]: Weather response error 403: API key has reached maximum calls per month allowed limit.
2026-09-01 17:25:11,478 [ERROR] [MainThread] [root/api.py:84]: Weather response error 403: API key has reached maximum calls per month allowed limit.
2026-09-01 17:25:11,479 [WARNING] [MainThread] [root/weather.py:610]: Error processing weather data: Weather data is empty.. Retrying fetch in 10 seconds.
2026-09-01 17:25:11,484 [WARNING] [MainThread] [root/weather.py:610]: Error processing weather data: Weather data is empty.. Retrying fetch in 10 seconds.
2026-09-01 17:25:11,490 [WARNING] [MainThread] [root/weather.py:610]: Error processing weather data: Weather data is empty.. Retrying fetch in 10 seconds.
2026-09-01 17:25:11,495 [ERROR] [MainThread] [root/api.py:84]: Weather response error 403: API key has reached maximum calls per month allowed limit.
2026-09-01 17:25:11,510 [ERROR] [MainThread] [root/api.py:84]: Weather response error 403: API key has reached maximum calls per month allowed limit.
2026-09-01 17:25:21,627 [ERROR] [MainThread] [root/api.py:84]: Weather response error 403: API key has reached maximum calls per month allowed limit.
2026-09-01 17:25:21,627 [WARNING] [MainThread] [root/weather.py:610]: Error processing weather data: Weather data is empty.. Retrying fetch in 10 seconds.
2026-09-01 17:25:21,633 [WARNING] [MainThread] [root/weather.py:610]: Error processing weather data: Weather data is empty.. Retrying fetch in 10 seconds.
2026-09-01 17:25:21,638 [WARNING] [MainThread] [root/weather.py:610]: Error processing weather data: Weather data is empty.. Retrying fetch in 10 seconds.
2026-09-01 17:25:21,642 [ERROR] [MainThread] [root/api.py:84]: Weather response error 403: API key has reached maximum calls per month allowed limit.
2026-09-01 17:25:21,658 [ERROR] [MainThread] [root/api.py:84]: Weather response error 403: API key has reached maximum calls per month allowed limit.
2026-09-01 17:25:31,775 [ERROR] [MainThread] [root/api.py:84]: Weather response error 403: API key has reached maximum calls per month allowed limit.
2026-09-01 17:25:31,775 [WARNING] [MainThread] [root/weather.py:610]: Error processing weather data: Weather data is empty.. Retrying fetch in 10 seconds.
2026-09-01 17:25:31,780 [WARNING] [MainThread] [root/weather.py:610]: Error processing weather data: Weather data is empty.. Retrying fetch in 10 seconds.
2026-09-01 17:25:31,785 [WARNING] [MainThread] [root/weather.py:610]: Error processing weather data: Weather data is empty.. Retrying fetch in 10 seconds.
2026-09-01 17:25:31,791 [ERROR] [MainThread] [root/api.py:84]: Weather response error 403: API key has reached maximum calls per month allowed limit.
2026-09-01 17:25:31,877 [ERROR] [MainThread] [root/api.py:84]: Weather response error 403: API key has reached maximum calls per month allowed limit.
2026-09-01 17:25:41,938 [ERROR] [MainThread] [root/api.py:84]: Weather response error 403: API key has reached maximum calls per month allowed limit.
2026-09-01 17:25:41,938 [WARNING] [MainThread] [root/weather.py:610]: Error processing weather data: Weather data is empty.. Retrying fetch in 10 seconds.
2026-09-01 17:25:41,943 [WARNING] [MainThread] [root/weather.py:610]: Error processing weather data: Weather data is empty.. Retrying fetch in 10 seconds.
2026-09-01 17:25:41,948 [WARNING] [MainThread] [root/weather.py:610]: Error processing weather data: Weather data is empty.. Retrying fetch in 10 seconds.
2026-09-01 17:25:41,953 [ERROR] [MainThread] [root/api.py:84]: Weather response error 403: API key has reached maximum calls per month allowed limit.
2026-09-01 17:25:41,967 [ERROR] [MainThread] [root/api.py:84]: Weather response error 403: API key has reached maximum calls per month allowed limit.
2026-09-01 17:25:52,089 [ERROR] [MainThread] [root/api.py:84]: Weather response error 403: API key has reached maximum calls per month allowed limit.
2026-09-01 17:25:52,089 [WARNING] [MainThread] [root/weather.py:610]: Error processing weather data: Weather data is empty.. Retrying fetch in 10 seconds.
2026-09-01 17:25:52,095 [WARNING] [MainThread] [root/weather.py:610]: Error processing weather data: Weather data is empty.. Retrying fetch in 10 seconds.
2026-09-01 17:25:52,100 [WARNING] [MainThread] [root/weather.py:610]: Error processing weather data: Weather data is empty.. Retrying fetch in 10 seconds.
2026-09-01 17:25:52,105 [ERROR] [MainThread] [root/api.py:84]: Weather response error 403: API key has reached maximum calls per month allowed limit.
2026-09-01 17:25:52,195 [ERROR] [MainThread] [root/api.py:84]: Weather response error 403: API key has reached maximum calls per month allowed limit.
2026-09-01 17:26:02,277 [ERROR] [MainThread] [root/api.py:84]: Weather response error 403: API key has reached maximum calls per month allowed limit.
2026-09-01 17:26:02,278 [WARNING] [MainThread] [root/weather.py:610]: Error processing weather data: Weather data is empty.. Retrying fetch in 10 seconds.
2026-09-01 17:26:02,283 [WARNING] [MainThread] [root/weather.py:610]: Error processing weather data: Weather data is empty.. Retrying fetch in 10 seconds.
2026-09-01 17:26:02,288 [WARNING] [MainThread] [root/weather.py:610]: Error processing weather data: Weather data is empty.. Retrying fetch in 10 seconds.
2026-09-01 17:26:02,314 [ERROR] [MainThread] [root/api.py:84]: Weather response error 403: API key has reached maximum calls per month allowed limit.
2026-09-01 17:26:02,338 [ERROR] [MainThread] [root/api.py:84]: Weather response error 403: API key has reached maximum calls per month allowed limit.
2026-09-01 17:26:12,420 [ERROR] [MainThread] [root/api.py:84]: Weather response error 403: API key has reached maximum calls per month allowed limit.
2026-09-01 17:26:12,420 [WARNING] [MainThread] [root/weather.py:610]: Error processing weather data: Weather data is empty.. Retrying fetch in 10 seconds.
2026-09-01 17:26:12,425 [WARNING] [MainThread] [root/weather.py:610]: Error processing weather data: Weather data is empty.. Retrying fetch in 10 seconds.
2026-09-01 17:26:12,430 [WARNING] [MainThread] [root/weather.py:610]: Error processing weather data: Weather data is empty.. Retrying fetch in 10 seconds.
2026-09-01 17:26:12,435 [ERROR] [MainThread] [root/api.py:84]: Weather response error 403: API key has reached maximum calls per month allowed limit.
2026-09-01 17:26:12,449 [ERROR] [MainThread] [root/api.py:84]: Weather response error 403: API key has reached maximum calls per month allowed limit.
2026-09-01 17:26:22,564 [ERROR] [MainThread] [root/api.py:84]: Weather response error 403: API key has reached maximum calls per month allowed limit.
2026-09-01 17:26:22,564 [WARNING] [MainThread] [root/weather.py:610]: Error processing weather data: Weather data is empty.. Retrying fetch in 10 seconds.
2026-09-01 17:26:22,569 [WARNING] [MainThread] [root/weather.py:610]: Error processing weather data: Weather data is empty.. Retrying fetch in 10 seconds.
2026-09-01 17:26:22,574 [WARNING] [MainThread] [root/weather.py:610]: Error processing weather data: Weather data is empty.. Retrying fetch in 10 seconds.
2026-09-01 17:26:22,579 [ERROR] [MainThread] [root/api.py:84]: Weather response error 403: API key has reached maximum calls per month allowed limit.
2026-09-01 17:26:22,593 [ERROR] [MainThread] [root/api.py:84]: Weather response error 403: API key has reached maximum calls per month allowed limit.
2026-09-01 17:26:32,711 [ERROR] [MainThread] [root/api.py:84]: Weather response error 403: API key has reached maximum calls per month allowed limit.
2026-09-01 17:26:32,711 [WARNING] [MainThread] [root/weather.py:610]: Error processing weather data: Weather data is empty.. Retrying fetch in 10 seconds.
2026-09-01 17:26:32,716 [WARNING] [MainThread] [root/weather.py:610]: Error processing weather data: Weather data is empty.. Retrying fetch in 10 seconds.
2026-09-01 17:26:32,721 [WARNING] [MainThread] [root/weather.py:610]: Error processing weather data: Weather data is empty.. Retrying fetch in 10 seconds.
2026-09-01 17:26:32,726 [ERROR] [MainThread] [root/api.py:84]: Weather response error 403: API key has reached maximum calls per month allowed limit.
2026-09-01 17:26:32,740 [ERROR] [MainThread] [root/api.py:84]: Weather response error 403: API key has reached maximum calls per month allowed limit.
2026-09-01 17:26:42,858 [ERROR] [MainThread] [root/api.py:84]: Weather response error 403: API key has reached maximum calls per month allowed limit.
2026-09-01 17:26:42,859 [WARNING] [MainThread] [root/weather.py:610]: Error processing weather data: Weather data is empty.. Retrying fetch in 10 seconds.
2026-09-01 17:26:42,863 [WARNING] [MainThread] [root/weather.py:610]: Error processing weather data: Weather data is empty.. Retrying fetch in 10 seconds.
2026-09-01 17:26:42,868 [WARNING] [MainThread] [root/weather.py:610]: Error processing weather data: Weather data is empty.. Retrying fetch in 10 seconds.
2026-09-01 17:26:42,873 [ERROR] [MainThread] [root/api.py:84]: Weather response error 403: API key has reached maximum calls per month allowed limit.
2026-09-01 17:26:42,888 [ERROR] [MainThread] [root/api.py:84]: Weather response error 403: API key has reached maximum calls per month allowed limit.
2026-09-01 17:26:53,007 [ERROR] [MainThread] [root/api.py:84]: Weather response error 403: API key has reached maximum calls per month allowed limit.
2026-09-01 17:26:53,008 [WARNING] [MainThread] [root/weather.py:610]: Error processing weather data: Weather data is empty.. Retrying fetch in 10 seconds.
2026-09-01 17:26:53,012 [WARNING] [MainThread] [root/weather.py:610]: Error processing weather data: Weather data is empty.. Retrying fetch in 10 seconds.
2026-09-01 17:26:53,018 [WARNING] [MainThread] [root/weather.py:610]: Error processing weather data: Weather data is empty.. Retrying fetch in 10 seconds.
2026-09-01 17:26:53,023 [ERROR] [MainThread] [root/api.py:84]: Weather response error 403: API key has reached maximum calls per month allowed limit.
2026-09-01 17:26:53,039 [ERROR] [MainThread] [root/api.py:84]: Weather response error 403: API key has reached maximum calls per month allowed limit.
2026-09-01 17:27:03,147 [ERROR] [MainThread] [root/api.py:84]: Weather response error 403: API key has reached maximum calls per month allowed limit.
2026-09-01 17:27:03,148 [WARNING] [MainThread] [root/weather.py:610]: Error processing weather data: Weather data is empty.. Retrying fetch in 10 seconds.
2026-09-01 17:27:03,153 [WARNING] [MainThread] [root/weather.py:610]: Error processing weather data: Weather data is empty.. Retrying fetch in 10 seconds.
2026-09-01 17:27:03,158 [WARNING] [MainThread] [root/weather.py:610]: Error processing weather data: Weather data is empty.. Retrying fetch in 10 seconds.
2026-09-01 17:27:03,163 [ERROR] [MainThread] [root/api.py:84]: Weather response error 403: API key has reached maximum calls per month allowed limit.
2026-09-01 17:27:03,179 [ERROR] [MainThread] [root/api.py:84]: Weather response error 403: API key has reached maximum calls per month allowed limit.
2026-09-01 17:27:13,279 [ERROR] [MainThread] [root/api.py:84]: Weather response error 403: API key has reached maximum calls per month allowed limit.
2026-09-01 17:27:13,279 [WARNING] [MainThread] [root/weather.py:610]: Error processing weather data: Weather data is empty.. Retrying fetch in 10 seconds.
2026-09-01 17:27:13,284 [WARNING] [MainThread] [root/weather.py:610]: Error processing weather data: Weather data is empty.. Retrying fetch in 10 seconds.
2026-09-01 17:27:13,289 [WARNING] [MainThread] [root/weather.py:610]: Error processing weather data: Weather data is empty.. Retrying fetch in 10 seconds.
2026-09-01 17:27:13,299 [ERROR] [MainThread] [root/api.py:84]: Weather response error 403: API key has reached maximum calls per month allowed limit.
2026-09-01 17:27:13,313 [ERROR] [MainThread] [root/api.py:84]: Weather response error 403: API key has reached maximum calls per month allowed limit.
2026-09-01 17:27:23,428 [ERROR] [MainThread] [root/api.py:84]: Weather response error 403: API key has reached maximum calls per month allowed limit.
2026-09-01 17:27:23,428 [WARNING] [MainThread] [root/weather.py:610]: Error processing weather data: Weather data is empty.. Retrying fetch in 10 seconds.
2026-09-01 17:27:23,434 [WARNING] [MainThread] [root/weather.py:610]: Error processing weather data: Weather data is empty.. Retrying fetch in 10 seconds.
2026-09-01 17:27:23,439 [WARNING] [MainThread] [root/weather.py:610]: Error processing weather data: Weather data is empty.. Retrying fetch in 10 seconds.
2026-09-01 17:27:23,444 [ERROR] [MainThread] [root/api.py:84]: Weather response error 403: API key has reached maximum calls per month allowed limit.
2026-09-01 17:27:23,458 [ERROR] [MainThread] [root/api.py:84]: Weather response error 403: API key has reached maximum calls per month allowed limit.
2026-09-01 17:27:33,565 [ERROR] [MainThread] [root/api.py:84]: Weather response error 403: API key has reached maximum calls per month allowed limit.
2026-09-01 17:27:33,565 [WARNING] [MainThread] [root/weather.py:610]: Error processing weather data: Weather data is empty.. Retrying fetch in 10 seconds.
2026-09-01 17:27:33,570 [WARNING] [MainThread] [root/weather.py:610]: Error processing weather data: Weather data is empty.. Retrying fetch in 10 seconds.
2026-09-01 17:27:33,575 [WARNING] [MainThread] [root/weather.py:610]: Error processing weather data: Weather data is empty.. Retrying fetch in 10 seconds.
2026-09-01 17:27:33,582 [ERROR] [MainThread] [root/api.py:84]: Weather response error 403: API key has reached maximum calls per month allowed limit.
2026-09-01 17:27:33,597 [ERROR] [MainThread] [root/api.py:84]: Weather response error 403: API key has reached maximum calls per month allowed limit.
2026-09-01 17:27:43,711 [ERROR] [MainThread] [root/api.py:84]: Weather response error 403: API key has reached maximum calls per month allowed limit.
2026-09-01 17:27:43,711 [WARNING] [MainThread] [root/weather.py:610]: Error processing weather data: Weather data is empty.. Retrying fetch in 10 seconds.
2026-09-01 17:27:43,717 [WARNING] [MainThread] [root/weather.py:610]: Error processing weather data: Weather data is empty.. Retrying fetch in 10 seconds.
2026-09-01 17:27:43,722 [WARNING] [MainThread] [root/weather.py:610]: Error processing weather data: Weather data is empty.. Retrying fetch in 10 seconds.
2026-09-01 17:27:43,727 [ERROR] [MainThread] [root/api.py:84]: Weather response error 403: API key has reached maximum calls per month allowed limit.
2026-09-01 17:27:43,741 [ERROR] [MainThread] [root/api.py:84]: Weather response error 403: API key has reached maximum calls per month allowed limit.
2026-09-01 17:27:53,836 [ERROR] [MainThread] [root/api.py:84]: Weather response error 403: API key has reached maximum calls per month allowed limit.
2026-09-01 17:27:53,836 [WARNING] [MainThread] [root/weather.py:610]: Error processing weather data: Weather data is empty.. Retrying fetch in 10 seconds.
2026-09-01 17:27:53,841 [WARNING] [MainThread] [root/weather.py:610]: Error processing weather data: Weather data is empty.. Retrying fetch in 10 seconds.
2026-09-01 17:27:53,846 [WARNING] [MainThread] [root/weather.py:610]: Error processing weather data: Weather data is empty.. Retrying fetch in 10 seconds.
2026-09-01 17:27:53,856 [ERROR] [MainThread] [root/api.py:84]: Weather response error 403: API key has reached maximum calls per month allowed limit.
2026-09-01 17:28:01,076 [ERROR] [MainThread] [root/api.py:84]: Weather response error 403: API key has reached maximum calls per month allowed limit.
2026-09-01 17:28:03,971 [ERROR] [MainThread] [root/api.py:84]: Weather response error 403: API key has reached maximum calls per month allowed limit.
2026-09-01 17:28:03,972 [WARNING] [MainThread] [root/weather.py:610]: Error processing weather data: Weather data is empty.. Retrying fetch in 10 seconds.
2026-09-01 17:28:03,978 [WARNING] [MainThread] [root/weather.py:610]: Error processing weather data: Weather data is empty.. Retrying fetch in 10 seconds.
2026-09-01 17:28:03,984 [WARNING] [MainThread] [root/weather.py:610]: Error processing weather data: Weather data is empty.. Retrying fetch in 10 seconds.
2026-09-01 17:28:03,991 [ERROR] [MainThread] [root/api.py:84]: Weather response error 403: API key has reached maximum calls per month allowed limit.
2026-09-01 17:28:04,008 [ERROR] [MainThread] [root/api.py:84]: Weather response error 403: API key has reached maximum calls per month allowed limit.
2026-09-01 17:28:14,118 [ERROR] [MainThread] [root/api.py:84]: Weather response error 403: API key has reached maximum calls per month allowed limit.
2026-09-01 17:28:14,118 [WARNING] [MainThread] [root/weather.py:610]: Error processing weather data: Weather data is empty.. Retrying fetch in 10 seconds.
2026-09-01 17:28:14,123 [WARNING] [MainThread] [root/weather.py:610]: Error processing weather data: Weather data is empty.. Retrying fetch in 10 seconds.
2026-09-01 17:28:14,129 [WARNING] [MainThread] [root/weather.py:610]: Error processing weather data: Weather data is empty.. Retrying fetch in 10 seconds.
2026-09-01 17:28:14,134 [ERROR] [MainThread] [root/api.py:84]: Weather response error 403: API key has reached maximum calls per month allowed limit.
2026-09-01 17:28:14,150 [ERROR] [MainThread] [root/api.py:84]: Weather response error 403: API key has reached maximum calls per month allowed limit.
2026-09-01 17:28:24,263 [ERROR] [MainThread] [root/api.py:84]: Weather response error 403: API key has reached maximum calls per month allowed limit.
2026-09-01 17:28:24,263 [WARNING] [MainThread] [root/weather.py:610]: Error processing weather data: Weather data is empty.. Retrying fetch in 10 seconds.
2026-09-01 17:28:24,269 [WARNING] [MainThread] [root/weather.py:610]: Error processing weather data: Weather data is empty.. Retrying fetch in 10 seconds.
2026-09-01 17:28:24,274 [WARNING] [MainThread] [root/weather.py:610]: Error processing weather data: Weather data is empty.. Retrying fetch in 10 seconds.
2026-09-01 17:28:24,279 [ERROR] [MainThread] [root/api.py:84]: Weather response error 403: API key has reached maximum calls per month allowed limit.
2026-09-01 17:28:24,296 [ERROR] [MainThread] [root/api.py:84]: Weather response error 403: API key has reached maximum calls per month allowed limit.
2026-09-01 17:28:34,418 [ERROR] [MainThread] [root/api.py:84]: Weather response error 403: API key has reached maximum calls per month allowed limit.
2026-09-01 17:28:34,419 [WARNING] [MainThread] [root/weather.py:610]: Error processing weather data: Weather data is empty.. Retrying fetch in 10 seconds.
2026-09-01 17:28:34,424 [WARNING] [MainThread] [root/weather.py:610]: Error processing weather data: Weather data is empty.. Retrying fetch in 10 seconds.
2026-09-01 17:28:34,429 [WARNING] [MainThread] [root/weather.py:610]: Error processing weather data: Weather data is empty.. Retrying fetch in 10 seconds.
2026-09-01 17:28:34,433 [ERROR] [MainThread] [root/api.py:84]: Weather response error 403: API key has reached maximum calls per month allowed limit.
2026-09-01 17:28:34,448 [ERROR] [MainThread] [root/api.py:84]: Weather response error 403: API key has reached maximum calls per month allowed limit.
2026-09-01 17:28:44,575 [ERROR] [MainThread] [root/api.py:84]: Weather response error 403: API key has reached maximum calls per month allowed limit.
2026-09-01 17:28:44,576 [WARNING] [MainThread] [root/weather.py:610]: Error processing weather data: Weather data is empty.. Retrying fetch in 10 seconds.
2026-09-01 17:28:44,581 [WARNING] [MainThread] [root/weather.py:610]: Error processing weather data: Weather data is empty.. Retrying fetch in 10 seconds.
2026-09-01 17:28:44,586 [WARNING] [MainThread] [root/weather.py:610]: Error processing weather data: Weather data is empty.. Retrying fetch in 10 seconds.
2026-09-01 17:28:44,592 [ERROR] [MainThread] [root/api.py:84]: Weather response error 403: API key has reached maximum calls per month allowed limit.
2026-09-01 17:28:44,608 [ERROR] [MainThread] [root/api.py:84]: Weather response error 403: API key has reached maximum calls per month allowed limit.
2026-09-01 17:28:54,766 [ERROR] [MainThread] [root/api.py:84]: Weather response error 403: API key has reached maximum calls per month allowed limit.
2026-09-01 17:28:54,767 [WARNING] [MainThread] [root/weather.py:610]: Error processing weather data: Weather data is empty.. Retrying fetch in 10 seconds.
2026-09-01 17:28:54,772 [WARNING] [MainThread] [root/weather.py:610]: Error processing weather data: Weather data is empty.. Retrying fetch in 10 seconds.
2026-09-01 17:28:54,776 [WARNING] [MainThread] [root/weather.py:610]: Error processing weather data: Weather data is empty.. Retrying fetch in 10 seconds.
2026-09-01 17:28:54,781 [ERROR] [MainThread] [root/api.py:84]: Weather response error 403: API key has reached maximum calls per month allowed limit.
2026-09-01 17:28:54,796 [ERROR] [MainThread] [root/api.py:84]: Weather response error 403: API key has reached maximum calls per month allowed limit.
2026-09-01 17:29:04,909 [ERROR] [MainThread] [root/api.py:84]: Weather response error 403: API key has reached maximum calls per month allowed limit.
2026-09-01 17:29:04,910 [WARNING] [MainThread] [root/weather.py:610]: Error processing weather data: Weather data is empty.. Retrying fetch in 10 seconds.
2026-09-01 17:29:04,915 [WARNING] [MainThread] [root/weather.py:610]: Error processing weather data: Weather data is empty.. Retrying fetch in 10 seconds.
2026-09-01 17:29:04,920 [WARNING] [MainThread] [root/weather.py:610]: Error processing weather data: Weather data is empty.. Retrying fetch in 10 seconds.
2026-09-01 17:29:04,925 [ERROR] [MainThread] [root/api.py:84]: Weather response error 403: API key has reached maximum calls per month allowed limit.
2026-09-01 17:29:05,012 [ERROR] [MainThread] [root/api.py:84]: Weather response error 403: API key has reached maximum calls per month allowed limit.
2026-09-01 17:29:15,047 [ERROR] [MainThread] [root/api.py:84]: Weather response error 403: API key has reached maximum calls per month allowed limit.
2026-09-01 17:29:15,047 [WARNING] [MainThread] [root/weather.py:610]: Error processing weather data: Weather data is empty.. Retrying fetch in 10 seconds.
2026-09-01 17:29:15,053 [WARNING] [MainThread] [root/weather.py:610]: Error processing weather data: Weather data is empty.. Retrying fetch in 10 seconds.
2026-09-01 17:29:15,058 [WARNING] [MainThread] [root/weather.py:610]: Error processing weather data: Weather data is empty.. Retrying fetch in 10 seconds.
2026-09-01 17:29:15,064 [ERROR] [MainThread] [root/api.py:84]: Weather response error 403: API key has reached maximum calls per month allowed limit.
2026-09-01 17:29:15,080 [ERROR] [MainThread] [root/api.py:84]: Weather response error 403: API key has reached maximum calls per month allowed limit.
2026-09-01 17:29:25,210 [ERROR] [MainThread] [root/api.py:84]: Weather response error 403: API key has reached maximum calls per month allowed limit.
2026-09-01 17:29:25,210 [WARNING] [MainThread] [root/weather.py:610]: Error processing weather data: Weather data is empty.. Retrying fetch in 10 seconds.
2026-09-01 17:29:25,215 [WARNING] [MainThread] [root/weather.py:610]: Error processing weather data: Weather data is empty.. Retrying fetch in 10 seconds.
2026-09-01 17:29:25,220 [WARNING] [MainThread] [root/weather.py:610]: Error processing weather data: Weather data is empty.. Retrying fetch in 10 seconds.
2026-09-01 17:29:25,225 [ERROR] [MainThread] [root/api.py:84]: Weather response error 403: API key has reached maximum calls per month allowed limit.
2026-09-01 17:29:25,240 [ERROR] [MainThread] [root/api.py:84]: Weather response error 403: API key has reached maximum calls per month allowed limit.
2026-09-01 17:29:35,429 [ERROR] [MainThread] [root/api.py:84]: Weather response error 403: API key has reached maximum calls per month allowed limit.
2026-09-01 17:29:35,430 [WARNING] [MainThread] [root/weather.py:610]: Error processing weather data: Weather data is empty.. Retrying fetch in 10 seconds.
2026-09-01 17:29:35,435 [WARNING] [MainThread] [root/weather.py:610]: Error processing weather data: Weather data is empty.. Retrying fetch in 10 seconds.
2026-09-01 17:29:35,440 [WARNING] [MainThread] [root/weather.py:610]: Error processing weather data: Weather data is empty.. Retrying fetch in 10 seconds.
2026-09-01 17:29:35,445 [ERROR] [MainThread] [root/api.py:84]: Weather response error 403: API key has reached maximum calls per month allowed limit.
2026-09-01 17:29:35,461 [ERROR] [MainThread] [root/api.py:84]: Weather response error 403: API key has reached maximum calls per month allowed limit.
2026-09-01 17:29:45,586 [ERROR] [MainThread] [root/api.py:84]: Weather response error 403: API key has reached maximum calls per month allowed limit.
2026-09-01 17:29:45,586 [WARNING] [MainThread] [root/weather.py:610]: Error processing weather data: Weather data is empty.. Retrying fetch in 10 seconds.
2026-09-01 17:29:45,592 [WARNING] [MainThread] [root/weather.py:610]: Error processing weather data: Weather data is empty.. Retrying fetch in 10 seconds.
2026-09-01 17:29:45,597 [WARNING] [MainThread] [root/weather.py:610]: Error processing weather data: Weather data is empty.. Retrying fetch in 10 seconds.
2026-09-01 17:29:45,602 [ERROR] [MainThread] [root/api.py:84]: Weather response error 403: API key has reached maximum calls per month allowed limit.
2026-09-01 17:29:45,618 [ERROR] [MainThread] [root/api.py:84]: Weather response error 403: API key has reached maximum calls per month allowed limit.
2026-09-01 17:29:55,729 [ERROR] [MainThread] [root/api.py:84]: Weather response error 403: API key has reached maximum calls per month allowed limit.
2026-09-01 17:29:55,730 [WARNING] [MainThread] [root/weather.py:610]: Error processing weather data: Weather data is empty.. Retrying fetch in 10 seconds.
2026-09-01 17:29:55,735 [WARNING] [MainThread] [root/weather.py:610]: Error processing weather data: Weather data is empty.. Retrying fetch in 10 seconds.
2026-09-01 17:29:55,740 [WARNING] [MainThread] [root/weather.py:610]: Error processing weather data: Weather data is empty.. Retrying fetch in 10 seconds.
2026-09-01 17:29:55,754 [ERROR] [MainThread] [root/api.py:84]: Weather response error 403: API key has reached maximum calls per month allowed limit.
2026-09-01 17:29:55,791 [ERROR] [MainThread] [root/api.py:84]: Weather response error 403: API key has reached maximum calls per month allowed limit.
2026-09-01 17:30:05,962 [ERROR] [MainThread] [root/api.py:84]: Weather response error 403: API key has reached maximum calls per month allowed limit.
2026-09-01 17:30:05,962 [WARNING] [MainThread] [root/weather.py:610]: Error processing weather data: Weather data is empty.. Retrying fetch in 10 seconds.
2026-09-01 17:30:05,967 [WARNING] [MainThread] [root/weather.py:610]: Error processing weather data: Weather data is empty.. Retrying fetch in 10 seconds.
2026-09-01 17:30:05,972 [WARNING] [MainThread] [root/weather.py:610]: Error processing weather data: Weather data is empty.. Retrying fetch in 10 seconds.
2026-09-01 17:30:05,977 [ERROR] [MainThread] [root/api.py:84]: Weather response error 403: API key has reached maximum calls per month allowed limit.
2026-09-01 17:30:05,992 [ERROR] [MainThread] [root/api.py:84]: Weather response error 403: API key has reached maximum calls per month allowed limit.
2026-09-01 17:30:16,107 [ERROR] [MainThread] [root/api.py:84]: Weather response error 403: API key has reached maximum calls per month allowed limit.
2026-09-01 17:30:16,108 [WARNING] [MainThread] [root/weather.py:610]: Error processing weather data: Weather data is empty.. Retrying fetch in 10 seconds.
2026-09-01 17:30:16,113 [WARNING] [MainThread] [root/weather.py:610]: Error processing weather data: Weather data is empty.. Retrying fetch in 10 seconds.
2026-09-01 17:30:16,119 [WARNING] [MainThread] [root/weather.py:610]: Error processing weather data: Weather data is empty.. Retrying fetch in 10 seconds.
2026-09-01 17:30:16,124 [ERROR] [MainThread] [root/api.py:84]: Weather response error 403: API key has reached maximum calls per month allowed limit.
2026-09-01 17:30:16,210 [ERROR] [MainThread] [root/api.py:84]: Weather response error 403: API key has reached maximum calls per month allowed limit.
2026-09-01 17:30:26,257 [ERROR] [MainThread] [root/api.py:84]: Weather response error 403: API key has reached maximum calls per month allowed limit.
2026-09-01 17:30:26,257 [WARNING] [MainThread] [root/weather.py:610]: Error processing weather data: Weather data is empty.. Retrying fetch in 10 seconds.
2026-09-01 17:30:26,262 [WARNING] [MainThread] [root/weather.py:610]: Error processing weather data: Weather data is empty.. Retrying fetch in 10 seconds.
2026-09-01 17:30:26,267 [WARNING] [MainThread] [root/weather.py:610]: Error processing weather data: Weather data is empty.. Retrying fetch in 10 seconds.
2026-09-01 17:30:26,272 [ERROR] [MainThread] [root/api.py:84]: Weather response error 403: API key has reached maximum calls per month allowed limit.
2026-09-01 17:30:26,288 [ERROR] [MainThread] [root/api.py:84]: Weather response error 403: API key has reached maximum calls per month allowed limit.
2026-09-01 17:30:36,394 [ERROR] [MainThread] [root/api.py:84]: Weather response error 403: API key has reached maximum calls per month allowed limit.
2026-09-01 17:30:36,394 [WARNING] [MainThread] [root/weather.py:610]: Error processing weather data: Weather data is empty.. Retrying fetch in 10 seconds.
2026-09-01 17:30:36,399 [WARNING] [MainThread] [root/weather.py:610]: Error processing weather data: Weather data is empty.. Retrying fetch in 10 seconds.
2026-09-01 17:30:36,404 [WARNING] [MainThread] [root/weather.py:610]: Error processing weather data: Weather data is empty.. Retrying fetch in 10 seconds.
2026-09-01 17:30:36,410 [ERROR] [MainThread] [root/api.py:84]: Weather response error 403: API key has reached maximum calls per month allowed limit.
2026-09-01 17:30:36,428 [ERROR] [MainThread] [root/api.py:84]: Weather response error 403: API key has reached maximum calls per month allowed limit.
2026-09-01 17:30:46,542 [ERROR] [MainThread] [root/api.py:84]: Weather response error 403: API key has reached maximum calls per month allowed limit.
2026-09-01 17:30:46,542 [WARNING] [MainThread] [root/weather.py:610]: Error processing weather data: Weather data is empty.. Retrying fetch in 10 seconds.
2026-09-01 17:30:46,548 [WARNING] [MainThread] [root/weather.py:610]: Error processing weather data: Weather data is empty.. Retrying fetch in 10 seconds.
2026-09-01 17:30:46,553 [WARNING] [MainThread] [root/weather.py:610]: Error processing weather data: Weather data is empty.. Retrying fetch in 10 seconds.
2026-09-01 17:30:46,558 [ERROR] [MainThread] [root/api.py:84]: Weather response error 403: API key has reached maximum calls per month allowed limit.
2026-09-01 17:30:46,574 [ERROR] [MainThread] [root/api.py:84]: Weather response error 403: API key has reached maximum calls per month allowed limit.
2026-09-01 17:30:56,702 [ERROR] [MainThread] [root/api.py:84]: Weather response error 403: API key has reached maximum calls per month allowed limit.
2026-09-01 17:30:56,702 [WARNING] [MainThread] [root/weather.py:610]: Error processing weather data: Weather data is empty.. Retrying fetch in 10 seconds.
2026-09-01 17:30:56,707 [WARNING] [MainThread] [root/weather.py:610]: Error processing weather data: Weather data is empty.. Retrying fetch in 10 seconds.
2026-09-01 17:30:56,712 [WARNING] [MainThread] [root/weather.py:610]: Error processing weather data: Weather data is empty.. Retrying fetch in 10 seconds.
2026-09-01 17:30:56,718 [ERROR] [MainThread] [root/api.py:84]: Weather response error 403: API key has reached maximum calls per month allowed limit.
2026-09-01 17:30:56,733 [ERROR] [MainThread] [root/api.py:84]: Weather response error 403: API key has reached maximum calls per month allowed limit.
2026-09-01 17:31:06,870 [ERROR] [MainThread] [root/api.py:84]: Weather response error 403: API key has reached maximum calls per month allowed limit.
2026-09-01 17:31:06,870 [WARNING] [MainThread] [root/weather.py:610]: Error processing weather data: Weather data is empty.. Retrying fetch in 10 seconds.
2026-09-01 17:31:06,876 [WARNING] [MainThread] [root/weather.py:610]: Error processing weather data: Weather data is empty.. Retrying fetch in 10 seconds.
2026-09-01 17:31:06,881 [WARNING] [MainThread] [root/weather.py:610]: Error processing weather data: Weather data is empty.. Retrying fetch in 10 seconds.
2026-09-01 17:31:06,887 [ERROR] [MainThread] [root/api.py:84]: Weather response error 403: API key has reached maximum calls per month allowed limit.
2026-09-01 17:31:06,902 [ERROR] [MainThread] [root/api.py:84]: Weather response error 403: API key has reached maximum calls per month allowed limit.
2026-09-01 17:31:17,032 [ERROR] [MainThread] [root/api.py:84]: Weather response error 403: API key has reached maximum calls per month allowed limit.
2026-09-01 17:31:17,033 [WARNING] [MainThread] [root/weather.py:610]: Error processing weather data: Weather data is empty.. Retrying fetch in 10 seconds.
2026-09-01 17:31:17,038 [WARNING] [MainThread] [root/weather.py:610]: Error processing weather data: Weather data is empty.. Retrying fetch in 10 seconds.
2026-09-01 17:31:17,043 [WARNING] [MainThread] [root/weather.py:610]: Error processing weather data: Weather data is empty.. Retrying fetch in 10 seconds.
2026-09-01 17:31:17,048 [ERROR] [MainThread] [root/api.py:84]: Weather response error 403: API key has reached maximum calls per month allowed limit.
2026-09-01 17:31:17,063 [ERROR] [MainThread] [root/api.py:84]: Weather response error 403: API key has reached maximum calls per month allowed limit.
2026-09-01 17:31:27,191 [ERROR] [MainThread] [root/api.py:84]: Weather response error 403: API key has reached maximum calls per month allowed limit.
2026-09-01 17:31:27,191 [WARNING] [MainThread] [root/weather.py:610]: Error processing weather data: Weather data is empty.. Retrying fetch in 10 seconds.
2026-09-01 17:31:27,197 [WARNING] [MainThread] [root/weather.py:610]: Error processing weather data: Weather data is empty.. Retrying fetch in 10 seconds.
2026-09-01 17:31:27,202 [WARNING] [MainThread] [root/weather.py:610]: Error processing weather data: Weather data is empty.. Retrying fetch in 10 seconds.
2026-09-01 17:31:27,207 [ERROR] [MainThread] [root/api.py:84]: Weather response error 403: API key has reached maximum calls per month allowed limit.
2026-09-01 17:31:27,222 [ERROR] [MainThread] [root/api.py:84]: Weather response error 403: API key has reached maximum calls per month allowed limit.
2026-09-01 17:31:37,335 [ERROR] [MainThread] [root/api.py:84]: Weather response error 403: API key has reached maximum calls per month allowed limit.
2026-09-01 17:31:37,335 [WARNING] [MainThread] [root/weather.py:610]: Error processing weather data: Weather data is empty.. Retrying fetch in 10 seconds.
2026-09-01 17:31:37,340 [WARNING] [MainThread] [root/weather.py:610]: Error processing weather data: Weather data is empty.. Retrying fetch in 10 seconds.
2026-09-01 17:31:37,346 [WARNING] [MainThread] [root/weather.py:610]: Error processing weather data: Weather data is empty.. Retrying fetch in 10 seconds.
2026-09-01 17:31:37,351 [ERROR] [MainThread] [root/api.py:84]: Weather response error 403: API key has reached maximum calls per month allowed limit.
2026-09-01 17:31:37,367 [ERROR] [MainThread] [root/api.py:84]: Weather response error 403: API key has reached maximum calls per month allowed limit.
2026-09-01 17:31:47,484 [ERROR] [MainThread] [root/api.py:84]: Weather response error 403: API key has reached maximum calls per month allowed limit.
2026-09-01 17:31:47,484 [WARNING] [MainThread] [root/weather.py:610]: Error processing weather data: Weather data is empty.. Retrying fetch in 10 seconds.
2026-09-01 17:31:47,489 [WARNING] [MainThread] [root/weather.py:610]: Error processing weather data: Weather data is empty.. Retrying fetch in 10 seconds.
2026-09-01 17:31:47,494 [WARNING] [MainThread] [root/weather.py:610]: Error processing weather data: Weather data is empty.. Retrying fetch in 10 seconds.
2026-09-01 17:31:47,500 [ERROR] [MainThread] [root/api.py:84]: Weather response error 403: API key has reached maximum calls per month allowed limit.
2026-09-01 17:31:47,585 [ERROR] [MainThread] [root/api.py:84]: Weather response error 403: API key has reached maximum calls per month allowed limit.
2026-09-01 17:31:57,637 [ERROR] [MainThread] [root/api.py:84]: Weather response error 403: API key has reached maximum calls per month allowed limit.
2026-09-01 17:31:57,638 [WARNING] [MainThread] [root/weather.py:610]: Error processing weather data: Weather data is empty.. Retrying fetch in 10 seconds.
2026-09-01 17:31:57,643 [WARNING] [MainThread] [root/weather.py:610]: Error processing weather data: Weather data is empty.. Retrying fetch in 10 seconds.
2026-09-01 17:31:57,648 [WARNING] [MainThread] [root/weather.py:610]: Error processing weather data: Weather data is empty.. Retrying fetch in 10 seconds.
2026-09-01 17:31:57,653 [ERROR] [MainThread] [root/api.py:84]: Weather response error 403: API key has reached maximum calls per month allowed limit.
2026-09-01 17:31:57,668 [ERROR] [MainThread] [root/api.py:84]: Weather response error 403: API key has reached maximum calls per month allowed limit.
2026-09-01 17:32:07,850 [ERROR] [MainThread] [root/api.py:84]: Weather response error 403: API key has reached maximum calls per month allowed limit.
2026-09-01 17:32:07,851 [WARNING] [MainThread] [root/weather.py:610]: Error processing weather data: Weather data is empty.. Retrying fetch in 10 seconds.
2026-09-01 17:32:07,856 [WARNING] [MainThread] [root/weather.py:610]: Error processing weather data: Weather data is empty.. Retrying fetch in 10 seconds.
2026-09-01 17:32:07,861 [WARNING] [MainThread] [root/weather.py:610]: Error processing weather data: Weather data is empty.. Retrying fetch in 10 seconds.
2026-09-01 17:32:07,871 [ERROR] [MainThread] [root/api.py:84]: Weather response error 403: API key has reached maximum calls per month allowed limit.
2026-09-01 17:32:07,953 [ERROR] [MainThread] [root/api.py:84]: Weather response error 403: API key has reached maximum calls per month allowed limit.
2026-09-01 17:32:17,997 [ERROR] [MainThread] [root/api.py:84]: Weather response error 403: API key has reached maximum calls per month allowed limit.
2026-09-01 17:32:17,997 [WARNING] [MainThread] [root/weather.py:610]: Error processing weather data: Weather data is empty.. Retrying fetch in 10 seconds.
2026-09-01 17:32:18,003 [WARNING] [MainThread] [root/weather.py:610]: Error processing weather data: Weather data is empty.. Retrying fetch in 10 seconds.
2026-09-01 17:32:18,008 [WARNING] [MainThread] [root/weather.py:610]: Error processing weather data: Weather data is empty.. Retrying fetch in 10 seconds.
2026-09-01 17:32:18,016 [ERROR] [MainThread] [root/api.py:84]: Weather response error 403: API key has reached maximum calls per month allowed limit.
2026-09-01 17:32:18,032 [ERROR] [MainThread] [root/api.py:84]: Weather response error 403: API key has reached maximum calls per month allowed limit.
2026-09-01 17:32:28,155 [ERROR] [MainThread] [root/api.py:84]: Weather response error 403: API key has reached maximum calls per month allowed limit.
2026-09-01 17:32:28,156 [WARNING] [MainThread] [root/weather.py:610]: Error processing weather data: Weather data is empty.. Retrying fetch in 10 seconds.
2026-09-01 17:32:28,161 [WARNING] [MainThread] [root/weather.py:610]: Error processing weather data: Weather data is empty.. Retrying fetch in 10 seconds.
2026-09-01 17:32:28,166 [WARNING] [MainThread] [root/weather.py:610]: Error processing weather data: Weather data is empty.. Retrying fetch in 10 seconds.
2026-09-01 17:32:28,171 [ERROR] [MainThread] [root/api.py:84]: Weather response error 403: API key has reached maximum calls per month allowed limit.
2026-09-01 17:32:28,186 [ERROR] [MainThread] [root/api.py:84]: Weather response error 403: API key has reached maximum calls per month allowed limit.
2026-09-01 17:32:38,307 [ERROR] [MainThread] [root/api.py:84]: Weather response error 403: API key has reached maximum calls per month allowed limit.
2026-09-01 17:32:38,308 [WARNING] [MainThread] [root/weather.py:610]: Error processing weather data: Weather data is empty.. Retrying fetch in 10 seconds.
2026-09-01 17:32:38,313 [WARNING] [MainThread] [root/weather.py:610]: Error processing weather data: Weather data is empty.. Retrying fetch in 10 seconds.
2026-09-01 17:32:38,318 [WARNING] [MainThread] [root/weather.py:610]: Error processing weather data: Weather data is empty.. Retrying fetch in 10 seconds.
2026-09-01 17:32:38,324 [ERROR] [MainThread] [root/api.py:84]: Weather response error 403: API key has reached maximum calls per month allowed limit.
2026-09-01 17:32:38,339 [ERROR] [MainThread] [root/api.py:84]: Weather response error 403: API key has reached maximum calls per month allowed limit.
2026-09-01 17:32:48,455 [ERROR] [MainThread] [root/api.py:84]: Weather response error 403: API key has reached maximum calls per month allowed limit.
2026-09-01 17:32:48,455 [WARNING] [MainThread] [root/weather.py:610]: Error processing weather data: Weather data is empty.. Retrying fetch in 10 seconds.
2026-09-01 17:32:48,461 [WARNING] [MainThread] [root/weather.py:610]: Error processing weather data: Weather data is empty.. Retrying fetch in 10 seconds.
2026-09-01 17:32:48,466 [WARNING] [MainThread] [root/weather.py:610]: Error processing weather data: Weather data is empty.. Retrying fetch in 10 seconds.
2026-09-01 17:32:48,471 [ERROR] [MainThread] [root/api.py:84]: Weather response error 403: API key has reached maximum calls per month allowed limit.
2026-09-01 17:32:48,487 [ERROR] [MainThread] [root/api.py:84]: Weather response error 403: API key has reached maximum calls per month allowed limit.
2026-09-01 17:32:52,821 [ERROR] [MainThread] [root/api.py:84]: Weather response error 403: API key has reached maximum calls per month allowed limit.
2026-09-01 17:32:58,602 [ERROR] [MainThread] [root/api.py:84]: Weather response error 403: API key has reached maximum calls per month allowed limit.
2026-09-01 17:32:58,602 [WARNING] [MainThread] [root/weather.py:610]: Error processing weather data: Weather data is empty.. Retrying fetch in 10 seconds.
2026-09-01 17:32:58,608 [WARNING] [MainThread] [root/weather.py:610]: Error processing weather data: Weather data is empty.. Retrying fetch in 10 seconds.
2026-09-01 17:32:58,613 [WARNING] [MainThread] [root/weather.py:610]: Error processing weather data: Weather data is empty.. Retrying fetch in 10 seconds.
2026-09-01 17:32:58,618 [ERROR] [MainThread] [root/api.py:84]: Weather response error 403: API key has reached maximum calls per month allowed limit.
2026-09-01 17:32:58,633 [ERROR] [MainThread] [root/api.py:84]: Weather response error 403: API key has reached maximum calls per month allowed limit.
2026-09-01 17:33:08,743 [ERROR] [MainThread] [root/api.py:84]: Weather response error 403: API key has reached maximum calls per month allowed limit.
2026-09-01 17:33:08,743 [WARNING] [MainThread] [root/weather.py:610]: Error processing weather data: Weather data is empty.. Retrying fetch in 10 seconds.
2026-09-01 17:33:08,749 [WARNING] [MainThread] [root/weather.py:610]: Error processing weather data: Weather data is empty.. Retrying fetch in 10 seconds.
2026-09-01 17:33:08,754 [WARNING] [MainThread] [root/weather.py:610]: Error processing weather data: Weather data is empty.. Retrying fetch in 10 seconds.
2026-09-01 17:33:08,759 [ERROR] [MainThread] [root/api.py:84]: Weather response error 403: API key has reached maximum calls per month allowed limit.
2026-09-01 17:33:08,844 [ERROR] [MainThread] [root/api.py:84]: Weather response error 403: API key has reached maximum calls per month allowed limit.
2026-09-01 17:33:18,904 [ERROR] [MainThread] [root/api.py:84]: Weather response error 403: API key has reached maximum calls per month allowed limit.
2026-09-01 17:33:18,904 [WARNING] [MainThread] [root/weather.py:610]: Error processing weather data: Weather data is empty.. Retrying fetch in 10 seconds.
2026-09-01 17:33:18,909 [WARNING] [MainThread] [root/weather.py:610]: Error processing weather data: Weather data is empty.. Retrying fetch in 10 seconds.
2026-09-01 17:33:18,914 [WARNING] [MainThread] [root/weather.py:610]: Error processing weather data: Weather data is empty.. Retrying fetch in 10 seconds.
2026-09-01 17:33:18,990 [ERROR] [MainThread] [root/api.py:84]: Weather response error 403: API key has reached maximum calls per month allowed limit.
2026-09-01 17:33:19,006 [ERROR] [MainThread] [root/api.py:84]: Weather response error 403: API key has reached maximum calls per month allowed limit.
2026-09-01 17:33:29,053 [ERROR] [MainThread] [root/api.py:84]: Weather response error 403: API key has reached maximum calls per month allowed limit.
2026-09-01 17:33:29,054 [WARNING] [MainThread] [root/weather.py:610]: Error processing weather data: Weather data is empty.. Retrying fetch in 10 seconds.
2026-09-01 17:33:29,060 [WARNING] [MainThread] [root/weather.py:610]: Error processing weather data: Weather data is empty.. Retrying fetch in 10 seconds.
2026-09-01 17:33:29,065 [WARNING] [MainThread] [root/weather.py:610]: Error processing weather data: Weather data is empty.. Retrying fetch in 10 seconds.
2026-09-01 17:33:29,070 [ERROR] [MainThread] [root/api.py:84]: Weather response error 403: API key has reached maximum calls per month allowed limit.
2026-09-01 17:33:29,085 [ERROR] [MainThread] [root/api.py:84]: Weather response error 403: API key has reached maximum calls per month allowed limit.
2026-09-01 17:33:39,200 [ERROR] [MainThread] [root/api.py:84]: Weather response error 403: API key has reached maximum calls per month allowed limit.
2026-09-01 17:33:39,200 [WARNING] [MainThread] [root/weather.py:610]: Error processing weather data: Weather data is empty.. Retrying fetch in 10 seconds.
2026-09-01 17:33:39,205 [WARNING] [MainThread] [root/weather.py:610]: Error processing weather data: Weather data is empty.. Retrying fetch in 10 seconds.
2026-09-01 17:33:39,211 [WARNING] [MainThread] [root/weather.py:610]: Error processing weather data: Weather data is empty.. Retrying fetch in 10 seconds.
2026-09-01 17:33:39,255 [ERROR] [MainThread] [root/api.py:84]: Weather response error 403: API key has reached maximum calls per month allowed limit.
2026-09-01 17:33:39,271 [ERROR] [MainThread] [root/api.py:84]: Weather response error 403: API key has reached maximum calls per month allowed limit.
2026-09-01 17:33:49,348 [ERROR] [MainThread] [root/api.py:84]: Weather response error 403: API key has reached maximum calls per month allowed limit.
2026-09-01 17:33:49,349 [WARNING] [MainThread] [root/weather.py:610]: Error processing weather data: Weather data is empty.. Retrying fetch in 10 seconds.
2026-09-01 17:33:49,354 [WARNING] [MainThread] [root/weather.py:610]: Error processing weather data: Weather data is empty.. Retrying fetch in 10 seconds.
2026-09-01 17:33:49,360 [WARNING] [MainThread] [root/weather.py:610]: Error processing weather data: Weather data is empty.. Retrying fetch in 10 seconds.
2026-09-01 17:33:49,366 [ERROR] [MainThread] [root/api.py:84]: Weather response error 403: API key has reached maximum calls per month allowed limit.
2026-09-01 17:33:49,381 [ERROR] [MainThread] [root/api.py:84]: Weather response error 403: API key has reached maximum calls per month allowed limit.
2026-09-01 17:33:59,498 [ERROR] [MainThread] [root/api.py:84]: Weather response error 403: API key has reached maximum calls per month allowed limit.
2026-09-01 17:33:59,498 [WARNING] [MainThread] [root/weather.py:610]: Error processing weather data: Weather data is empty.. Retrying fetch in 10 seconds.
2026-09-01 17:33:59,504 [WARNING] [MainThread] [root/weather.py:610]: Error processing weather data: Weather data is empty.. Retrying fetch in 10 seconds.
2026-09-01 17:33:59,509 [WARNING] [MainThread] [root/weather.py:610]: Error processing weather data: Weather data is empty.. Retrying fetch in 10 seconds.
2026-09-01 17:33:59,515 [ERROR] [MainThread] [root/api.py:84]: Weather response error 403: API key has reached maximum calls per month allowed limit.
2026-09-01 17:33:59,531 [ERROR] [MainThread] [root/api.py:84]: Weather response error 403: API key has reached maximum calls per month allowed limit.
2026-09-01 17:34:09,640 [ERROR] [MainThread] [root/api.py:84]: Weather response error 403: API key has reached maximum calls per month allowed limit.
2026-09-01 17:34:09,640 [WARNING] [MainThread] [root/weather.py:610]: Error processing weather data: Weather data is empty.. Retrying fetch in 10 seconds.
2026-09-01 17:34:09,646 [WARNING] [MainThread] [root/weather.py:610]: Error processing weather data: Weather data is empty.. Retrying fetch in 10 seconds.
2026-09-01 17:34:09,651 [WARNING] [MainThread] [root/weather.py:610]: Error processing weather data: Weather data is empty.. Retrying fetch in 10 seconds.
2026-09-01 17:34:09,656 [ERROR] [MainThread] [root/api.py:84]: Weather response error 403: API key has reached maximum calls per month allowed limit.
2026-09-01 17:34:09,671 [ERROR] [MainThread] [root/api.py:84]: Weather response error 403: API key has reached maximum calls per month allowed limit.
2026-09-01 17:34:19,801 [ERROR] [MainThread] [root/api.py:84]: Weather response error 403: API key has reached maximum calls per month allowed limit.
2026-09-01 17:34:19,801 [WARNING] [MainThread] [root/weather.py:610]: Error processing weather data: Weather data is empty.. Retrying fetch in 10 seconds.
2026-09-01 17:34:19,807 [WARNING] [MainThread] [root/weather.py:610]: Error processing weather data: Weather data is empty.. Retrying fetch in 10 seconds.
2026-09-01 17:34:19,812 [WARNING] [MainThread] [root/weather.py:610]: Error processing weather data: Weather data is empty.. Retrying fetch in 10 seconds.
2026-09-01 17:34:19,817 [ERROR] [MainThread] [root/api.py:84]: Weather response error 403: API key has reached maximum calls per month allowed limit.
2026-09-01 17:34:19,833 [ERROR] [MainThread] [root/api.py:84]: Weather response error 403: API key has reached maximum calls per month allowed limit.
2026-09-01 17:34:29,953 [ERROR] [MainThread] [root/api.py:84]: Weather response error 403: API key has reached maximum calls per month allowed limit.
2026-09-01 17:34:29,953 [WARNING] [MainThread] [root/weather.py:610]: Error processing weather data: Weather data is empty.. Retrying fetch in 10 seconds.
2026-09-01 17:34:29,959 [WARNING] [MainThread] [root/weather.py:610]: Error processing weather data: Weather data is empty.. Retrying fetch in 10 seconds.
2026-09-01 17:34:29,964 [WARNING] [MainThread] [root/weather.py:610]: Error processing weather data: Weather data is empty.. Retrying fetch in 10 seconds.
2026-09-01 17:34:29,970 [ERROR] [MainThread] [root/api.py:84]: Weather response error 403: API key has reached maximum calls per month allowed limit.
2026-09-01 17:34:30,039 [ERROR] [MainThread] [root/api.py:84]: Weather response error 403: API key has reached maximum calls per month allowed limit.
2026-09-01 17:34:40,101 [ERROR] [MainThread] [root/api.py:84]: Weather response error 403: API key has reached maximum calls per month allowed limit.
2026-09-01 17:34:40,101 [WARNING] [MainThread] [root/weather.py:610]: Error processing weather data: Weather data is empty.. Retrying fetch in 10 seconds.
2026-09-01 17:34:40,106 [WARNING] [MainThread] [root/weather.py:610]: Error processing weather data: Weather data is empty.. Retrying fetch in 10 seconds.
2026-09-01 17:34:40,111 [WARNING] [MainThread] [root/weather.py:610]: Error processing weather data: Weather data is empty.. Retrying fetch in 10 seconds.
2026-09-01 17:34:40,117 [ERROR] [MainThread] [root/api.py:84]: Weather response error 403: API key has reached maximum calls per month allowed limit.
2026-09-01 17:34:40,135 [ERROR] [MainThread] [root/api.py:84]: Weather response error 403: API key has reached maximum calls per month allowed limit.
2026-09-01 17:34:50,243 [ERROR] [MainThread] [root/api.py:84]: Weather response error 403: API key has reached maximum calls per month allowed limit.
2026-09-01 17:34:50,244 [WARNING] [MainThread] [root/weather.py:610]: Error processing weather data: Weather data is empty.. Retrying fetch in 10 seconds.
2026-09-01 17:34:50,250 [WARNING] [MainThread] [root/weather.py:610]: Error processing weather data: Weather data is empty.. Retrying fetch in 10 seconds.
2026-09-01 17:34:50,256 [WARNING] [MainThread] [root/weather.py:610]: Error processing weather data: Weather data is empty.. Retrying fetch in 10 seconds.
2026-09-01 17:34:50,263 [ERROR] [MainThread] [root/api.py:84]: Weather response error 403: API key has reached maximum calls per month allowed limit.
2026-09-01 17:34:50,279 [ERROR] [MainThread] [root/api.py:84]: Weather response error 403: API key has reached maximum calls per month allowed limit.
2026-09-01 17:35:00,403 [ERROR] [MainThread] [root/api.py:84]: Weather response error 403: API key has reached maximum calls per month allowed limit.
2026-09-01 17:35:00,403 [WARNING] [MainThread] [root/weather.py:610]: Error processing weather data: Weather data is empty.. Retrying fetch in 10 seconds.
2026-09-01 17:35:00,408 [WARNING] [MainThread] [root/weather.py:610]: Error processing weather data: Weather data is empty.. Retrying fetch in 10 seconds.
2026-09-01 17:35:00,414 [WARNING] [MainThread] [root/weather.py:610]: Error processing weather data: Weather data is empty.. Retrying fetch in 10 seconds.
2026-09-01 17:35:00,442 [ERROR] [MainThread] [root/api.py:84]: Weather response error 403: API key has reached maximum calls per month allowed limit.
2026-09-01 17:35:00,506 [ERROR] [MainThread] [root/api.py:84]: Weather response error 403: API key has reached maximum calls per month allowed limit.
2026-09-01 17:35:10,554 [ERROR] [MainThread] [root/api.py:84]: Weather response error 403: API key has reached maximum calls per month allowed limit.
2026-09-01 17:35:10,555 [WARNING] [MainThread] [root/weather.py:610]: Error processing weather data: Weather data is empty.. Retrying fetch in 10 seconds.
2026-09-01 17:35:10,560 [WARNING] [MainThread] [root/weather.py:610]: Error processing weather data: Weather data is empty.. Retrying fetch in 10 seconds.
2026-09-01 17:35:10,566 [WARNING] [MainThread] [root/weather.py:610]: Error processing weather data: Weather data is empty.. Retrying fetch in 10 seconds.
2026-09-01 17:35:10,571 [ERROR] [MainThread] [root/api.py:84]: Weather response error 403: API key has reached maximum calls per month allowed limit.
2026-09-01 17:35:10,588 [ERROR] [MainThread] [root/api.py:84]: Weather response error 403: API key has reached maximum calls per month allowed limit.
2026-09-01 17:35:20,703 [ERROR] [MainThread] [root/api.py:84]: Weather response error 403: API key has reached maximum calls per month allowed limit.
2026-09-01 17:35:20,703 [WARNING] [MainThread] [root/weather.py:610]: Error processing weather data: Weather data is empty.. Retrying fetch in 10 seconds.
2026-09-01 17:35:20,708 [WARNING] [MainThread] [root/weather.py:610]: Error processing weather data: Weather data is empty.. Retrying fetch in 10 seconds.
2026-09-01 17:35:20,714 [WARNING] [MainThread] [root/weather.py:610]: Error processing weather data: Weather data is empty.. Retrying fetch in 10 seconds.
2026-09-01 17:35:20,719 [ERROR] [MainThread] [root/api.py:84]: Weather response error 403: API key has reached maximum calls per month allowed limit.
2026-09-01 17:35:20,735 [ERROR] [MainThread] [root/api.py:84]: Weather response error 403: API key has reached maximum calls per month allowed limit.
2026-09-01 17:35:30,845 [ERROR] [MainThread] [root/api.py:84]: Weather response error 403: API key has reached maximum calls per month allowed limit.
2026-09-01 17:35:30,845 [WARNING] [MainThread] [root/weather.py:610]: Error processing weather data: Weather data is empty.. Retrying fetch in 10 seconds.
2026-09-01 17:35:30,851 [WARNING] [MainThread] [root/weather.py:610]: Error processing weather data: Weather data is empty.. Retrying fetch in 10 seconds.
2026-09-01 17:35:30,856 [WARNING] [MainThread] [root/weather.py:610]: Error processing weather data: Weather data is empty.. Retrying fetch in 10 seconds.
2026-09-01 17:35:30,861 [ERROR] [MainThread] [root/api.py:84]: Weather response error 403: API key has reached maximum calls per month allowed limit.
2026-09-01 17:35:30,877 [ERROR] [MainThread] [root/api.py:84]: Weather response error 403: API key has reached maximum calls per month allowed limit.
2026-09-01 17:35:40,988 [ERROR] [MainThread] [root/api.py:84]: Weather response error 403: API key has reached maximum calls per month allowed limit.
2026-09-01 17:35:40,988 [WARNING] [MainThread] [root/weather.py:610]: Error processing weather data: Weather data is empty.. Retrying fetch in 10 seconds.
2026-09-01 17:35:40,994 [WARNING] [MainThread] [root/weather.py:610]: Error processing weather data: Weather data is empty.. Retrying fetch in 10 seconds.
2026-09-01 17:35:40,999 [WARNING] [MainThread] [root/weather.py:610]: Error processing weather data: Weather data is empty.. Retrying fetch in 10 seconds.
2026-09-01 17:35:41,004 [ERROR] [MainThread] [root/api.py:84]: Weather response error 403: API key has reached maximum calls per month allowed limit.
2026-09-01 17:35:41,022 [ERROR] [MainThread] [root/api.py:84]: Weather response error 403: API key has reached maximum calls per month allowed limit.
2026-09-01 17:35:51,142 [ERROR] [MainThread] [root/api.py:84]: Weather response error 403: API key has reached maximum calls per month allowed limit.
2026-09-01 17:35:51,143 [WARNING] [MainThread] [root/weather.py:610]: Error processing weather data: Weather data is empty.. Retrying fetch in 10 seconds.
2026-09-01 17:35:51,148 [WARNING] [MainThread] [root/weather.py:610]: Error processing weather data: Weather data is empty.. Retrying fetch in 10 seconds.
2026-09-01 17:35:51,153 [WARNING] [MainThread] [root/weather.py:610]: Error processing weather data: Weather data is empty.. Retrying fetch in 10 seconds.
2026-09-01 17:35:51,158 [ERROR] [MainThread] [root/api.py:84]: Weather response error 403: API key has reached maximum calls per month allowed limit.
2026-09-01 17:35:51,174 [ERROR] [MainThread] [root/api.py:84]: Weather response error 403: API key has reached maximum calls per month allowed limit.
2026-09-01 17:36:01,287 [ERROR] [MainThread] [root/api.py:84]: Weather response error 403: API key has reached maximum calls per month allowed limit.
2026-09-01 17:36:01,287 [WARNING] [MainThread] [root/weather.py:610]: Error processing weather data: Weather data is empty.. Retrying fetch in 10 seconds.
2026-09-01 17:36:01,293 [WARNING] [MainThread] [root/weather.py:610]: Error processing weather data: Weather data is empty.. Retrying fetch in 10 seconds.
2026-09-01 17:36:01,298 [WARNING] [MainThread] [root/weather.py:610]: Error processing weather data: Weather data is empty.. Retrying fetch in 10 seconds.
2026-09-01 17:36:01,303 [ERROR] [MainThread] [root/api.py:84]: Weather response error 403: API key has reached maximum calls per month allowed limit.
2026-09-01 17:36:01,319 [ERROR] [MainThread] [root/api.py:84]: Weather response error 403: API key has reached maximum calls per month allowed limit.
2026-09-01 17:36:11,426 [ERROR] [MainThread] [root/api.py:84]: Weather response error 403: API key has reached maximum calls per month allowed limit.
2026-09-01 17:36:11,427 [WARNING] [MainThread] [root/weather.py:610]: Error processing weather data: Weather data is empty.. Retrying fetch in 10 seconds.
2026-09-01 17:36:11,432 [WARNING] [MainThread] [root/weather.py:610]: Error processing weather data: Weather data is empty.. Retrying fetch in 10 seconds.
2026-09-01 17:36:11,437 [WARNING] [MainThread] [root/weather.py:610]: Error processing weather data: Weather data is empty.. Retrying fetch in 10 seconds.
2026-09-01 17:36:11,443 [ERROR] [MainThread] [root/api.py:84]: Weather response error 403: API key has reached maximum calls per month allowed limit.
2026-09-01 17:36:11,458 [ERROR] [MainThread] [root/api.py:84]: Weather response error 403: API key has reached maximum calls per month allowed limit.
2026-09-01 17:36:21,567 [ERROR] [MainThread] [root/api.py:84]: Weather response error 403: API key has reached maximum calls per month allowed limit.
2026-09-01 17:36:21,568 [WARNING] [MainThread] [root/weather.py:610]: Error processing weather data: Weather data is empty.. Retrying fetch in 10 seconds.
2026-09-01 17:36:21,573 [WARNING] [MainThread] [root/weather.py:610]: Error processing weather data: Weather data is empty.. Retrying fetch in 10 seconds.
2026-09-01 17:36:21,578 [WARNING] [MainThread] [root/weather.py:610]: Error processing weather data: Weather data is empty.. Retrying fetch in 10 seconds.
2026-09-01 17:36:21,584 [ERROR] [MainThread] [root/api.py:84]: Weather response error 403: API key has reached maximum calls per month allowed limit.
2026-09-01 17:36:21,600 [ERROR] [MainThread] [root/api.py:84]: Weather response error 403: API key has reached maximum calls per month allowed limit.
2026-09-01 17:36:31,710 [ERROR] [MainThread] [root/api.py:84]: Weather response error 403: API key has reached maximum calls per month allowed limit.
2026-09-01 17:36:31,710 [WARNING] [MainThread] [root/weather.py:610]: Error processing weather data: Weather data is empty.. Retrying fetch in 10 seconds.
2026-09-01 17:36:31,715 [WARNING] [MainThread] [root/weather.py:610]: Error processing weather data: Weather data is empty.. Retrying fetch in 10 seconds.
2026-09-01 17:36:31,721 [WARNING] [MainThread] [root/weather.py:610]: Error processing weather data: Weather data is empty.. Retrying fetch in 10 seconds.
2026-09-01 17:36:31,726 [ERROR] [MainThread] [root/api.py:84]: Weather response error 403: API key has reached maximum calls per month allowed limit.
2026-09-01 17:36:31,744 [ERROR] [MainThread] [root/api.py:84]: Weather response error 403: API key has reached maximum calls per month allowed limit.
2026-09-01 17:36:41,847 [ERROR] [MainThread] [root/api.py:84]: Weather response error 403: API key has reached maximum calls per month allowed limit.
2026-09-01 17:36:41,848 [WARNING] [MainThread] [root/weather.py:610]: Error processing weather data: Weather data is empty.. Retrying fetch in 10 seconds.
2026-09-01 17:36:41,853 [WARNING] [MainThread] [root/weather.py:610]: Error processing weather data: Weather data is empty.. Retrying fetch in 10 seconds.
2026-09-01 17:36:41,858 [WARNING] [MainThread] [root/weather.py:610]: Error processing weather data: Weather data is empty.. Retrying fetch in 10 seconds.
2026-09-01 17:36:41,864 [ERROR] [MainThread] [root/api.py:84]: Weather response error 403: API key has reached maximum calls per month allowed limit.
2026-09-01 17:36:41,883 [ERROR] [MainThread] [root/api.py:84]: Weather response error 403: API key has reached maximum calls per month allowed limit.
2026-09-01 17:36:52,009 [ERROR] [MainThread] [root/api.py:84]: Weather response error 403: API key has reached maximum calls per month allowed limit.
2026-09-01 17:36:52,009 [WARNING] [MainThread] [root/weather.py:610]: Error processing weather data: Weather data is empty.. Retrying fetch in 10 seconds.
2026-09-01 17:36:52,015 [WARNING] [MainThread] [root/weather.py:610]: Error processing weather data: Weather data is empty.. Retrying fetch in 10 seconds.
2026-09-01 17:36:52,020 [WARNING] [MainThread] [root/weather.py:610]: Error processing weather data: Weather data is empty.. Retrying fetch in 10 seconds.
2026-09-01 17:36:52,026 [ERROR] [MainThread] [root/api.py:84]: Weather response error 403: API key has reached maximum calls per month allowed limit.
2026-09-01 17:36:52,041 [ERROR] [MainThread] [root/api.py:84]: Weather response error 403: API key has reached maximum calls per month allowed limit.
2026-09-01 17:37:02,145 [ERROR] [MainThread] [root/api.py:84]: Weather response error 403: API key has reached maximum calls per month allowed limit.
2026-09-01 17:37:02,146 [WARNING] [MainThread] [root/weather.py:610]: Error processing weather data: Weather data is empty.. Retrying fetch in 10 seconds.
2026-09-01 17:37:02,151 [WARNING] [MainThread] [root/weather.py:610]: Error processing weather data: Weather data is empty.. Retrying fetch in 10 seconds.
2026-09-01 17:37:02,156 [WARNING] [MainThread] [root/weather.py:610]: Error processing weather data: Weather data is empty.. Retrying fetch in 10 seconds.
2026-09-01 17:37:02,168 [ERROR] [MainThread] [root/api.py:84]: Weather response error 403: API key has reached maximum calls per month allowed limit.
2026-09-01 17:37:02,184 [ERROR] [MainThread] [root/api.py:84]: Weather response error 403: API key has reached maximum calls per month allowed limit.
2026-09-01 17:37:12,299 [ERROR] [MainThread] [root/api.py:84]: Weather response error 403: API key has reached maximum calls per month allowed limit.
2026-09-01 17:37:12,299 [WARNING] [MainThread] [root/weather.py:610]: Error processing weather data: Weather data is empty.. Retrying fetch in 10 seconds.
2026-09-01 17:37:12,305 [WARNING] [MainThread] [root/weather.py:610]: Error processing weather data: Weather data is empty.. Retrying fetch in 10 seconds.
2026-09-01 17:37:12,310 [WARNING] [MainThread] [root/weather.py:610]: Error processing weather data: Weather data is empty.. Retrying fetch in 10 seconds.
2026-09-01 17:37:12,316 [ERROR] [MainThread] [root/api.py:84]: Weather response error 403: API key has reached maximum calls per month allowed limit.
2026-09-01 17:37:12,332 [ERROR] [MainThread] [root/api.py:84]: Weather response error 403: API key has reached maximum calls per month allowed limit.
2026-09-01 17:37:22,449 [ERROR] [MainThread] [root/api.py:84]: Weather response error 403: API key has reached maximum calls per month allowed limit.
2026-09-01 17:37:22,449 [WARNING] [MainThread] [root/weather.py:610]: Error processing weather data: Weather data is empty.. Retrying fetch in 10 seconds.
2026-09-01 17:37:22,454 [WARNING] [MainThread] [root/weather.py:610]: Error processing weather data: Weather data is empty.. Retrying fetch in 10 seconds.
2026-09-01 17:37:22,460 [WARNING] [MainThread] [root/weather.py:610]: Error processing weather data: Weather data is empty.. Retrying fetch in 10 seconds.
2026-09-01 17:37:22,465 [ERROR] [MainThread] [root/api.py:84]: Weather response error 403: API key has reached maximum calls per month allowed limit.
2026-09-01 17:37:22,482 [ERROR] [MainThread] [root/api.py:84]: Weather response error 403: API key has reached maximum calls per month allowed limit.
2026-09-01 17:37:32,609 [ERROR] [MainThread] [root/api.py:84]: Weather response error 403: API key has reached maximum calls per month allowed limit.
2026-09-01 17:37:32,609 [WARNING] [MainThread] [root/weather.py:610]: Error processing weather data: Weather data is empty.. Retrying fetch in 10 seconds.
2026-09-01 17:37:32,615 [WARNING] [MainThread] [root/weather.py:610]: Error processing weather data: Weather data is empty.. Retrying fetch in 10 seconds.
2026-09-01 17:37:32,620 [WARNING] [MainThread] [root/weather.py:610]: Error processing weather data: Weather data is empty.. Retrying fetch in 10 seconds.
2026-09-01 17:37:32,625 [ERROR] [MainThread] [root/api.py:84]: Weather response error 403: API key has reached maximum calls per month allowed limit.
2026-09-01 17:37:32,641 [ERROR] [MainThread] [root/api.py:84]: Weather response error 403: API key has reached maximum calls per month allowed limit.
2026-09-01 17:37:42,765 [ERROR] [MainThread] [root/api.py:84]: Weather response error 403: API key has reached maximum calls per month allowed limit.
2026-09-01 17:37:42,765 [WARNING] [MainThread] [root/weather.py:610]: Error processing weather data: Weather data is empty.. Retrying fetch in 10 seconds.
2026-09-01 17:37:42,771 [WARNING] [MainThread] [root/weather.py:610]: Error processing weather data: Weather data is empty.. Retrying fetch in 10 seconds.
2026-09-01 17:37:42,777 [WARNING] [MainThread] [root/weather.py:610]: Error processing weather data: Weather data is empty.. Retrying fetch in 10 seconds.
2026-09-01 17:37:42,782 [ERROR] [MainThread] [root/api.py:84]: Weather response error 403: API key has reached maximum calls per month allowed limit.
2026-09-01 17:37:42,798 [ERROR] [MainThread] [root/api.py:84]: Weather response error 403: API key has reached maximum calls per month allowed limit.
2026-09-01 17:37:52,920 [ERROR] [MainThread] [root/api.py:84]: Weather response error 403: API key has reached maximum calls per month allowed limit.
2026-09-01 17:37:52,920 [WARNING] [MainThread] [root/weather.py:610]: Error processing weather data: Weather data is empty.. Retrying fetch in 10 seconds.
2026-09-01 17:37:52,926 [WARNING] [MainThread] [root/weather.py:610]: Error processing weather data: Weather data is empty.. Retrying fetch in 10 seconds.
2026-09-01 17:37:52,931 [WARNING] [MainThread] [root/weather.py:610]: Error processing weather data: Weather data is empty.. Retrying fetch in 10 seconds.
2026-09-01 17:37:52,937 [ERROR] [MainThread] [root/api.py:84]: Weather response error 403: API key has reached maximum calls per month allowed limit.
2026-09-01 17:37:52,953 [ERROR] [MainThread] [root/api.py:84]: Weather response error 403: API key has reached maximum calls per month allowed limit.
2026-09-01 17:38:03,129 [ERROR] [MainThread] [root/api.py:84]: Weather response error 403: API key has reached maximum calls per month allowed limit.
2026-09-01 17:38:03,130 [WARNING] [MainThread] [root/weather.py:610]: Error processing weather data: Weather data is empty.. Retrying fetch in 10 seconds.
2026-09-01 17:38:03,135 [WARNING] [MainThread] [root/weather.py:610]: Error processing weather data: Weather data is empty.. Retrying fetch in 10 seconds.
2026-09-01 17:38:03,140 [WARNING] [MainThread] [root/weather.py:610]: Error processing weather data: Weather data is empty.. Retrying fetch in 10 seconds.
2026-09-01 17:38:03,146 [ERROR] [MainThread] [root/api.py:84]: Weather response error 403: API key has reached maximum calls per month allowed limit.
2026-09-01 17:38:03,163 [ERROR] [MainThread] [root/api.py:84]: Weather response error 403: API key has reached maximum calls per month allowed limit.
2026-09-01 17:38:13,273 [ERROR] [MainThread] [root/api.py:84]: Weather response error 403: API key has reached maximum calls per month allowed limit.
2026-09-01 17:38:13,273 [WARNING] [MainThread] [root/weather.py:610]: Error processing weather data: Weather data is empty.. Retrying fetch in 10 seconds.
2026-09-01 17:38:13,279 [WARNING] [MainThread] [root/weather.py:610]: Error processing weather data: Weather data is empty.. Retrying fetch in 10 seconds.
2026-09-01 17:38:13,284 [WARNING] [MainThread] [root/weather.py:610]: Error processing weather data: Weather data is empty.. Retrying fetch in 10 seconds.
2026-09-01 17:38:13,290 [ERROR] [MainThread] [root/api.py:84]: Weather response error 403: API key has reached maximum calls per month allowed limit.
2026-09-01 17:38:13,306 [ERROR] [MainThread] [root/api.py:84]: Weather response error 403: API key has reached maximum calls per month allowed limit.
2026-09-01 17:38:23,414 [ERROR] [MainThread] [root/api.py:84]: Weather response error 403: API key has reached maximum calls per month allowed limit.
2026-09-01 17:38:23,415 [WARNING] [MainThread] [root/weather.py:610]: Error processing weather data: Weather data is empty.. Retrying fetch in 10 seconds.
2026-09-01 17:38:23,420 [WARNING] [MainThread] [root/weather.py:610]: Error processing weather data: Weather data is empty.. Retrying fetch in 10 seconds.
2026-09-01 17:38:23,425 [WARNING] [MainThread] [root/weather.py:610]: Error processing weather data: Weather data is empty.. Retrying fetch in 10 seconds.
2026-09-01 17:38:23,517 [ERROR] [MainThread] [root/api.py:84]: Weather response error 403: API key has reached maximum calls per month allowed limit.
2026-09-01 17:38:23,534 [ERROR] [MainThread] [root/api.py:84]: Weather response error 403: API key has reached maximum calls per month allowed limit.
2026-09-01 17:38:33,597 [ERROR] [MainThread] [root/api.py:84]: Weather response error 403: API key has reached maximum calls per month allowed limit.
2026-09-01 17:38:33,597 [WARNING] [MainThread] [root/weather.py:610]: Error processing weather data: Weather data is empty.. Retrying fetch in 10 seconds.
2026-09-01 17:38:33,603 [WARNING] [MainThread] [root/weather.py:610]: Error processing weather data: Weather data is empty.. Retrying fetch in 10 seconds.
2026-09-01 17:38:33,608 [WARNING] [MainThread] [root/weather.py:610]: Error processing weather data: Weather data is empty.. Retrying fetch in 10 seconds.
2026-09-01 17:38:33,614 [ERROR] [MainThread] [root/api.py:84]: Weather response error 403: API key has reached maximum calls per month allowed limit.
2026-09-01 17:38:33,701 [ERROR] [MainThread] [root/api.py:84]: Weather response error 403: API key has reached maximum calls per month allowed limit.
2026-09-01 17:38:43,750 [ERROR] [MainThread] [root/api.py:84]: Weather response error 403: API key has reached maximum calls per month allowed limit.
2026-09-01 17:38:43,750 [WARNING] [MainThread] [root/weather.py:610]: Error processing weather data: Weather data is empty.. Retrying fetch in 10 seconds.
2026-09-01 17:38:43,755 [WARNING] [MainThread] [root/weather.py:610]: Error processing weather data: Weather data is empty.. Retrying fetch in 10 seconds.
2026-09-01 17:38:43,761 [WARNING] [MainThread] [root/weather.py:610]: Error processing weather data: Weather data is empty.. Retrying fetch in 10 seconds.
2026-09-01 17:38:43,853 [ERROR] [MainThread] [root/api.py:84]: Weather response error 403: API key has reached maximum calls per month allowed limit.
2026-09-01 17:38:43,869 [ERROR] [MainThread] [root/api.py:84]: Weather response error 403: API key has reached maximum calls per month allowed limit.
2026-09-01 17:38:53,903 [ERROR] [MainThread] [root/api.py:84]: Weather response error 403: API key has reached maximum calls per month allowed limit.
2026-09-01 17:38:53,904 [WARNING] [MainThread] [root/weather.py:610]: Error processing weather data: Weather data is empty.. Retrying fetch in 10 seconds.
2026-09-01 17:38:53,909 [WARNING] [MainThread] [root/weather.py:610]: Error processing weather data: Weather data is empty.. Retrying fetch in 10 seconds.
2026-09-01 17:38:53,914 [WARNING] [MainThread] [root/weather.py:610]: Error processing weather data: Weather data is empty.. Retrying fetch in 10 seconds.
2026-09-01 17:38:53,920 [ERROR] [MainThread] [root/api.py:84]: Weather response error 403: API key has reached maximum calls per month allowed limit.
2026-09-01 17:38:53,936 [ERROR] [MainThread] [root/api.py:84]: Weather response error 403: API key has reached maximum calls per month allowed limit.
2026-09-01 17:39:04,050 [ERROR] [MainThread] [root/api.py:84]: Weather response error 403: API key has reached maximum calls per month allowed limit.
2026-09-01 17:39:04,051 [WARNING] [MainThread] [root/weather.py:610]: Error processing weather data: Weather data is empty.. Retrying fetch in 10 seconds.
2026-09-01 17:39:04,056 [WARNING] [MainThread] [root/weather.py:610]: Error processing weather data: Weather data is empty.. Retrying fetch in 10 seconds.
2026-09-01 17:39:04,062 [WARNING] [MainThread] [root/weather.py:610]: Error processing weather data: Weather data is empty.. Retrying fetch in 10 seconds.
2026-09-01 17:39:04,067 [ERROR] [MainThread] [root/api.py:84]: Weather response error 403: API key has reached maximum calls per month allowed limit.
2026-09-01 17:39:04,083 [ERROR] [MainThread] [root/api.py:84]: Weather response error 403: API key has reached maximum calls per month allowed limit.
2026-09-01 17:39:14,197 [ERROR] [MainThread] [root/api.py:84]: Weather response error 403: API key has reached maximum calls per month allowed limit.
2026-09-01 17:39:14,197 [WARNING] [MainThread] [root/weather.py:610]: Error processing weather data: Weather data is empty.. Retrying fetch in 10 seconds.
2026-09-01 17:39:14,203 [WARNING] [MainThread] [root/weather.py:610]: Error processing weather data: Weather data is empty.. Retrying fetch in 10 seconds.
2026-09-01 17:39:14,209 [WARNING] [MainThread] [root/weather.py:610]: Error processing weather data: Weather data is empty.. Retrying fetch in 10 seconds.
2026-09-01 17:39:14,214 [ERROR] [MainThread] [root/api.py:84]: Weather response error 403: API key has reached maximum calls per month allowed limit.
2026-09-01 17:39:14,230 [ERROR] [MainThread] [root/api.py:84]: Weather response error 403: API key has reached maximum calls per month allowed limit.
2026-09-01 17:39:24,336 [ERROR] [MainThread] [root/api.py:84]: Weather response error 403: API key has reached maximum calls per month allowed limit.
2026-09-01 17:39:24,336 [WARNING] [MainThread] [root/weather.py:610]: Error processing weather data: Weather data is empty.. Retrying fetch in 10 seconds.
2026-09-01 17:39:24,342 [WARNING] [MainThread] [root/weather.py:610]: Error processing weather data: Weather data is empty.. Retrying fetch in 10 seconds.
2026-09-01 17:39:24,347 [WARNING] [MainThread] [root/weather.py:610]: Error processing weather data: Weather data is empty.. Retrying fetch in 10 seconds.
2026-09-01 17:39:24,353 [ERROR] [MainThread] [root/api.py:84]: Weather response error 403: API key has reached maximum calls per month allowed limit.
2026-09-01 17:39:24,371 [ERROR] [MainThread] [root/api.py:84]: Weather response error 403: API key has reached maximum calls per month allowed limit.
2026-09-01 17:39:34,476 [ERROR] [MainThread] [root/api.py:84]: Weather response error 403: API key has reached maximum calls per month allowed limit.
2026-09-01 17:39:34,477 [WARNING] [MainThread] [root/weather.py:610]: Error processing weather data: Weather data is empty.. Retrying fetch in 10 seconds.
2026-09-01 17:39:34,482 [WARNING] [MainThread] [root/weather.py:610]: Error processing weather data: Weather data is empty.. Retrying fetch in 10 seconds.
2026-09-01 17:39:34,488 [WARNING] [MainThread] [root/weather.py:610]: Error processing weather data: Weather data is empty.. Retrying fetch in 10 seconds.
2026-09-01 17:39:34,494 [ERROR] [MainThread] [root/api.py:84]: Weather response error 403: API key has reached maximum calls per month allowed limit.
2026-09-01 17:39:34,509 [ERROR] [MainThread] [root/api.py:84]: Weather response error 403: API key has reached maximum calls per month allowed limit.
2026-09-01 17:39:44,619 [ERROR] [MainThread] [root/api.py:84]: Weather response error 403: API key has reached maximum calls per month allowed limit.
2026-09-01 17:39:44,619 [WARNING] [MainThread] [root/weather.py:610]: Error processing weather data: Weather data is empty.. Retrying fetch in 10 seconds.
2026-09-01 17:39:44,625 [WARNING] [MainThread] [root/weather.py:610]: Error processing weather data: Weather data is empty.. Retrying fetch in 10 seconds.
2026-09-01 17:39:44,631 [WARNING] [MainThread] [root/weather.py:610]: Error processing weather data: Weather data is empty.. Retrying fetch in 10 seconds.
2026-09-01 17:39:44,636 [ERROR] [MainThread] [root/api.py:84]: Weather response error 403: API key has reached maximum calls per month allowed limit.
2026-09-01 17:39:44,654 [ERROR] [MainThread] [root/api.py:84]: Weather response error 403: API key has reached maximum calls per month allowed limit.
2026-09-01 17:39:54,756 [ERROR] [MainThread] [root/api.py:84]: Weather response error 403: API key has reached maximum calls per month allowed limit.
2026-09-01 17:39:54,756 [WARNING] [MainThread] [root/weather.py:610]: Error processing weather data: Weather data is empty.. Retrying fetch in 10 seconds.
2026-09-01 17:39:54,762 [WARNING] [MainThread] [root/weather.py:610]: Error processing weather data: Weather data is empty.. Retrying fetch in 10 seconds.
2026-09-01 17:39:54,767 [WARNING] [MainThread] [root/weather.py:610]: Error processing weather data: Weather data is empty.. Retrying fetch in 10 seconds.
2026-09-01 17:39:54,773 [ERROR] [MainThread] [root/api.py:84]: Weather response error 403: API key has reached maximum calls per month allowed limit.
2026-09-01 17:39:54,789 [ERROR] [MainThread] [root/api.py:84]: Weather response error 403: API key has reached maximum calls per month allowed limit.
2026-09-01 17:40:04,907 [ERROR] [MainThread] [root/api.py:84]: Weather response error 403: API key has reached maximum calls per month allowed limit.
2026-09-01 17:40:04,907 [WARNING] [MainThread] [root/weather.py:610]: Error processing weather data: Weather data is empty.. Retrying fetch in 10 seconds.
2026-09-01 17:40:04,912 [WARNING] [MainThread] [root/weather.py:610]: Error processing weather data: Weather data is empty.. Retrying fetch in 10 seconds.
2026-09-01 17:40:04,918 [WARNING] [MainThread] [root/weather.py:610]: Error processing weather data: Weather data is empty.. Retrying fetch in 10 seconds.
2026-09-01 17:40:04,923 [ERROR] [MainThread] [root/api.py:84]: Weather response error 403: API key has reached maximum calls per month allowed limit.
2026-09-01 17:40:04,940 [ERROR] [MainThread] [root/api.py:84]: Weather response error 403: API key has reached maximum calls per month allowed limit.
2026-09-01 17:40:15,053 [ERROR] [MainThread] [root/api.py:84]: Weather response error 403: API key has reached maximum calls per month allowed limit.
2026-09-01 17:40:15,053 [WARNING] [MainThread] [root/weather.py:610]: Error processing weather data: Weather data is empty.. Retrying fetch in 10 seconds.
2026-09-01 17:40:15,059 [WARNING] [MainThread] [root/weather.py:610]: Error processing weather data: Weather data is empty.. Retrying fetch in 10 seconds.
2026-09-01 17:40:15,064 [WARNING] [MainThread] [root/weather.py:610]: Error processing weather data: Weather data is empty.. Retrying fetch in 10 seconds.
2026-09-01 17:40:15,070 [ERROR] [MainThread] [root/api.py:84]: Weather response error 403: API key has reached maximum calls per month allowed limit.
2026-09-01 17:40:15,086 [ERROR] [MainThread] [root/api.py:84]: Weather response error 403: API key has reached maximum calls per month allowed limit.
2026-09-01 17:40:25,201 [ERROR] [MainThread] [root/api.py:84]: Weather response error 403: API key has reached maximum calls per month allowed limit.
2026-09-01 17:40:25,201 [WARNING] [MainThread] [root/weather.py:610]: Error processing weather data: Weather data is empty.. Retrying fetch in 10 seconds.
2026-09-01 17:40:25,207 [WARNING] [MainThread] [root/weather.py:610]: Error processing weather data: Weather data is empty.. Retrying fetch in 10 seconds.
2026-09-01 17:40:25,212 [WARNING] [MainThread] [root/weather.py:610]: Error processing weather data: Weather data is empty.. Retrying fetch in 10 seconds.
2026-09-01 17:40:25,219 [ERROR] [MainThread] [root/api.py:84]: Weather response error 403: API key has reached maximum calls per month allowed limit.
2026-09-01 17:40:25,235 [ERROR] [MainThread] [root/api.py:84]: Weather response error 403: API key has reached maximum calls per month allowed limit.
2026-09-01 17:40:35,357 [ERROR] [MainThread] [root/api.py:84]: Weather response error 403: API key has reached maximum calls per month allowed limit.
2026-09-01 17:40:35,358 [WARNING] [MainThread] [root/weather.py:610]: Error processing weather data: Weather data is empty.. Retrying fetch in 10 seconds.
2026-09-01 17:40:35,363 [WARNING] [MainThread] [root/weather.py:610]: Error processing weather data: Weather data is empty.. Retrying fetch in 10 seconds.
2026-09-01 17:40:35,369 [WARNING] [MainThread] [root/weather.py:610]: Error processing weather data: Weather data is empty.. Retrying fetch in 10 seconds.
2026-09-01 17:40:35,374 [ERROR] [MainThread] [root/api.py:84]: Weather response error 403: API key has reached maximum calls per month allowed limit.
2026-09-01 17:40:35,390 [ERROR] [MainThread] [root/api.py:84]: Weather response error 403: API key has reached maximum calls per month allowed limit.
2026-09-01 17:40:45,506 [ERROR] [MainThread] [root/api.py:84]: Weather response error 403: API key has reached maximum calls per month allowed limit.
2026-09-01 17:40:45,506 [WARNING] [MainThread] [root/weather.py:610]: Error processing weather data: Weather data is empty.. Retrying fetch in 10 seconds.
2026-09-01 17:40:45,512 [WARNING] [MainThread] [root/weather.py:610]: Error processing weather data: Weather data is empty.. Retrying fetch in 10 seconds.
2026-09-01 17:40:45,517 [WARNING] [MainThread] [root/weather.py:610]: Error processing weather data: Weather data is empty.. Retrying fetch in 10 seconds.
2026-09-01 17:40:45,523 [ERROR] [MainThread] [root/api.py:84]: Weather response error 403: API key has reached maximum calls per month allowed limit.
2026-09-01 17:40:45,539 [ERROR] [MainThread] [root/api.py:84]: Weather response error 403: API key has reached maximum calls per month allowed limit.
2026-09-01 17:40:55,648 [ERROR] [MainThread] [root/api.py:84]: Weather response error 403: API key has reached maximum calls per month allowed limit.
2026-09-01 17:40:55,648 [WARNING] [MainThread] [root/weather.py:610]: Error processing weather data: Weather data is empty.. Retrying fetch in 10 seconds.
2026-09-01 17:40:55,654 [WARNING] [MainThread] [root/weather.py:610]: Error processing weather data: Weather data is empty.. Retrying fetch in 10 seconds.
2026-09-01 17:40:55,659 [WARNING] [MainThread] [root/weather.py:610]: Error processing weather data: Weather data is empty.. Retrying fetch in 10 seconds.
2026-09-01 17:40:55,665 [ERROR] [MainThread] [root/api.py:84]: Weather response error 403: API key has reached maximum calls per month allowed limit.
2026-09-01 17:40:55,681 [ERROR] [MainThread] [root/api.py:84]: Weather response error 403: API key has reached maximum calls per month allowed limit.
2026-09-01 17:41:05,795 [ERROR] [MainThread] [root/api.py:84]: Weather response error 403: API key has reached maximum calls per month allowed limit.
2026-09-01 17:41:05,795 [WARNING] [MainThread] [root/weather.py:610]: Error processing weather data: Weather data is empty.. Retrying fetch in 10 seconds.
2026-09-01 17:41:05,801 [WARNING] [MainThread] [root/weather.py:610]: Error processing weather data: Weather data is empty.. Retrying fetch in 10 seconds.
2026-09-01 17:41:05,806 [WARNING] [MainThread] [root/weather.py:610]: Error processing weather data: Weather data is empty.. Retrying fetch in 10 seconds.
2026-09-01 17:41:05,812 [ERROR] [MainThread] [root/api.py:84]: Weather response error 403: API key has reached maximum calls per month allowed limit.
2026-09-01 17:41:05,828 [ERROR] [MainThread] [root/api.py:84]: Weather response error 403: API key has reached maximum calls per month allowed limit.
2026-09-01 17:41:15,952 [ERROR] [MainThread] [root/api.py:84]: Weather response error 403: API key has reached maximum calls per month allowed limit.
2026-09-01 17:41:15,952 [WARNING] [MainThread] [root/weather.py:610]: Error processing weather data: Weather data is empty.. Retrying fetch in 10 seconds.
2026-09-01 17:41:15,958 [WARNING] [MainThread] [root/weather.py:610]: Error processing weather data: Weather data is empty.. Retrying fetch in 10 seconds.
2026-09-01 17:41:15,963 [WARNING] [MainThread] [root/weather.py:610]: Error processing weather data: Weather data is empty.. Retrying fetch in 10 seconds.
2026-09-01 17:41:15,970 [ERROR] [MainThread] [root/api.py:84]: Weather response error 403: API key has reached maximum calls per month allowed limit.
2026-09-01 17:41:15,986 [ERROR] [MainThread] [root/api.py:84]: Weather response error 403: API key has reached maximum calls per month allowed limit.
2026-09-01 17:41:26,098 [ERROR] [MainThread] [root/api.py:84]: Weather response error 403: API key has reached maximum calls per month allowed limit.
2026-09-01 17:41:26,098 [WARNING] [MainThread] [root/weather.py:610]: Error processing weather data: Weather data is empty.. Retrying fetch in 10 seconds.
2026-09-01 17:41:26,104 [WARNING] [MainThread] [root/weather.py:610]: Error processing weather data: Weather data is empty.. Retrying fetch in 10 seconds.
2026-09-01 17:41:26,110 [WARNING] [MainThread] [root/weather.py:610]: Error processing weather data: Weather data is empty.. Retrying fetch in 10 seconds.
2026-09-01 17:41:26,116 [ERROR] [MainThread] [root/api.py:84]: Weather response error 403: API key has reached maximum calls per month allowed limit.
2026-09-01 17:41:26,134 [ERROR] [MainThread] [root/api.py:84]: Weather response error 403: API key has reached maximum calls per month allowed limit.
2026-09-01 17:41:36,250 [ERROR] [MainThread] [root/api.py:84]: Weather response error 403: API key has reached maximum calls per month allowed limit.
2026-09-01 17:41:36,250 [WARNING] [MainThread] [root/weather.py:610]: Error processing weather data: Weather data is empty.. Retrying fetch in 10 seconds.
2026-09-01 17:41:36,256 [WARNING] [MainThread] [root/weather.py:610]: Error processing weather data: Weather data is empty.. Retrying fetch in 10 seconds.
2026-09-01 17:41:36,262 [WARNING] [MainThread] [root/weather.py:610]: Error processing weather data: Weather data is empty.. Retrying fetch in 10 seconds.
2026-09-01 17:41:36,267 [ERROR] [MainThread] [root/api.py:84]: Weather response error 403: API key has reached maximum calls per month allowed limit.
2026-09-01 17:41:36,284 [ERROR] [MainThread] [root/api.py:84]: Weather response error 403: API key has reached maximum calls per month allowed limit.
2026-09-01 17:41:46,407 [ERROR] [MainThread] [root/api.py:84]: Weather response error 403: API key has reached maximum calls per month allowed limit.
2026-09-01 17:41:46,407 [WARNING] [MainThread] [root/weather.py:610]: Error processing weather data: Weather data is empty.. Retrying fetch in 10 seconds.
2026-09-01 17:41:46,413 [WARNING] [MainThread] [root/weather.py:610]: Error processing weather data: Weather data is empty.. Retrying fetch in 10 seconds.
2026-09-01 17:41:46,418 [WARNING] [MainThread] [root/weather.py:610]: Error processing weather data: Weather data is empty.. Retrying fetch in 10 seconds.
2026-09-01 17:41:46,424 [ERROR] [MainThread] [root/api.py:84]: Weather response error 403: API key has reached maximum calls per month allowed limit.
2026-09-01 17:41:46,441 [ERROR] [MainThread] [root/api.py:84]: Weather response error 403: API key has reached maximum calls per month allowed limit.
2026-09-01 17:41:56,557 [ERROR] [MainThread] [root/api.py:84]: Weather response error 403: API key has reached maximum calls per month allowed limit.
2026-09-01 17:41:56,557 [WARNING] [MainThread] [root/weather.py:610]: Error processing weather data: Weather data is empty.. Retrying fetch in 10 seconds.
2026-09-01 17:41:56,563 [WARNING] [MainThread] [root/weather.py:610]: Error processing weather data: Weather data is empty.. Retrying fetch in 10 seconds.
2026-09-01 17:41:56,568 [WARNING] [MainThread] [root/weather.py:610]: Error processing weather data: Weather data is empty.. Retrying fetch in 10 seconds.
2026-09-01 17:41:56,574 [ERROR] [MainThread] [root/api.py:84]: Weather response error 403: API key has reached maximum calls per month allowed limit.
2026-09-01 17:41:56,591 [ERROR] [MainThread] [root/api.py:84]: Weather response error 403: API key has reached maximum calls per month allowed limit.
2026-09-01 17:42:06,691 [ERROR] [MainThread] [root/api.py:84]: Weather response error 403: API key has reached maximum calls per month allowed limit.
2026-09-01 17:42:06,692 [WARNING] [MainThread] [root/weather.py:610]: Error processing weather data: Weather data is empty.. Retrying fetch in 10 seconds.
2026-09-01 17:42:06,697 [WARNING] [MainThread] [root/weather.py:610]: Error processing weather data: Weather data is empty.. Retrying fetch in 10 seconds.
2026-09-01 17:42:06,703 [WARNING] [MainThread] [root/weather.py:610]: Error processing weather data: Weather data is empty.. Retrying fetch in 10 seconds.
2026-09-01 17:42:06,710 [ERROR] [MainThread] [root/api.py:84]: Weather response error 403: API key has reached maximum calls per month allowed limit.
2026-09-01 17:42:06,727 [ERROR] [MainThread] [root/api.py:84]: Weather response error 403: API key has reached maximum calls per month allowed limit.
2026-09-01 17:42:16,840 [ERROR] [MainThread] [root/api.py:84]: Weather response error 403: API key has reached maximum calls per month allowed limit.
2026-09-01 17:42:16,840 [WARNING] [MainThread] [root/weather.py:610]: Error processing weather data: Weather data is empty.. Retrying fetch in 10 seconds.
2026-09-01 17:42:16,846 [WARNING] [MainThread] [root/weather.py:610]: Error processing weather data: Weather data is empty.. Retrying fetch in 10 seconds.
2026-09-01 17:42:16,851 [WARNING] [MainThread] [root/weather.py:610]: Error processing weather data: Weather data is empty.. Retrying fetch in 10 seconds.
2026-09-01 17:42:16,857 [ERROR] [MainThread] [root/api.py:84]: Weather response error 403: API key has reached maximum calls per month allowed limit.
2026-09-01 17:42:16,873 [ERROR] [MainThread] [root/api.py:84]: Weather response error 403: API key has reached maximum calls per month allowed limit.
2026-09-01 17:42:27,004 [ERROR] [MainThread] [root/api.py:84]: Weather response error 403: API key has reached maximum calls per month allowed limit.
2026-09-01 17:42:27,004 [WARNING] [MainThread] [root/weather.py:610]: Error processing weather data: Weather data is empty.. Retrying fetch in 10 seconds.
2026-09-01 17:42:27,009 [WARNING] [MainThread] [root/weather.py:610]: Error processing weather data: Weather data is empty.. Retrying fetch in 10 seconds.
2026-09-01 17:42:27,015 [WARNING] [MainThread] [root/weather.py:610]: Error processing weather data: Weather data is empty.. Retrying fetch in 10 seconds.
2026-09-01 17:42:27,021 [ERROR] [MainThread] [root/api.py:84]: Weather response error 403: API key has reached maximum calls per month allowed limit.
2026-09-01 17:42:27,038 [ERROR] [MainThread] [root/api.py:84]: Weather response error 403: API key has reached maximum calls per month allowed limit.
2026-09-01 17:42:37,145 [ERROR] [MainThread] [root/api.py:84]: Weather response error 403: API key has reached maximum calls per month allowed limit.
2026-09-01 17:42:37,145 [WARNING] [MainThread] [root/weather.py:610]: Error processing weather data: Weather data is empty.. Retrying fetch in 10 seconds.
2026-09-01 17:42:37,151 [WARNING] [MainThread] [root/weather.py:610]: Error processing weather data: Weather data is empty.. Retrying fetch in 10 seconds.
2026-09-01 17:42:37,157 [WARNING] [MainThread] [root/weather.py:610]: Error processing weather data: Weather data is empty.. Retrying fetch in 10 seconds.
2026-09-01 17:42:37,162 [ERROR] [MainThread] [root/api.py:84]: Weather response error 403: API key has reached maximum calls per month allowed limit.
2026-09-01 17:42:37,179 [ERROR] [MainThread] [root/api.py:84]: Weather response error 403: API key has reached maximum calls per month allowed limit.
2026-09-01 17:42:47,283 [ERROR] [MainThread] [root/api.py:84]: Weather response error 403: API key has reached maximum calls per month allowed limit.
2026-09-01 17:42:47,283 [WARNING] [MainThread] [root/weather.py:610]: Error processing weather data: Weather data is empty.. Retrying fetch in 10 seconds.
2026-09-01 17:42:47,289 [WARNING] [MainThread] [root/weather.py:610]: Error processing weather data: Weather data is empty.. Retrying fetch in 10 seconds.
2026-09-01 17:42:47,294 [WARNING] [MainThread] [root/weather.py:610]: Error processing weather data: Weather data is empty.. Retrying fetch in 10 seconds.
2026-09-01 17:42:47,300 [ERROR] [MainThread] [root/api.py:84]: Weather response error 403: API key has reached maximum calls per month allowed limit.
2026-09-01 17:42:47,316 [ERROR] [MainThread] [root/api.py:84]: Weather response error 403: API key has reached maximum calls per month allowed limit.
2026-09-01 17:42:52,822 [ERROR] [MainThread] [root/api.py:84]: Weather response error 403: API key has reached maximum calls per month allowed limit.
2026-09-01 17:42:57,428 [ERROR] [MainThread] [root/api.py:84]: Weather response error 403: API key has reached maximum calls per month allowed limit.
2026-09-01 17:42:57,429 [WARNING] [MainThread] [root/weather.py:610]: Error processing weather data: Weather data is empty.. Retrying fetch in 10 seconds.
2026-09-01 17:42:57,435 [WARNING] [MainThread] [root/weather.py:610]: Error processing weather data: Weather data is empty.. Retrying fetch in 10 seconds.
2026-09-01 17:42:57,440 [WARNING] [MainThread] [root/weather.py:610]: Error processing weather data: Weather data is empty.. Retrying fetch in 10 seconds.
2026-09-01 17:42:57,446 [ERROR] [MainThread] [root/api.py:84]: Weather response error 403: API key has reached maximum calls per month allowed limit.
2026-09-01 17:42:57,462 [ERROR] [MainThread] [root/api.py:84]: Weather response error 403: API key has reached maximum calls per month allowed limit.
2026-09-01 17:43:07,577 [ERROR] [MainThread] [root/api.py:84]: Weather response error 403: API key has reached maximum calls per month allowed limit.
2026-09-01 17:43:07,577 [WARNING] [MainThread] [root/weather.py:610]: Error processing weather data: Weather data is empty.. Retrying fetch in 10 seconds.
2026-09-01 17:43:07,583 [WARNING] [MainThread] [root/weather.py:610]: Error processing weather data: Weather data is empty.. Retrying fetch in 10 seconds.
2026-09-01 17:43:07,588 [WARNING] [MainThread] [root/weather.py:610]: Error processing weather data: Weather data is empty.. Retrying fetch in 10 seconds.
2026-09-01 17:43:07,594 [ERROR] [MainThread] [root/api.py:84]: Weather response error 403: API key has reached maximum calls per month allowed limit.
2026-09-01 17:43:07,611 [ERROR] [MainThread] [root/api.py:84]: Weather response error 403: API key has reached maximum calls per month allowed limit.
2026-09-01 17:43:17,720 [ERROR] [MainThread] [root/api.py:84]: Weather response error 403: API key has reached maximum calls per month allowed limit.
2026-09-01 17:43:17,720 [WARNING] [MainThread] [root/weather.py:610]: Error processing weather data: Weather data is empty.. Retrying fetch in 10 seconds.
2026-09-01 17:43:17,726 [WARNING] [MainThread] [root/weather.py:610]: Error processing weather data: Weather data is empty.. Retrying fetch in 10 seconds.
2026-09-01 17:43:17,732 [WARNING] [MainThread] [root/weather.py:610]: Error processing weather data: Weather data is empty.. Retrying fetch in 10 seconds.
2026-09-01 17:43:17,738 [ERROR] [MainThread] [root/api.py:84]: Weather response error 403: API key has reached maximum calls per month allowed limit.
2026-09-01 17:43:17,754 [ERROR] [MainThread] [root/api.py:84]: Weather response error 403: API key has reached maximum calls per month allowed limit.
2026-09-01 17:43:27,878 [ERROR] [MainThread] [root/api.py:84]: Weather response error 403: API key has reached maximum calls per month allowed limit.
2026-09-01 17:43:27,878 [WARNING] [MainThread] [root/weather.py:610]: Error processing weather data: Weather data is empty.. Retrying fetch in 10 seconds.
2026-09-01 17:43:27,884 [WARNING] [MainThread] [root/weather.py:610]: Error processing weather data: Weather data is empty.. Retrying fetch in 10 seconds.
2026-09-01 17:43:27,890 [WARNING] [MainThread] [root/weather.py:610]: Error processing weather data: Weather data is empty.. Retrying fetch in 10 seconds.
2026-09-01 17:43:27,896 [ERROR] [MainThread] [root/api.py:84]: Weather response error 403: API key has reached maximum calls per month allowed limit.
2026-09-01 17:43:27,915 [ERROR] [MainThread] [root/api.py:84]: Weather response error 403: API key has reached maximum calls per month allowed limit.
2026-09-01 17:43:38,037 [ERROR] [MainThread] [root/api.py:84]: Weather response error 403: API key has reached maximum calls per month allowed limit.
2026-09-01 17:43:38,037 [WARNING] [MainThread] [root/weather.py:610]: Error processing weather data: Weather data is empty.. Retrying fetch in 10 seconds.
2026-09-01 17:43:38,043 [WARNING] [MainThread] [root/weather.py:610]: Error processing weather data: Weather data is empty.. Retrying fetch in 10 seconds.
2026-09-01 17:43:38,049 [WARNING] [MainThread] [root/weather.py:610]: Error processing weather data: Weather data is empty.. Retrying fetch in 10 seconds.
2026-09-01 17:43:38,054 [ERROR] [MainThread] [root/api.py:84]: Weather response error 403: API key has reached maximum calls per month allowed limit.
2026-09-01 17:43:38,071 [ERROR] [MainThread] [root/api.py:84]: Weather response error 403: API key has reached maximum calls per month allowed limit.
2026-09-01 17:43:48,174 [ERROR] [MainThread] [root/api.py:84]: Weather response error 403: API key has reached maximum calls per month allowed limit.
2026-09-01 17:43:48,174 [WARNING] [MainThread] [root/weather.py:610]: Error processing weather data: Weather data is empty.. Retrying fetch in 10 seconds.
2026-09-01 17:43:48,179 [WARNING] [MainThread] [root/weather.py:610]: Error processing weather data: Weather data is empty.. Retrying fetch in 10 seconds.
2026-09-01 17:43:48,185 [WARNING] [MainThread] [root/weather.py:610]: Error processing weather data: Weather data is empty.. Retrying fetch in 10 seconds.
2026-09-01 17:43:48,191 [ERROR] [MainThread] [root/api.py:84]: Weather response error 403: API key has reached maximum calls per month allowed limit.
2026-09-01 17:43:48,208 [ERROR] [MainThread] [root/api.py:84]: Weather response error 403: API key has reached maximum calls per month allowed limit.
2026-09-01 17:43:58,320 [ERROR] [MainThread] [root/api.py:84]: Weather response error 403: API key has reached maximum calls per month allowed limit.
2026-09-01 17:43:58,320 [WARNING] [MainThread] [root/weather.py:610]: Error processing weather data: Weather data is empty.. Retrying fetch in 10 seconds.
2026-09-01 17:43:58,326 [WARNING] [MainThread] [root/weather.py:610]: Error processing weather data: Weather data is empty.. Retrying fetch in 10 seconds.
2026-09-01 17:43:58,331 [WARNING] [MainThread] [root/weather.py:610]: Error processing weather data: Weather data is empty.. Retrying fetch in 10 seconds.
2026-09-01 17:43:58,337 [ERROR] [MainThread] [root/api.py:84]: Weather response error 403: API key has reached maximum calls per month allowed limit.
2026-09-01 17:43:58,429 [ERROR] [MainThread] [root/api.py:84]: Weather response error 403: API key has reached maximum calls per month allowed limit.
2026-09-01 17:44:08,468 [ERROR] [MainThread] [root/api.py:84]: Weather response error 403: API key has reached maximum calls per month allowed limit.
2026-09-01 17:44:08,469 [WARNING] [MainThread] [root/weather.py:610]: Error processing weather data: Weather data is empty.. Retrying fetch in 10 seconds.
2026-09-01 17:44:08,475 [WARNING] [MainThread] [root/weather.py:610]: Error processing weather data: Weather data is empty.. Retrying fetch in 10 seconds.
2026-09-01 17:44:08,480 [WARNING] [MainThread] [root/weather.py:610]: Error processing weather data: Weather data is empty.. Retrying fetch in 10 seconds.
2026-09-01 17:44:08,486 [ERROR] [MainThread] [root/api.py:84]: Weather response error 403: API key has reached maximum calls per month allowed limit.
2026-09-01 17:44:08,503 [ERROR] [MainThread] [root/api.py:84]: Weather response error 403: API key has reached maximum calls per month allowed limit.
2026-09-01 17:44:18,630 [ERROR] [MainThread] [root/api.py:84]: Weather response error 403: API key has reached maximum calls per month allowed limit.
2026-09-01 17:44:18,630 [WARNING] [MainThread] [root/weather.py:610]: Error processing weather data: Weather data is empty.. Retrying fetch in 10 seconds.
2026-09-01 17:44:18,636 [WARNING] [MainThread] [root/weather.py:610]: Error processing weather data: Weather data is empty.. Retrying fetch in 10 seconds.
2026-09-01 17:44:18,641 [WARNING] [MainThread] [root/weather.py:610]: Error processing weather data: Weather data is empty.. Retrying fetch in 10 seconds.
2026-09-01 17:44:18,647 [ERROR] [MainThread] [root/api.py:84]: Weather response error 403: API key has reached maximum calls per month allowed limit.
2026-09-01 17:44:18,663 [ERROR] [MainThread] [root/api.py:84]: Weather response error 403: API key has reached maximum calls per month allowed limit.
2026-09-01 17:44:28,775 [ERROR] [MainThread] [root/api.py:84]: Weather response error 403: API key has reached maximum calls per month allowed limit.
2026-09-01 17:44:28,775 [WARNING] [MainThread] [root/weather.py:610]: Error processing weather data: Weather data is empty.. Retrying fetch in 10 seconds.
2026-09-01 17:44:28,781 [WARNING] [MainThread] [root/weather.py:610]: Error processing weather data: Weather data is empty.. Retrying fetch in 10 seconds.
2026-09-01 17:44:28,787 [WARNING] [MainThread] [root/weather.py:610]: Error processing weather data: Weather data is empty.. Retrying fetch in 10 seconds.
2026-09-01 17:44:28,792 [ERROR] [MainThread] [root/api.py:84]: Weather response error 403: API key has reached maximum calls per month allowed limit.
2026-09-01 17:44:28,810 [ERROR] [MainThread] [root/api.py:84]: Weather response error 403: API key has reached maximum calls per month allowed limit.
2026-09-01 17:44:38,922 [ERROR] [MainThread] [root/api.py:84]: Weather response error 403: API key has reached maximum calls per month allowed limit.
2026-09-01 17:44:38,922 [WARNING] [MainThread] [root/weather.py:610]: Error processing weather data: Weather data is empty.. Retrying fetch in 10 seconds.
2026-09-01 17:44:38,928 [WARNING] [MainThread] [root/weather.py:610]: Error processing weather data: Weather data is empty.. Retrying fetch in 10 seconds.
2026-09-01 17:44:38,934 [WARNING] [MainThread] [root/weather.py:610]: Error processing weather data: Weather data is empty.. Retrying fetch in 10 seconds.
2026-09-01 17:44:38,940 [ERROR] [MainThread] [root/api.py:84]: Weather response error 403: API key has reached maximum calls per month allowed limit.
2026-09-01 17:44:38,960 [ERROR] [MainThread] [root/api.py:84]: Weather response error 403: API key has reached maximum calls per month allowed limit.
2026-09-01 17:44:49,067 [ERROR] [MainThread] [root/api.py:84]: Weather response error 403: API key has reached maximum calls per month allowed limit.
2026-09-01 17:44:49,067 [WARNING] [MainThread] [root/weather.py:610]: Error processing weather data: Weather data is empty.. Retrying fetch in 10 seconds.
2026-09-01 17:44:49,073 [WARNING] [MainThread] [root/weather.py:610]: Error processing weather data: Weather data is empty.. Retrying fetch in 10 seconds.
2026-09-01 17:44:49,078 [WARNING] [MainThread] [root/weather.py:610]: Error processing weather data: Weather data is empty.. Retrying fetch in 10 seconds.
2026-09-01 17:44:49,084 [ERROR] [MainThread] [root/api.py:84]: Weather response error 403: API key has reached maximum calls per month allowed limit.
2026-09-01 17:44:49,168 [ERROR] [MainThread] [root/api.py:84]: Weather response error 403: API key has reached maximum calls per month allowed limit.
2026-09-01 17:44:59,232 [ERROR] [MainThread] [root/api.py:84]: Weather response error 403: API key has reached maximum calls per month allowed limit.
2026-09-01 17:44:59,232 [WARNING] [MainThread] [root/weather.py:610]: Error processing weather data: Weather data is empty.. Retrying fetch in 10 seconds.
2026-09-01 17:44:59,238 [WARNING] [MainThread] [root/weather.py:610]: Error processing weather data: Weather data is empty.. Retrying fetch in 10 seconds.
2026-09-01 17:44:59,244 [WARNING] [MainThread] [root/weather.py:610]: Error processing weather data: Weather data is empty.. Retrying fetch in 10 seconds.
2026-09-01 17:44:59,250 [ERROR] [MainThread] [root/api.py:84]: Weather response error 403: API key has reached maximum calls per month allowed limit.
2026-09-01 17:44:59,267 [ERROR] [MainThread] [root/api.py:84]: Weather response error 403: API key has reached maximum calls per month allowed limit.
2026-09-01 17:45:09,384 [ERROR] [MainThread] [root/api.py:84]: Weather response error 403: API key has reached maximum calls per month allowed limit.
2026-09-01 17:45:09,385 [WARNING] [MainThread] [root/weather.py:610]: Error processing weather data: Weather data is empty.. Retrying fetch in 10 seconds.
2026-09-01 17:45:09,391 [WARNING] [MainThread] [root/weather.py:610]: Error processing weather data: Weather data is empty.. Retrying fetch in 10 seconds.
2026-09-01 17:45:09,396 [WARNING] [MainThread] [root/weather.py:610]: Error processing weather data: Weather data is empty.. Retrying fetch in 10 seconds.
2026-09-01 17:45:09,402 [ERROR] [MainThread] [root/api.py:84]: Weather response error 403: API key has reached maximum calls per month allowed limit.
2026-09-01 17:45:09,419 [ERROR] [MainThread] [root/api.py:84]: Weather response error 403: API key has reached maximum calls per month allowed limit.
2026-09-01 17:45:19,525 [ERROR] [MainThread] [root/api.py:84]: Weather response error 403: API key has reached maximum calls per month allowed limit.
2026-09-01 17:45:19,525 [WARNING] [MainThread] [root/weather.py:610]: Error processing weather data: Weather data is empty.. Retrying fetch in 10 seconds.
2026-09-01 17:45:19,531 [WARNING] [MainThread] [root/weather.py:610]: Error processing weather data: Weather data is empty.. Retrying fetch in 10 seconds.
2026-09-01 17:45:19,537 [WARNING] [MainThread] [root/weather.py:610]: Error processing weather data: Weather data is empty.. Retrying fetch in 10 seconds.
2026-09-01 17:45:19,543 [ERROR] [MainThread] [root/api.py:84]: Weather response error 403: API key has reached maximum calls per month allowed limit.
2026-09-01 17:45:19,559 [ERROR] [MainThread] [root/api.py:84]: Weather response error 403: API key has reached maximum calls per month allowed limit.
2026-09-01 17:45:29,671 [ERROR] [MainThread] [root/api.py:84]: Weather response error 403: API key has reached maximum calls per month allowed limit.
2026-09-01 17:45:29,671 [WARNING] [MainThread] [root/weather.py:610]: Error processing weather data: Weather data is empty.. Retrying fetch in 10 seconds.
2026-09-01 17:45:29,677 [WARNING] [MainThread] [root/weather.py:610]: Error processing weather data: Weather data is empty.. Retrying fetch in 10 seconds.
2026-09-01 17:45:29,683 [WARNING] [MainThread] [root/weather.py:610]: Error processing weather data: Weather data is empty.. Retrying fetch in 10 seconds.
2026-09-01 17:45:29,688 [ERROR] [MainThread] [root/api.py:84]: Weather response error 403: API key has reached maximum calls per month allowed limit.
2026-09-01 17:45:29,706 [ERROR] [MainThread] [root/api.py:84]: Weather response error 403: API key has reached maximum calls per month allowed limit.
2026-09-01 17:45:39,829 [ERROR] [MainThread] [root/api.py:84]: Weather response error 403: API key has reached maximum calls per month allowed limit.
2026-09-01 17:45:39,829 [WARNING] [MainThread] [root/weather.py:610]: Error processing weather data: Weather data is empty.. Retrying fetch in 10 seconds.
2026-09-01 17:45:39,835 [WARNING] [MainThread] [root/weather.py:610]: Error processing weather data: Weather data is empty.. Retrying fetch in 10 seconds.
2026-09-01 17:45:39,841 [WARNING] [MainThread] [root/weather.py:610]: Error processing weather data: Weather data is empty.. Retrying fetch in 10 seconds.
2026-09-01 17:45:39,846 [ERROR] [MainThread] [root/api.py:84]: Weather response error 403: API key has reached maximum calls per month allowed limit.
2026-09-01 17:45:39,863 [ERROR] [MainThread] [root/api.py:84]: Weather response error 403: API key has reached maximum calls per month allowed limit.
2026-09-01 17:45:50,032 [ERROR] [MainThread] [root/api.py:84]: Weather response error 403: API key has reached maximum calls per month allowed limit.
2026-09-01 17:45:50,033 [WARNING] [MainThread] [root/weather.py:610]: Error processing weather data: Weather data is empty.. Retrying fetch in 10 seconds.
2026-09-01 17:45:50,038 [WARNING] [MainThread] [root/weather.py:610]: Error processing weather data: Weather data is empty.. Retrying fetch in 10 seconds.
2026-09-01 17:45:50,044 [WARNING] [MainThread] [root/weather.py:610]: Error processing weather data: Weather data is empty.. Retrying fetch in 10 seconds.
2026-09-01 17:45:50,050 [ERROR] [MainThread] [root/api.py:84]: Weather response error 403: API key has reached maximum calls per month allowed limit.
2026-09-01 17:45:50,132 [ERROR] [MainThread] [root/api.py:84]: Weather response error 403: API key has reached maximum calls per month allowed limit.
2026-09-01 17:46:00,179 [ERROR] [MainThread] [root/api.py:84]: Weather response error 403: API key has reached maximum calls per month allowed limit.
2026-09-01 17:46:00,179 [WARNING] [MainThread] [root/weather.py:610]: Error processing weather data: Weather data is empty.. Retrying fetch in 10 seconds.
2026-09-01 17:46:00,185 [WARNING] [MainThread] [root/weather.py:610]: Error processing weather data: Weather data is empty.. Retrying fetch in 10 seconds.
2026-09-01 17:46:00,191 [WARNING] [MainThread] [root/weather.py:610]: Error processing weather data: Weather data is empty.. Retrying fetch in 10 seconds.
2026-09-01 17:46:00,198 [ERROR] [MainThread] [root/api.py:84]: Weather response error 403: API key has reached maximum calls per month allowed limit.
2026-09-01 17:46:00,262 [ERROR] [MainThread] [root/api.py:84]: Weather response error 403: API key has reached maximum calls per month allowed limit.
2026-09-01 17:46:10,343 [ERROR] [MainThread] [root/api.py:84]: Weather response error 403: API key has reached maximum calls per month allowed limit.
2026-09-01 17:46:10,343 [WARNING] [MainThread] [root/weather.py:610]: Error processing weather data: Weather data is empty.. Retrying fetch in 10 seconds.
2026-09-01 17:46:10,349 [WARNING] [MainThread] [root/weather.py:610]: Error processing weather data: Weather data is empty.. Retrying fetch in 10 seconds.
2026-09-01 17:46:10,355 [WARNING] [MainThread] [root/weather.py:610]: Error processing weather data: Weather data is empty.. Retrying fetch in 10 seconds.
2026-09-01 17:46:10,360 [ERROR] [MainThread] [root/api.py:84]: Weather response error 403: API key has reached maximum calls per month allowed limit.
2026-09-01 17:46:10,439 [ERROR] [MainThread] [root/api.py:84]: Weather response error 403: API key has reached maximum calls per month allowed limit.
2026-09-01 17:46:20,499 [ERROR] [MainThread] [root/api.py:84]: Weather response error 403: API key has reached maximum calls per month allowed limit.
2026-09-01 17:46:20,499 [WARNING] [MainThread] [root/weather.py:610]: Error processing weather data: Weather data is empty.. Retrying fetch in 10 seconds.
2026-09-01 17:46:20,505 [WARNING] [MainThread] [root/weather.py:610]: Error processing weather data: Weather data is empty.. Retrying fetch in 10 seconds.
2026-09-01 17:46:20,511 [WARNING] [MainThread] [root/weather.py:610]: Error processing weather data: Weather data is empty.. Retrying fetch in 10 seconds.
2026-09-01 17:46:20,516 [ERROR] [MainThread] [root/api.py:84]: Weather response error 403: API key has reached maximum calls per month allowed limit.
2026-09-01 17:46:20,533 [ERROR] [MainThread] [root/api.py:84]: Weather response error 403: API key has reached maximum calls per month allowed limit.
2026-09-01 17:46:30,659 [ERROR] [MainThread] [root/api.py:84]: Weather response error 403: API key has reached maximum calls per month allowed limit.
2026-09-01 17:46:30,660 [WARNING] [MainThread] [root/weather.py:610]: Error processing weather data: Weather data is empty.. Retrying fetch in 10 seconds.
2026-09-01 17:46:30,665 [WARNING] [MainThread] [root/weather.py:610]: Error processing weather data: Weather data is empty.. Retrying fetch in 10 seconds.
2026-09-01 17:46:30,671 [WARNING] [MainThread] [root/weather.py:610]: Error processing weather data: Weather data is empty.. Retrying fetch in 10 seconds.
2026-09-01 17:46:30,677 [ERROR] [MainThread] [root/api.py:84]: Weather response error 403: API key has reached maximum calls per month allowed limit.
2026-09-01 17:46:30,694 [ERROR] [MainThread] [root/api.py:84]: Weather response error 403: API key has reached maximum calls per month allowed limit.
2026-09-01 17:46:40,813 [ERROR] [MainThread] [root/api.py:84]: Weather response error 403: API key has reached maximum calls per month allowed limit.
2026-09-01 17:46:40,813 [WARNING] [MainThread] [root/weather.py:610]: Error processing weather data: Weather data is empty.. Retrying fetch in 10 seconds.
2026-09-01 17:46:40,819 [WARNING] [MainThread] [root/weather.py:610]: Error processing weather data: Weather data is empty.. Retrying fetch in 10 seconds.
2026-09-01 17:46:40,825 [WARNING] [MainThread] [root/weather.py:610]: Error processing weather data: Weather data is empty.. Retrying fetch in 10 seconds.
2026-09-01 17:46:40,830 [ERROR] [MainThread] [root/api.py:84]: Weather response error 403: API key has reached maximum calls per month allowed limit.
2026-09-01 17:46:40,848 [ERROR] [MainThread] [root/api.py:84]: Weather response error 403: API key has reached maximum calls per month allowed limit.
2026-09-01 17:46:50,967 [ERROR] [MainThread] [root/api.py:84]: Weather response error 403: API key has reached maximum calls per month allowed limit.
2026-09-01 17:46:50,968 [WARNING] [MainThread] [root/weather.py:610]: Error processing weather data: Weather data is empty.. Retrying fetch in 10 seconds.
2026-09-01 17:46:50,974 [WARNING] [MainThread] [root/weather.py:610]: Error processing weather data: Weather data is empty.. Retrying fetch in 10 seconds.
2026-09-01 17:46:50,980 [WARNING] [MainThread] [root/weather.py:610]: Error processing weather data: Weather data is empty.. Retrying fetch in 10 seconds.
2026-09-01 17:46:50,986 [ERROR] [MainThread] [root/api.py:84]: Weather response error 403: API key has reached maximum calls per month allowed limit.
2026-09-01 17:46:51,003 [ERROR] [MainThread] [root/api.py:84]: Weather response error 403: API key has reached maximum calls per month allowed limit.
2026-09-01 17:47:01,117 [ERROR] [MainThread] [root/api.py:84]: Weather response error 403: API key has reached maximum calls per month allowed limit.
2026-09-01 17:47:01,117 [WARNING] [MainThread] [root/weather.py:610]: Error processing weather data: Weather data is empty.. Retrying fetch in 10 seconds.
2026-09-01 17:47:01,123 [WARNING] [MainThread] [root/weather.py:610]: Error processing weather data: Weather data is empty.. Retrying fetch in 10 seconds.
2026-09-01 17:47:01,129 [WARNING] [MainThread] [root/weather.py:610]: Error processing weather data: Weather data is empty.. Retrying fetch in 10 seconds.
2026-09-01 17:47:01,135 [ERROR] [MainThread] [root/api.py:84]: Weather response error 403: API key has reached maximum calls per month allowed limit.
2026-09-01 17:47:01,152 [ERROR] [MainThread] [root/api.py:84]: Weather response error 403: API key has reached maximum calls per month allowed limit.
2026-09-01 17:47:11,266 [ERROR] [MainThread] [root/api.py:84]: Weather response error 403: API key has reached maximum calls per month allowed limit.
2026-09-01 17:47:11,266 [WARNING] [MainThread] [root/weather.py:610]: Error processing weather data: Weather data is empty.. Retrying fetch in 10 seconds.
2026-09-01 17:47:11,272 [WARNING] [MainThread] [root/weather.py:610]: Error processing weather data: Weather data is empty.. Retrying fetch in 10 seconds.
2026-09-01 17:47:11,278 [WARNING] [MainThread] [root/weather.py:610]: Error processing weather data: Weather data is empty.. Retrying fetch in 10 seconds.
2026-09-01 17:47:11,284 [ERROR] [MainThread] [root/api.py:84]: Weather response error 403: API key has reached maximum calls per month allowed limit.
2026-09-01 17:47:11,301 [ERROR] [MainThread] [root/api.py:84]: Weather response error 403: API key has reached maximum calls per month allowed limit.
2026-09-01 17:47:21,420 [ERROR] [MainThread] [root/api.py:84]: Weather response error 403: API key has reached maximum calls per month allowed limit.
2026-09-01 17:47:21,421 [WARNING] [MainThread] [root/weather.py:610]: Error processing weather data: Weather data is empty.. Retrying fetch in 10 seconds.
2026-09-01 17:47:21,427 [WARNING] [MainThread] [root/weather.py:610]: Error processing weather data: Weather data is empty.. Retrying fetch in 10 seconds.
2026-09-01 17:47:21,432 [WARNING] [MainThread] [root/weather.py:610]: Error processing weather data: Weather data is empty.. Retrying fetch in 10 seconds.
2026-09-01 17:47:21,439 [ERROR] [MainThread] [root/api.py:84]: Weather response error 403: API key has reached maximum calls per month allowed limit.
2026-09-01 17:47:21,455 [ERROR] [MainThread] [root/api.py:84]: Weather response error 403: API key has reached maximum calls per month allowed limit.
2026-09-01 17:47:31,575 [ERROR] [MainThread] [root/api.py:84]: Weather response error 403: API key has reached maximum calls per month allowed limit.
2026-09-01 17:47:31,575 [WARNING] [MainThread] [root/weather.py:610]: Error processing weather data: Weather data is empty.. Retrying fetch in 10 seconds.
2026-09-01 17:47:31,581 [WARNING] [MainThread] [root/weather.py:610]: Error processing weather data: Weather data is empty.. Retrying fetch in 10 seconds.
2026-09-01 17:47:31,587 [WARNING] [MainThread] [root/weather.py:610]: Error processing weather data: Weather data is empty.. Retrying fetch in 10 seconds.
2026-09-01 17:47:31,592 [ERROR] [MainThread] [root/api.py:84]: Weather response error 403: API key has reached maximum calls per month allowed limit.
2026-09-01 17:47:31,673 [ERROR] [MainThread] [root/api.py:84]: Weather response error 403: API key has reached maximum calls per month allowed limit.
2026-09-01 17:47:41,731 [ERROR] [MainThread] [root/api.py:84]: Weather response error 403: API key has reached maximum calls per month allowed limit.
2026-09-01 17:47:41,732 [WARNING] [MainThread] [root/weather.py:610]: Error processing weather data: Weather data is empty.. Retrying fetch in 10 seconds.
2026-09-01 17:47:41,738 [WARNING] [MainThread] [root/weather.py:610]: Error processing weather data: Weather data is empty.. Retrying fetch in 10 seconds.
2026-09-01 17:47:41,743 [WARNING] [MainThread] [root/weather.py:610]: Error processing weather data: Weather data is empty.. Retrying fetch in 10 seconds.
2026-09-01 17:47:41,796 [ERROR] [MainThread] [root/api.py:84]: Weather response error 403: API key has reached maximum calls per month allowed limit.
2026-09-01 17:47:41,813 [ERROR] [MainThread] [root/api.py:84]: Weather response error 403: API key has reached maximum calls per month allowed limit.
2026-09-01 17:47:51,890 [ERROR] [MainThread] [root/api.py:84]: Weather response error 403: API key has reached maximum calls per month allowed limit.
2026-09-01 17:47:51,890 [WARNING] [MainThread] [root/weather.py:610]: Error processing weather data: Weather data is empty.. Retrying fetch in 10 seconds.
2026-09-01 17:47:51,896 [WARNING] [MainThread] [root/weather.py:610]: Error processing weather data: Weather data is empty.. Retrying fetch in 10 seconds.
2026-09-01 17:47:51,902 [WARNING] [MainThread] [root/weather.py:610]: Error processing weather data: Weather data is empty.. Retrying fetch in 10 seconds.
2026-09-01 17:47:51,908 [ERROR] [MainThread] [root/api.py:84]: Weather response error 403: API key has reached maximum calls per month allowed limit.
2026-09-01 17:47:51,992 [ERROR] [MainThread] [root/api.py:84]: Weather response error 403: API key has reached maximum calls per month allowed limit.
2026-09-01 17:48:02,041 [ERROR] [MainThread] [root/api.py:84]: Weather response error 403: API key has reached maximum calls per month allowed limit.
2026-09-01 17:48:02,041 [WARNING] [MainThread] [root/weather.py:610]: Error processing weather data: Weather data is empty.. Retrying fetch in 10 seconds.
2026-09-01 17:48:02,047 [WARNING] [MainThread] [root/weather.py:610]: Error processing weather data: Weather data is empty.. Retrying fetch in 10 seconds.
2026-09-01 17:48:02,052 [WARNING] [MainThread] [root/weather.py:610]: Error processing weather data: Weather data is empty.. Retrying fetch in 10 seconds.
2026-09-01 17:48:02,058 [ERROR] [MainThread] [root/api.py:84]: Weather response error 403: API key has reached maximum calls per month allowed limit.
2026-09-01 17:48:02,075 [ERROR] [MainThread] [root/api.py:84]: Weather response error 403: API key has reached maximum calls per month allowed limit.
2026-09-01 17:48:12,181 [ERROR] [MainThread] [root/api.py:84]: Weather response error 403: API key has reached maximum calls per month allowed limit.
2026-09-01 17:48:12,181 [WARNING] [MainThread] [root/weather.py:610]: Error processing weather data: Weather data is empty.. Retrying fetch in 10 seconds.
2026-09-01 17:48:12,187 [WARNING] [MainThread] [root/weather.py:610]: Error processing weather data: Weather data is empty.. Retrying fetch in 10 seconds.
2026-09-01 17:48:12,193 [WARNING] [MainThread] [root/weather.py:610]: Error processing weather data: Weather data is empty.. Retrying fetch in 10 seconds.
2026-09-01 17:48:12,200 [ERROR] [MainThread] [root/api.py:84]: Weather response error 403: API key has reached maximum calls per month allowed limit.
2026-09-01 17:48:12,217 [ERROR] [MainThread] [root/api.py:84]: Weather response error 403: API key has reached maximum calls per month allowed limit.
2026-09-01 17:48:22,326 [ERROR] [MainThread] [root/api.py:84]: Weather response error 403: API key has reached maximum calls per month allowed limit.
2026-09-01 17:48:22,327 [WARNING] [MainThread] [root/weather.py:610]: Error processing weather data: Weather data is empty.. Retrying fetch in 10 seconds.
2026-09-01 17:48:22,333 [WARNING] [MainThread] [root/weather.py:610]: Error processing weather data: Weather data is empty.. Retrying fetch in 10 seconds.
2026-09-01 17:48:22,338 [WARNING] [MainThread] [root/weather.py:610]: Error processing weather data: Weather data is empty.. Retrying fetch in 10 seconds.
2026-09-01 17:48:22,345 [ERROR] [MainThread] [root/api.py:84]: Weather response error 403: API key has reached maximum calls per month allowed limit.
2026-09-01 17:48:22,362 [ERROR] [MainThread] [root/api.py:84]: Weather response error 403: API key has reached maximum calls per month allowed limit.
2026-09-01 17:48:32,470 [ERROR] [MainThread] [root/api.py:84]: Weather response error 403: API key has reached maximum calls per month allowed limit.
2026-09-01 17:48:32,470 [WARNING] [MainThread] [root/weather.py:610]: Error processing weather data: Weather data is empty.. Retrying fetch in 10 seconds.
2026-09-01 17:48:32,476 [WARNING] [MainThread] [root/weather.py:610]: Error processing weather data: Weather data is empty.. Retrying fetch in 10 seconds.
2026-09-01 17:48:32,482 [WARNING] [MainThread] [root/weather.py:610]: Error processing weather data: Weather data is empty.. Retrying fetch in 10 seconds.
2026-09-01 17:48:32,488 [ERROR] [MainThread] [root/api.py:84]: Weather response error 403: API key has reached maximum calls per month allowed limit.
2026-09-01 17:48:32,505 [ERROR] [MainThread] [root/api.py:84]: Weather response error 403: API key has reached maximum calls per month allowed limit.
2026-09-01 17:48:42,625 [ERROR] [MainThread] [root/api.py:84]: Weather response error 403: API key has reached maximum calls per month allowed limit.
2026-09-01 17:48:42,625 [WARNING] [MainThread] [root/weather.py:610]: Error processing weather data: Weather data is empty.. Retrying fetch in 10 seconds.
2026-09-01 17:48:42,631 [WARNING] [MainThread] [root/weather.py:610]: Error processing weather data: Weather data is empty.. Retrying fetch in 10 seconds.
2026-09-01 17:48:42,636 [WARNING] [MainThread] [root/weather.py:610]: Error processing weather data: Weather data is empty.. Retrying fetch in 10 seconds.
2026-09-01 17:48:42,642 [ERROR] [MainThread] [root/api.py:84]: Weather response error 403: API key has reached maximum calls per month allowed limit.
2026-09-01 17:48:42,661 [ERROR] [MainThread] [root/api.py:84]: Weather response error 403: API key has reached maximum calls per month allowed limit.
2026-09-01 17:48:52,781 [ERROR] [MainThread] [root/api.py:84]: Weather response error 403: API key has reached maximum calls per month allowed limit.
2026-09-01 17:48:52,781 [WARNING] [MainThread] [root/weather.py:610]: Error processing weather data: Weather data is empty.. Retrying fetch in 10 seconds.
2026-09-01 17:48:52,787 [WARNING] [MainThread] [root/weather.py:610]: Error processing weather data: Weather data is empty.. Retrying fetch in 10 seconds.
2026-09-01 17:48:52,793 [WARNING] [MainThread] [root/weather.py:610]: Error processing weather data: Weather data is empty.. Retrying fetch in 10 seconds.
2026-09-01 17:48:52,799 [ERROR] [MainThread] [root/api.py:84]: Weather response error 403: API key has reached maximum calls per month allowed limit.
2026-09-01 17:48:52,816 [ERROR] [MainThread] [root/api.py:84]: Weather response error 403: API key has reached maximum calls per month allowed limit.
2026-09-01 17:49:02,932 [ERROR] [MainThread] [root/api.py:84]: Weather response error 403: API key has reached maximum calls per month allowed limit.
2026-09-01 17:49:02,932 [WARNING] [MainThread] [root/weather.py:610]: Error processing weather data: Weather data is empty.. Retrying fetch in 10 seconds.
2026-09-01 17:49:02,938 [WARNING] [MainThread] [root/weather.py:610]: Error processing weather data: Weather data is empty.. Retrying fetch in 10 seconds.
2026-09-01 17:49:02,944 [WARNING] [MainThread] [root/weather.py:610]: Error processing weather data: Weather data is empty.. Retrying fetch in 10 seconds.
2026-09-01 17:49:02,950 [ERROR] [MainThread] [root/api.py:84]: Weather response error 403: API key has reached maximum calls per month allowed limit.
2026-09-01 17:49:03,035 [ERROR] [MainThread] [root/api.py:84]: Weather response error 403: API key has reached maximum calls per month allowed limit.
2026-09-01 17:49:13,143 [ERROR] [MainThread] [root/api.py:84]: Weather response error 403: API key has reached maximum calls per month allowed limit.
2026-09-01 17:49:13,143 [WARNING] [MainThread] [root/weather.py:610]: Error processing weather data: Weather data is empty.. Retrying fetch in 10 seconds.
2026-09-01 17:49:13,149 [WARNING] [MainThread] [root/weather.py:610]: Error processing weather data: Weather data is empty.. Retrying fetch in 10 seconds.
2026-09-01 17:49:13,155 [WARNING] [MainThread] [root/weather.py:610]: Error processing weather data: Weather data is empty.. Retrying fetch in 10 seconds.
2026-09-01 17:49:13,160 [ERROR] [MainThread] [root/api.py:84]: Weather response error 403: API key has reached maximum calls per month allowed limit.
2026-09-01 17:49:13,177 [ERROR] [MainThread] [root/api.py:84]: Weather response error 403: API key has reached maximum calls per month allowed limit.
2026-09-01 17:49:23,290 [ERROR] [MainThread] [root/api.py:84]: Weather response error 403: API key has reached maximum calls per month allowed limit.
2026-09-01 17:49:23,290 [WARNING] [MainThread] [root/weather.py:610]: Error processing weather data: Weather data is empty.. Retrying fetch in 10 seconds.
2026-09-01 17:49:23,296 [WARNING] [MainThread] [root/weather.py:610]: Error processing weather data: Weather data is empty.. Retrying fetch in 10 seconds.
2026-09-01 17:49:23,302 [WARNING] [MainThread] [root/weather.py:610]: Error processing weather data: Weather data is empty.. Retrying fetch in 10 seconds.
2026-09-01 17:49:23,308 [ERROR] [MainThread] [root/api.py:84]: Weather response error 403: API key has reached maximum calls per month allowed limit.
2026-09-01 17:49:23,325 [ERROR] [MainThread] [root/api.py:84]: Weather response error 403: API key has reached maximum calls per month allowed limit.
2026-09-01 17:49:33,432 [ERROR] [MainThread] [root/api.py:84]: Weather response error 403: API key has reached maximum calls per month allowed limit.
2026-09-01 17:49:33,433 [WARNING] [MainThread] [root/weather.py:610]: Error processing weather data: Weather data is empty.. Retrying fetch in 10 seconds.
2026-09-01 17:49:33,439 [WARNING] [MainThread] [root/weather.py:610]: Error processing weather data: Weather data is empty.. Retrying fetch in 10 seconds.
2026-09-01 17:49:33,445 [WARNING] [MainThread] [root/weather.py:610]: Error processing weather data: Weather data is empty.. Retrying fetch in 10 seconds.
2026-09-01 17:49:33,451 [ERROR] [MainThread] [root/api.py:84]: Weather response error 403: API key has reached maximum calls per month allowed limit.
2026-09-01 17:49:33,471 [ERROR] [MainThread] [root/api.py:84]: Weather response error 403: API key has reached maximum calls per month allowed limit.
2026-09-01 17:49:43,571 [ERROR] [MainThread] [root/api.py:84]: Weather response error 403: API key has reached maximum calls per month allowed limit.
2026-09-01 17:49:43,571 [WARNING] [MainThread] [root/weather.py:610]: Error processing weather data: Weather data is empty.. Retrying fetch in 10 seconds.
2026-09-01 17:49:43,578 [WARNING] [MainThread] [root/weather.py:610]: Error processing weather data: Weather data is empty.. Retrying fetch in 10 seconds.
2026-09-01 17:49:43,584 [WARNING] [MainThread] [root/weather.py:610]: Error processing weather data: Weather data is empty.. Retrying fetch in 10 seconds.
2026-09-01 17:49:43,590 [ERROR] [MainThread] [root/api.py:84]: Weather response error 403: API key has reached maximum calls per month allowed limit.
2026-09-01 17:49:43,607 [ERROR] [MainThread] [root/api.py:84]: Weather response error 403: API key has reached maximum calls per month allowed limit.
2026-09-01 17:49:53,713 [ERROR] [MainThread] [root/api.py:84]: Weather response error 403: API key has reached maximum calls per month allowed limit.
2026-09-01 17:49:53,714 [WARNING] [MainThread] [root/weather.py:610]: Error processing weather data: Weather data is empty.. Retrying fetch in 10 seconds.
2026-09-01 17:49:53,720 [WARNING] [MainThread] [root/weather.py:610]: Error processing weather data: Weather data is empty.. Retrying fetch in 10 seconds.
2026-09-01 17:49:53,726 [WARNING] [MainThread] [root/weather.py:610]: Error processing weather data: Weather data is empty.. Retrying fetch in 10 seconds.
2026-09-01 17:49:53,732 [ERROR] [MainThread] [root/api.py:84]: Weather response error 403: API key has reached maximum calls per month allowed limit.
2026-09-01 17:49:53,749 [ERROR] [MainThread] [root/api.py:84]: Weather response error 403: API key has reached maximum calls per month allowed limit.
2026-09-01 17:50:03,854 [ERROR] [MainThread] [root/api.py:84]: Weather response error 403: API key has reached maximum calls per month allowed limit.
2026-09-01 17:50:03,855 [WARNING] [MainThread] [root/weather.py:610]: Error processing weather data: Weather data is empty.. Retrying fetch in 10 seconds.
2026-09-01 17:50:03,861 [WARNING] [MainThread] [root/weather.py:610]: Error processing weather data: Weather data is empty.. Retrying fetch in 10 seconds.
2026-09-01 17:50:03,866 [WARNING] [MainThread] [root/weather.py:610]: Error processing weather data: Weather data is empty.. Retrying fetch in 10 seconds.
2026-09-01 17:50:03,872 [ERROR] [MainThread] [root/api.py:84]: Weather response error 403: API key has reached maximum calls per month allowed limit.
2026-09-01 17:50:03,892 [ERROR] [MainThread] [root/api.py:84]: Weather response error 403: API key has reached maximum calls per month allowed limit.
2026-09-01 17:50:13,988 [ERROR] [MainThread] [root/api.py:84]: Weather response error 403: API key has reached maximum calls per month allowed limit.
2026-09-01 17:50:13,989 [WARNING] [MainThread] [root/weather.py:610]: Error processing weather data: Weather data is empty.. Retrying fetch in 10 seconds.
2026-09-01 17:50:13,994 [WARNING] [MainThread] [root/weather.py:610]: Error processing weather data: Weather data is empty.. Retrying fetch in 10 seconds.
2026-09-01 17:50:14,000 [WARNING] [MainThread] [root/weather.py:610]: Error processing weather data: Weather data is empty.. Retrying fetch in 10 seconds.
2026-09-01 17:50:14,013 [ERROR] [MainThread] [root/api.py:84]: Weather response error 403: API key has reached maximum calls per month allowed limit.
2026-09-01 17:50:14,090 [ERROR] [MainThread] [root/api.py:84]: Weather response error 403: API key has reached maximum calls per month allowed limit.
2026-09-01 17:50:24,134 [ERROR] [MainThread] [root/api.py:84]: Weather response error 403: API key has reached maximum calls per month allowed limit.
2026-09-01 17:50:24,134 [WARNING] [MainThread] [root/weather.py:610]: Error processing weather data: Weather data is empty.. Retrying fetch in 10 seconds.
2026-09-01 17:50:24,140 [WARNING] [MainThread] [root/weather.py:610]: Error processing weather data: Weather data is empty.. Retrying fetch in 10 seconds.
2026-09-01 17:50:24,146 [WARNING] [MainThread] [root/weather.py:610]: Error processing weather data: Weather data is empty.. Retrying fetch in 10 seconds.
2026-09-01 17:50:24,162 [ERROR] [MainThread] [root/api.py:84]: Weather response error 403: API key has reached maximum calls per month allowed limit.
2026-09-01 17:50:24,195 [ERROR] [MainThread] [root/api.py:84]: Weather response error 403: API key has reached maximum calls per month allowed limit.
2026-09-01 17:50:34,287 [ERROR] [MainThread] [root/api.py:84]: Weather response error 403: API key has reached maximum calls per month allowed limit.
2026-09-01 17:50:34,287 [WARNING] [MainThread] [root/weather.py:610]: Error processing weather data: Weather data is empty.. Retrying fetch in 10 seconds.
2026-09-01 17:50:34,293 [WARNING] [MainThread] [root/weather.py:610]: Error processing weather data: Weather data is empty.. Retrying fetch in 10 seconds.
2026-09-01 17:50:34,299 [WARNING] [MainThread] [root/weather.py:610]: Error processing weather data: Weather data is empty.. Retrying fetch in 10 seconds.
2026-09-01 17:50:34,305 [ERROR] [MainThread] [root/api.py:84]: Weather response error 403: API key has reached maximum calls per month allowed limit.
2026-09-01 17:50:34,323 [ERROR] [MainThread] [root/api.py:84]: Weather response error 403: API key has reached maximum calls per month allowed limit.
2026-09-01 17:50:44,430 [ERROR] [MainThread] [root/api.py:84]: Weather response error 403: API key has reached maximum calls per month allowed limit.
2026-09-01 17:50:44,431 [WARNING] [MainThread] [root/weather.py:610]: Error processing weather data: Weather data is empty.. Retrying fetch in 10 seconds.
2026-09-01 17:50:44,437 [WARNING] [MainThread] [root/weather.py:610]: Error processing weather data: Weather data is empty.. Retrying fetch in 10 seconds.
2026-09-01 17:50:44,443 [WARNING] [MainThread] [root/weather.py:610]: Error processing weather data: Weather data is empty.. Retrying fetch in 10 seconds.
2026-09-01 17:50:44,449 [ERROR] [MainThread] [root/api.py:84]: Weather response error 403: API key has reached maximum calls per month allowed limit.
2026-09-01 17:50:44,532 [ERROR] [MainThread] [root/api.py:84]: Weather response error 403: API key has reached maximum calls per month allowed limit.
2026-09-01 17:50:54,568 [ERROR] [MainThread] [root/api.py:84]: Weather response error 403: API key has reached maximum calls per month allowed limit.
2026-09-01 17:50:54,568 [WARNING] [MainThread] [root/weather.py:610]: Error processing weather data: Weather data is empty.. Retrying fetch in 10 seconds.
2026-09-01 17:50:54,574 [WARNING] [MainThread] [root/weather.py:610]: Error processing weather data: Weather data is empty.. Retrying fetch in 10 seconds.
2026-09-01 17:50:54,580 [WARNING] [MainThread] [root/weather.py:610]: Error processing weather data: Weather data is empty.. Retrying fetch in 10 seconds.
2026-09-01 17:50:54,589 [ERROR] [MainThread] [root/api.py:84]: Weather response error 403: API key has reached maximum calls per month allowed limit.
2026-09-01 17:50:54,671 [ERROR] [MainThread] [root/api.py:84]: Weather response error 403: API key has reached maximum calls per month allowed limit.
2026-09-01 17:51:04,722 [ERROR] [MainThread] [root/api.py:84]: Weather response error 403: API key has reached maximum calls per month allowed limit.
2026-09-01 17:51:04,723 [WARNING] [MainThread] [root/weather.py:610]: Error processing weather data: Weather data is empty.. Retrying fetch in 10 seconds.
2026-09-01 17:51:04,729 [WARNING] [MainThread] [root/weather.py:610]: Error processing weather data: Weather data is empty.. Retrying fetch in 10 seconds.
2026-09-01 17:51:04,734 [WARNING] [MainThread] [root/weather.py:610]: Error processing weather data: Weather data is empty.. Retrying fetch in 10 seconds.
2026-09-01 17:51:04,740 [ERROR] [MainThread] [root/api.py:84]: Weather response error 403: API key has reached maximum calls per month allowed limit.
2026-09-01 17:51:04,758 [ERROR] [MainThread] [root/api.py:84]: Weather response error 403: API key has reached maximum calls per month allowed limit.
2026-09-01 17:51:14,876 [ERROR] [MainThread] [root/api.py:84]: Weather response error 403: API key has reached maximum calls per month allowed limit.
2026-09-01 17:51:14,876 [WARNING] [MainThread] [root/weather.py:610]: Error processing weather data: Weather data is empty.. Retrying fetch in 10 seconds.
2026-09-01 17:51:14,882 [WARNING] [MainThread] [root/weather.py:610]: Error processing weather data: Weather data is empty.. Retrying fetch in 10 seconds.
2026-09-01 17:51:14,888 [WARNING] [MainThread] [root/weather.py:610]: Error processing weather data: Weather data is empty.. Retrying fetch in 10 seconds.
2026-09-01 17:51:14,894 [ERROR] [MainThread] [root/api.py:84]: Weather response error 403: API key has reached maximum calls per month allowed limit.
2026-09-01 17:51:14,979 [ERROR] [MainThread] [root/api.py:84]: Weather response error 403: API key has reached maximum calls per month allowed limit.
2026-09-01 17:51:25,021 [ERROR] [MainThread] [root/api.py:84]: Weather response error 403: API key has reached maximum calls per month allowed limit.
2026-09-01 17:51:25,021 [WARNING] [MainThread] [root/weather.py:610]: Error processing weather data: Weather data is empty.. Retrying fetch in 10 seconds.
2026-09-01 17:51:25,027 [WARNING] [MainThread] [root/weather.py:610]: Error processing weather data: Weather data is empty.. Retrying fetch in 10 seconds.
2026-09-01 17:51:25,033 [WARNING] [MainThread] [root/weather.py:610]: Error processing weather data: Weather data is empty.. Retrying fetch in 10 seconds.
2026-09-01 17:51:25,039 [ERROR] [MainThread] [root/api.py:84]: Weather response error 403: API key has reached maximum calls per month allowed limit.
2026-09-01 17:51:25,060 [ERROR] [MainThread] [root/api.py:84]: Weather response error 403: API key has reached maximum calls per month allowed limit.
2026-09-01 17:51:35,181 [ERROR] [MainThread] [root/api.py:84]: Weather response error 403: API key has reached maximum calls per month allowed limit.
2026-09-01 17:51:35,182 [WARNING] [MainThread] [root/weather.py:610]: Error processing weather data: Weather data is empty.. Retrying fetch in 10 seconds.
2026-09-01 17:51:35,188 [WARNING] [MainThread] [root/weather.py:610]: Error processing weather data: Weather data is empty.. Retrying fetch in 10 seconds.
2026-09-01 17:51:35,193 [WARNING] [MainThread] [root/weather.py:610]: Error processing weather data: Weather data is empty.. Retrying fetch in 10 seconds.
2026-09-01 17:51:35,199 [ERROR] [MainThread] [root/api.py:84]: Weather response error 403: API key has reached maximum calls per month allowed limit.
2026-09-01 17:51:35,217 [ERROR] [MainThread] [root/api.py:84]: Weather response error 403: API key has reached maximum calls per month allowed limit.
2026-09-01 17:51:45,328 [ERROR] [MainThread] [root/api.py:84]: Weather response error 403: API key has reached maximum calls per month allowed limit.
2026-09-01 17:51:45,328 [WARNING] [MainThread] [root/weather.py:610]: Error processing weather data: Weather data is empty.. Retrying fetch in 10 seconds.
2026-09-01 17:51:45,335 [WARNING] [MainThread] [root/weather.py:610]: Error processing weather data: Weather data is empty.. Retrying fetch in 10 seconds.
2026-09-01 17:51:45,341 [WARNING] [MainThread] [root/weather.py:610]: Error processing weather data: Weather data is empty.. Retrying fetch in 10 seconds.
2026-09-01 17:51:45,347 [ERROR] [MainThread] [root/api.py:84]: Weather response error 403: API key has reached maximum calls per month allowed limit.
2026-09-01 17:51:45,365 [ERROR] [MainThread] [root/api.py:84]: Weather response error 403: API key has reached maximum calls per month allowed limit.
2026-09-01 17:51:55,476 [ERROR] [MainThread] [root/api.py:84]: Weather response error 403: API key has reached maximum calls per month allowed limit.
2026-09-01 17:51:55,476 [WARNING] [MainThread] [root/weather.py:610]: Error processing weather data: Weather data is empty.. Retrying fetch in 10 seconds.
2026-09-01 17:51:55,482 [WARNING] [MainThread] [root/weather.py:610]: Error processing weather data: Weather data is empty.. Retrying fetch in 10 seconds.
2026-09-01 17:51:55,488 [WARNING] [MainThread] [root/weather.py:610]: Error processing weather data: Weather data is empty.. Retrying fetch in 10 seconds.
2026-09-01 17:51:55,494 [ERROR] [MainThread] [root/api.py:84]: Weather response error 403: API key has reached maximum calls per month allowed limit.
2026-09-01 17:51:55,514 [ERROR] [MainThread] [root/api.py:84]: Weather response error 403: API key has reached maximum calls per month allowed limit.
2026-09-01 17:52:05,619 [ERROR] [MainThread] [root/api.py:84]: Weather response error 403: API key has reached maximum calls per month allowed limit.
2026-09-01 17:52:05,620 [WARNING] [MainThread] [root/weather.py:610]: Error processing weather data: Weather data is empty.. Retrying fetch in 10 seconds.
2026-09-01 17:52:05,626 [WARNING] [MainThread] [root/weather.py:610]: Error processing weather data: Weather data is empty.. Retrying fetch in 10 seconds.
2026-09-01 17:52:05,632 [WARNING] [MainThread] [root/weather.py:610]: Error processing weather data: Weather data is empty.. Retrying fetch in 10 seconds.
2026-09-01 17:52:05,638 [ERROR] [MainThread] [root/api.py:84]: Weather response error 403: API key has reached maximum calls per month allowed limit.
2026-09-01 17:52:05,656 [ERROR] [MainThread] [root/api.py:84]: Weather response error 403: API key has reached maximum calls per month allowed limit.
2026-09-01 17:52:15,763 [ERROR] [MainThread] [root/api.py:84]: Weather response error 403: API key has reached maximum calls per month allowed limit.
2026-09-01 17:52:15,763 [WARNING] [MainThread] [root/weather.py:610]: Error processing weather data: Weather data is empty.. Retrying fetch in 10 seconds.
2026-09-01 17:52:15,769 [WARNING] [MainThread] [root/weather.py:610]: Error processing weather data: Weather data is empty.. Retrying fetch in 10 seconds.
2026-09-01 17:52:15,775 [WARNING] [MainThread] [root/weather.py:610]: Error processing weather data: Weather data is empty.. Retrying fetch in 10 seconds.
2026-09-01 17:52:15,784 [ERROR] [MainThread] [root/api.py:84]: Weather response error 403: API key has reached maximum calls per month allowed limit.
2026-09-01 17:52:15,803 [ERROR] [MainThread] [root/api.py:84]: Weather response error 403: API key has reached maximum calls per month allowed limit.
2026-09-01 17:52:25,916 [ERROR] [MainThread] [root/api.py:84]: Weather response error 403: API key has reached maximum calls per month allowed limit.
2026-09-01 17:52:25,916 [WARNING] [MainThread] [root/weather.py:610]: Error processing weather data: Weather data is empty.. Retrying fetch in 10 seconds.
2026-09-01 17:52:25,922 [WARNING] [MainThread] [root/weather.py:610]: Error processing weather data: Weather data is empty.. Retrying fetch in 10 seconds.
2026-09-01 17:52:25,928 [WARNING] [MainThread] [root/weather.py:610]: Error processing weather data: Weather data is empty.. Retrying fetch in 10 seconds.
2026-09-01 17:52:25,934 [ERROR] [MainThread] [root/api.py:84]: Weather response error 403: API key has reached maximum calls per month allowed limit.
2026-09-01 17:52:25,977 [ERROR] [MainThread] [root/api.py:84]: Weather response error 403: API key has reached maximum calls per month allowed limit.
2026-09-01 17:52:36,064 [ERROR] [MainThread] [root/api.py:84]: Weather response error 403: API key has reached maximum calls per month allowed limit.
2026-09-01 17:52:36,065 [WARNING] [MainThread] [root/weather.py:610]: Error processing weather data: Weather data is empty.. Retrying fetch in 10 seconds.
2026-09-01 17:52:36,071 [WARNING] [MainThread] [root/weather.py:610]: Error processing weather data: Weather data is empty.. Retrying fetch in 10 seconds.
2026-09-01 17:52:36,077 [WARNING] [MainThread] [root/weather.py:610]: Error processing weather data: Weather data is empty.. Retrying fetch in 10 seconds.
2026-09-01 17:52:36,083 [ERROR] [MainThread] [root/api.py:86]: Weather response error 408: UnknownContentError 299.
Traceback (most recent call last):
  File "D:\a\yasb\yasb\src\core\utils\widgets\weather\api.py", line 80, in handle_response
Exception: Weather response error 408: UnknownContentError 299.

2026-09-01 17:52:36,101 [ERROR] [MainThread] [root/api.py:84]: Weather response error 403: API key has reached maximum calls per month allowed limit.
2026-09-01 17:52:46,218 [ERROR] [MainThread] [root/api.py:84]: Weather response error 403: API key has reached maximum calls per month allowed limit.
2026-09-01 17:52:46,218 [WARNING] [MainThread] [root/weather.py:610]: Error processing weather data: Weather data is empty.. Retrying fetch in 10 seconds.
2026-09-01 17:52:46,224 [WARNING] [MainThread] [root/weather.py:610]: Error processing weather data: Weather data is empty.. Retrying fetch in 10 seconds.
2026-09-01 17:52:46,230 [WARNING] [MainThread] [root/weather.py:610]: Error processing weather data: Weather data is empty.. Retrying fetch in 10 seconds.
2026-09-01 17:52:46,279 [ERROR] [MainThread] [root/api.py:84]: Weather response error 403: API key has reached maximum calls per month allowed limit.
2026-09-01 17:52:46,297 [ERROR] [MainThread] [root/api.py:84]: Weather response error 403: API key has reached maximum calls per month allowed limit.
2026-09-01 17:52:52,878 [ERROR] [MainThread] [root/api.py:84]: Weather response error 403: API key has reached maximum calls per month allowed limit.
2026-09-01 17:52:56,370 [ERROR] [MainThread] [root/api.py:84]: Weather response error 403: API key has reached maximum calls per month allowed limit.
2026-09-01 17:52:56,370 [WARNING] [MainThread] [root/weather.py:610]: Error processing weather data: Weather data is empty.. Retrying fetch in 10 seconds.
2026-09-01 17:52:56,376 [WARNING] [MainThread] [root/weather.py:610]: Error processing weather data: Weather data is empty.. Retrying fetch in 10 seconds.
2026-09-01 17:52:56,382 [WARNING] [MainThread] [root/weather.py:610]: Error processing weather data: Weather data is empty.. Retrying fetch in 10 seconds.
2026-09-01 17:52:56,389 [ERROR] [MainThread] [root/api.py:84]: Weather response error 403: API key has reached maximum calls per month allowed limit.
2026-09-01 17:52:56,407 [ERROR] [MainThread] [root/api.py:84]: Weather response error 403: API key has reached maximum calls per month allowed limit.
2026-09-01 17:53:06,527 [ERROR] [MainThread] [root/api.py:84]: Weather response error 403: API key has reached maximum calls per month allowed limit.
2026-09-01 17:53:06,527 [WARNING] [MainThread] [root/weather.py:610]: Error processing weather data: Weather data is empty.. Retrying fetch in 10 seconds.
2026-09-01 17:53:06,533 [WARNING] [MainThread] [root/weather.py:610]: Error processing weather data: Weather data is empty.. Retrying fetch in 10 seconds.
2026-09-01 17:53:06,539 [WARNING] [MainThread] [root/weather.py:610]: Error processing weather data: Weather data is empty.. Retrying fetch in 10 seconds.
2026-09-01 17:53:06,545 [ERROR] [MainThread] [root/api.py:84]: Weather response error 403: API key has reached maximum calls per month allowed limit.
2026-09-01 17:53:06,563 [ERROR] [MainThread] [root/api.py:84]: Weather response error 403: API key has reached maximum calls per month allowed limit.
2026-09-01 17:53:16,678 [ERROR] [MainThread] [root/api.py:84]: Weather response error 403: API key has reached maximum calls per month allowed limit.
2026-09-01 17:53:16,678 [WARNING] [MainThread] [root/weather.py:610]: Error processing weather data: Weather data is empty.. Retrying fetch in 10 seconds.
2026-09-01 17:53:16,684 [WARNING] [MainThread] [root/weather.py:610]: Error processing weather data: Weather data is empty.. Retrying fetch in 10 seconds.
2026-09-01 17:53:16,690 [WARNING] [MainThread] [root/weather.py:610]: Error processing weather data: Weather data is empty.. Retrying fetch in 10 seconds.
2026-09-01 17:53:16,696 [ERROR] [MainThread] [root/api.py:84]: Weather response error 403: API key has reached maximum calls per month allowed limit.
2026-09-01 17:53:16,714 [ERROR] [MainThread] [root/api.py:84]: Weather response error 403: API key has reached maximum calls per month allowed limit.
2026-09-01 17:53:26,829 [ERROR] [MainThread] [root/api.py:84]: Weather response error 403: API key has reached maximum calls per month allowed limit.
2026-09-01 17:53:26,829 [WARNING] [MainThread] [root/weather.py:610]: Error processing weather data: Weather data is empty.. Retrying fetch in 10 seconds.
2026-09-01 17:53:26,836 [WARNING] [MainThread] [root/weather.py:610]: Error processing weather data: Weather data is empty.. Retrying fetch in 10 seconds.
2026-09-01 17:53:26,842 [WARNING] [MainThread] [root/weather.py:610]: Error processing weather data: Weather data is empty.. Retrying fetch in 10 seconds.
2026-09-01 17:53:26,848 [ERROR] [MainThread] [root/api.py:84]: Weather response error 403: API key has reached maximum calls per month allowed limit.
2026-09-01 17:53:26,927 [ERROR] [MainThread] [root/api.py:84]: Weather response error 403: API key has reached maximum calls per month allowed limit.
2026-09-01 17:53:37,000 [ERROR] [MainThread] [root/api.py:84]: Weather response error 403: API key has reached maximum calls per month allowed limit.
2026-09-01 17:53:37,001 [WARNING] [MainThread] [root/weather.py:610]: Error processing weather data: Weather data is empty.. Retrying fetch in 10 seconds.
2026-09-01 17:53:37,007 [WARNING] [MainThread] [root/weather.py:610]: Error processing weather data: Weather data is empty.. Retrying fetch in 10 seconds.
2026-09-01 17:53:37,013 [WARNING] [MainThread] [root/weather.py:610]: Error processing weather data: Weather data is empty.. Retrying fetch in 10 seconds.
2026-09-01 17:53:37,018 [ERROR] [MainThread] [root/api.py:84]: Weather response error 403: API key has reached maximum calls per month allowed limit.
2026-09-01 17:53:37,036 [ERROR] [MainThread] [root/api.py:84]: Weather response error 403: API key has reached maximum calls per month allowed limit.
2026-09-01 17:53:47,145 [ERROR] [MainThread] [root/api.py:84]: Weather response error 403: API key has reached maximum calls per month allowed limit.
2026-09-01 17:53:47,145 [WARNING] [MainThread] [root/weather.py:610]: Error processing weather data: Weather data is empty.. Retrying fetch in 10 seconds.
2026-09-01 17:53:47,151 [WARNING] [MainThread] [root/weather.py:610]: Error processing weather data: Weather data is empty.. Retrying fetch in 10 seconds.
2026-09-01 17:53:47,157 [WARNING] [MainThread] [root/weather.py:610]: Error processing weather data: Weather data is empty.. Retrying fetch in 10 seconds.
2026-09-01 17:53:47,164 [ERROR] [MainThread] [root/api.py:84]: Weather response error 403: API key has reached maximum calls per month allowed limit.
2026-09-01 17:53:47,252 [ERROR] [MainThread] [root/api.py:84]: Weather response error 403: API key has reached maximum calls per month allowed limit.
2026-09-01 17:53:57,287 [ERROR] [MainThread] [root/api.py:84]: Weather response error 403: API key has reached maximum calls per month allowed limit.
2026-09-01 17:53:57,288 [WARNING] [MainThread] [root/weather.py:610]: Error processing weather data: Weather data is empty.. Retrying fetch in 10 seconds.
2026-09-01 17:53:57,294 [WARNING] [MainThread] [root/weather.py:610]: Error processing weather data: Weather data is empty.. Retrying fetch in 10 seconds.
2026-09-01 17:53:57,300 [WARNING] [MainThread] [root/weather.py:610]: Error processing weather data: Weather data is empty.. Retrying fetch in 10 seconds.
2026-09-01 17:53:57,306 [ERROR] [MainThread] [root/api.py:84]: Weather response error 403: API key has reached maximum calls per month allowed limit.
2026-09-01 17:53:57,326 [ERROR] [MainThread] [root/api.py:84]: Weather response error 403: API key has reached maximum calls per month allowed limit.
2026-09-01 17:54:07,444 [ERROR] [MainThread] [root/api.py:84]: Weather response error 403: API key has reached maximum calls per month allowed limit.
2026-09-01 17:54:07,444 [WARNING] [MainThread] [root/weather.py:610]: Error processing weather data: Weather data is empty.. Retrying fetch in 10 seconds.
2026-09-01 17:54:07,451 [WARNING] [MainThread] [root/weather.py:610]: Error processing weather data: Weather data is empty.. Retrying fetch in 10 seconds.
2026-09-01 17:54:07,456 [WARNING] [MainThread] [root/weather.py:610]: Error processing weather data: Weather data is empty.. Retrying fetch in 10 seconds.
2026-09-01 17:54:07,463 [ERROR] [MainThread] [root/api.py:84]: Weather response error 403: API key has reached maximum calls per month allowed limit.
2026-09-01 17:54:07,480 [ERROR] [MainThread] [root/api.py:84]: Weather response error 403: API key has reached maximum calls per month allowed limit.
2026-09-01 17:54:17,586 [ERROR] [MainThread] [root/api.py:84]: Weather response error 403: API key has reached maximum calls per month allowed limit.
2026-09-01 17:54:17,587 [WARNING] [MainThread] [root/weather.py:610]: Error processing weather data: Weather data is empty.. Retrying fetch in 10 seconds.
2026-09-01 17:54:17,593 [WARNING] [MainThread] [root/weather.py:610]: Error processing weather data: Weather data is empty.. Retrying fetch in 10 seconds.
2026-09-01 17:54:17,599 [WARNING] [MainThread] [root/weather.py:610]: Error processing weather data: Weather data is empty.. Retrying fetch in 10 seconds.
2026-09-01 17:54:17,605 [ERROR] [MainThread] [root/api.py:84]: Weather response error 403: API key has reached maximum calls per month allowed limit.
2026-09-01 17:54:17,623 [ERROR] [MainThread] [root/api.py:84]: Weather response error 403: API key has reached maximum calls per month allowed limit.
2026-09-01 17:54:27,734 [ERROR] [MainThread] [root/api.py:84]: Weather response error 403: API key has reached maximum calls per month allowed limit.
2026-09-01 17:54:27,734 [WARNING] [MainThread] [root/weather.py:610]: Error processing weather data: Weather data is empty.. Retrying fetch in 10 seconds.
2026-09-01 17:54:27,741 [WARNING] [MainThread] [root/weather.py:610]: Error processing weather data: Weather data is empty.. Retrying fetch in 10 seconds.
2026-09-01 17:54:27,747 [WARNING] [MainThread] [root/weather.py:610]: Error processing weather data: Weather data is empty.. Retrying fetch in 10 seconds.
2026-09-01 17:54:27,754 [ERROR] [MainThread] [root/api.py:84]: Weather response error 403: API key has reached maximum calls per month allowed limit.
2026-09-01 17:54:27,773 [ERROR] [MainThread] [root/api.py:84]: Weather response error 403: API key has reached maximum calls per month allowed limit.
2026-09-01 17:54:37,883 [ERROR] [MainThread] [root/api.py:84]: Weather response error 403: API key has reached maximum calls per month allowed limit.
2026-09-01 17:54:37,883 [WARNING] [MainThread] [root/weather.py:610]: Error processing weather data: Weather data is empty.. Retrying fetch in 10 seconds.
2026-09-01 17:54:37,889 [WARNING] [MainThread] [root/weather.py:610]: Error processing weather data: Weather data is empty.. Retrying fetch in 10 seconds.
2026-09-01 17:54:37,895 [WARNING] [MainThread] [root/weather.py:610]: Error processing weather data: Weather data is empty.. Retrying fetch in 10 seconds.
2026-09-01 17:54:37,901 [ERROR] [MainThread] [root/api.py:84]: Weather response error 403: API key has reached maximum calls per month allowed limit.
2026-09-01 17:54:37,985 [ERROR] [MainThread] [root/api.py:84]: Weather response error 403: API key has reached maximum calls per month allowed limit.
2026-09-01 17:54:48,021 [ERROR] [MainThread] [root/api.py:84]: Weather response error 403: API key has reached maximum calls per month allowed limit.
2026-09-01 17:54:48,021 [WARNING] [MainThread] [root/weather.py:610]: Error processing weather data: Weather data is empty.. Retrying fetch in 10 seconds.
2026-09-01 17:54:48,027 [WARNING] [MainThread] [root/weather.py:610]: Error processing weather data: Weather data is empty.. Retrying fetch in 10 seconds.
2026-09-01 17:54:48,033 [WARNING] [MainThread] [root/weather.py:610]: Error processing weather data: Weather data is empty.. Retrying fetch in 10 seconds.
2026-09-01 17:54:48,049 [ERROR] [MainThread] [root/api.py:84]: Weather response error 403: API key has reached maximum calls per month allowed limit.
2026-09-01 17:54:48,123 [ERROR] [MainThread] [root/api.py:84]: Weather response error 403: API key has reached maximum calls per month allowed limit.
2026-09-01 17:54:58,163 [ERROR] [MainThread] [root/api.py:84]: Weather response error 403: API key has reached maximum calls per month allowed limit.
2026-09-01 17:54:58,164 [WARNING] [MainThread] [root/weather.py:610]: Error processing weather data: Weather data is empty.. Retrying fetch in 10 seconds.
2026-09-01 17:54:58,170 [WARNING] [MainThread] [root/weather.py:610]: Error processing weather data: Weather data is empty.. Retrying fetch in 10 seconds.
2026-09-01 17:54:58,176 [WARNING] [MainThread] [root/weather.py:610]: Error processing weather data: Weather data is empty.. Retrying fetch in 10 seconds.
2026-09-01 17:54:58,183 [ERROR] [MainThread] [root/api.py:84]: Weather response error 403: API key has reached maximum calls per month allowed limit.
2026-09-01 17:54:58,203 [ERROR] [MainThread] [root/api.py:84]: Weather response error 403: API key has reached maximum calls per month allowed limit.
2026-09-01 17:55:08,309 [ERROR] [MainThread] [root/api.py:84]: Weather response error 403: API key has reached maximum calls per month allowed limit.
2026-09-01 17:55:08,310 [WARNING] [MainThread] [root/weather.py:610]: Error processing weather data: Weather data is empty.. Retrying fetch in 10 seconds.
2026-09-01 17:55:08,316 [WARNING] [MainThread] [root/weather.py:610]: Error processing weather data: Weather data is empty.. Retrying fetch in 10 seconds.
2026-09-01 17:55:08,322 [WARNING] [MainThread] [root/weather.py:610]: Error processing weather data: Weather data is empty.. Retrying fetch in 10 seconds.
2026-09-01 17:55:08,328 [ERROR] [MainThread] [root/api.py:84]: Weather response error 403: API key has reached maximum calls per month allowed limit.
2026-09-01 17:55:08,347 [ERROR] [MainThread] [root/api.py:84]: Weather response error 403: API key has reached maximum calls per month allowed limit.
2026-09-01 17:55:18,444 [ERROR] [MainThread] [root/api.py:84]: Weather response error 403: API key has reached maximum calls per month allowed limit.
2026-09-01 17:55:18,445 [WARNING] [MainThread] [root/weather.py:610]: Error processing weather data: Weather data is empty.. Retrying fetch in 10 seconds.
2026-09-01 17:55:18,451 [WARNING] [MainThread] [root/weather.py:610]: Error processing weather data: Weather data is empty.. Retrying fetch in 10 seconds.
2026-09-01 17:55:18,457 [WARNING] [MainThread] [root/weather.py:610]: Error processing weather data: Weather data is empty.. Retrying fetch in 10 seconds.
2026-09-01 17:55:18,464 [ERROR] [MainThread] [root/api.py:84]: Weather response error 403: API key has reached maximum calls per month allowed limit.
2026-09-01 17:55:18,481 [ERROR] [MainThread] [root/api.py:84]: Weather response error 403: API key has reached maximum calls per month allowed limit.
2026-09-01 17:55:28,584 [ERROR] [MainThread] [root/api.py:84]: Weather response error 403: API key has reached maximum calls per month allowed limit.
2026-09-01 17:55:28,585 [WARNING] [MainThread] [root/weather.py:610]: Error processing weather data: Weather data is empty.. Retrying fetch in 10 seconds.
2026-09-01 17:55:28,591 [WARNING] [MainThread] [root/weather.py:610]: Error processing weather data: Weather data is empty.. Retrying fetch in 10 seconds.
2026-09-01 17:55:28,597 [WARNING] [MainThread] [root/weather.py:610]: Error processing weather data: Weather data is empty.. Retrying fetch in 10 seconds.
2026-09-01 17:55:28,603 [ERROR] [MainThread] [root/api.py:84]: Weather response error 403: API key has reached maximum calls per month allowed limit.
2026-09-01 17:55:28,621 [ERROR] [MainThread] [root/api.py:84]: Weather response error 403: API key has reached maximum calls per month allowed limit.
2026-09-01 17:55:38,730 [ERROR] [MainThread] [root/api.py:84]: Weather response error 403: API key has reached maximum calls per month allowed limit.
2026-09-01 17:55:38,730 [WARNING] [MainThread] [root/weather.py:610]: Error processing weather data: Weather data is empty.. Retrying fetch in 10 seconds.
2026-09-01 17:55:38,736 [WARNING] [MainThread] [root/weather.py:610]: Error processing weather data: Weather data is empty.. Retrying fetch in 10 seconds.
2026-09-01 17:55:38,742 [WARNING] [MainThread] [root/weather.py:610]: Error processing weather data: Weather data is empty.. Retrying fetch in 10 seconds.
2026-09-01 17:55:38,749 [ERROR] [MainThread] [root/api.py:84]: Weather response error 403: API key has reached maximum calls per month allowed limit.
2026-09-01 17:55:38,767 [ERROR] [MainThread] [root/api.py:84]: Weather response error 403: API key has reached maximum calls per month allowed limit.
2026-09-01 17:55:48,895 [ERROR] [MainThread] [root/api.py:84]: Weather response error 403: API key has reached maximum calls per month allowed limit.
2026-09-01 17:55:48,895 [WARNING] [MainThread] [root/weather.py:610]: Error processing weather data: Weather data is empty.. Retrying fetch in 10 seconds.
2026-09-01 17:55:48,901 [WARNING] [MainThread] [root/weather.py:610]: Error processing weather data: Weather data is empty.. Retrying fetch in 10 seconds.
2026-09-01 17:55:48,908 [WARNING] [MainThread] [root/weather.py:610]: Error processing weather data: Weather data is empty.. Retrying fetch in 10 seconds.
2026-09-01 17:55:48,914 [ERROR] [MainThread] [root/api.py:84]: Weather response error 403: API key has reached maximum calls per month allowed limit.
2026-09-01 17:55:48,932 [ERROR] [MainThread] [root/api.py:84]: Weather response error 403: API key has reached maximum calls per month allowed limit.
2026-09-01 17:55:59,045 [ERROR] [MainThread] [root/api.py:84]: Weather response error 403: API key has reached maximum calls per month allowed limit.
2026-09-01 17:55:59,045 [WARNING] [MainThread] [root/weather.py:610]: Error processing weather data: Weather data is empty.. Retrying fetch in 10 seconds.
2026-09-01 17:55:59,052 [WARNING] [MainThread] [root/weather.py:610]: Error processing weather data: Weather data is empty.. Retrying fetch in 10 seconds.
2026-09-01 17:55:59,057 [WARNING] [MainThread] [root/weather.py:610]: Error processing weather data: Weather data is empty.. Retrying fetch in 10 seconds.
2026-09-01 17:55:59,064 [ERROR] [MainThread] [root/api.py:84]: Weather response error 403: API key has reached maximum calls per month allowed limit.
2026-09-01 17:55:59,082 [ERROR] [MainThread] [root/api.py:84]: Weather response error 403: API key has reached maximum calls per month allowed limit.
2026-09-01 17:56:09,194 [ERROR] [MainThread] [root/api.py:84]: Weather response error 403: API key has reached maximum calls per month allowed limit.
2026-09-01 17:56:09,195 [WARNING] [MainThread] [root/weather.py:610]: Error processing weather data: Weather data is empty.. Retrying fetch in 10 seconds.
2026-09-01 17:56:09,201 [WARNING] [MainThread] [root/weather.py:610]: Error processing weather data: Weather data is empty.. Retrying fetch in 10 seconds.
2026-09-01 17:56:09,207 [WARNING] [MainThread] [root/weather.py:610]: Error processing weather data: Weather data is empty.. Retrying fetch in 10 seconds.
2026-09-01 17:56:09,213 [ERROR] [MainThread] [root/api.py:84]: Weather response error 403: API key has reached maximum calls per month allowed limit.
2026-09-01 17:56:09,232 [ERROR] [MainThread] [root/api.py:84]: Weather response error 403: API key has reached maximum calls per month allowed limit.
2026-09-01 17:56:19,347 [ERROR] [MainThread] [root/api.py:84]: Weather response error 403: API key has reached maximum calls per month allowed limit.
2026-09-01 17:56:19,347 [WARNING] [MainThread] [root/weather.py:610]: Error processing weather data: Weather data is empty.. Retrying fetch in 10 seconds.
2026-09-01 17:56:19,353 [WARNING] [MainThread] [root/weather.py:610]: Error processing weather data: Weather data is empty.. Retrying fetch in 10 seconds.
2026-09-01 17:56:19,359 [WARNING] [MainThread] [root/weather.py:610]: Error processing weather data: Weather data is empty.. Retrying fetch in 10 seconds.
2026-09-01 17:56:19,365 [ERROR] [MainThread] [root/api.py:84]: Weather response error 403: API key has reached maximum calls per month allowed limit.
2026-09-01 17:56:19,384 [ERROR] [MainThread] [root/api.py:84]: Weather response error 403: API key has reached maximum calls per month allowed limit.
2026-09-01 17:56:29,493 [ERROR] [MainThread] [root/api.py:84]: Weather response error 403: API key has reached maximum calls per month allowed limit.
2026-09-01 17:56:29,493 [WARNING] [MainThread] [root/weather.py:610]: Error processing weather data: Weather data is empty.. Retrying fetch in 10 seconds.
2026-09-01 17:56:29,499 [WARNING] [MainThread] [root/weather.py:610]: Error processing weather data: Weather data is empty.. Retrying fetch in 10 seconds.
2026-09-01 17:56:29,506 [WARNING] [MainThread] [root/weather.py:610]: Error processing weather data: Weather data is empty.. Retrying fetch in 10 seconds.
2026-09-01 17:56:29,512 [ERROR] [MainThread] [root/api.py:84]: Weather response error 403: API key has reached maximum calls per month allowed limit.
2026-09-01 17:56:29,530 [ERROR] [MainThread] [root/api.py:84]: Weather response error 403: API key has reached maximum calls per month allowed limit.
2026-09-01 17:56:39,636 [ERROR] [MainThread] [root/api.py:84]: Weather response error 403: API key has reached maximum calls per month allowed limit.
2026-09-01 17:56:39,636 [WARNING] [MainThread] [root/weather.py:610]: Error processing weather data: Weather data is empty.. Retrying fetch in 10 seconds.
2026-09-01 17:56:39,642 [WARNING] [MainThread] [root/weather.py:610]: Error processing weather data: Weather data is empty.. Retrying fetch in 10 seconds.
2026-09-01 17:56:39,648 [WARNING] [MainThread] [root/weather.py:610]: Error processing weather data: Weather data is empty.. Retrying fetch in 10 seconds.
2026-09-01 17:56:39,655 [ERROR] [MainThread] [root/api.py:84]: Weather response error 403: API key has reached maximum calls per month allowed limit.
2026-09-01 17:56:39,675 [ERROR] [MainThread] [root/api.py:84]: Weather response error 403: API key has reached maximum calls per month allowed limit.
2026-09-01 17:56:49,777 [ERROR] [MainThread] [root/api.py:84]: Weather response error 403: API key has reached maximum calls per month allowed limit.
2026-09-01 17:56:49,778 [WARNING] [MainThread] [root/weather.py:610]: Error processing weather data: Weather data is empty.. Retrying fetch in 10 seconds.
2026-09-01 17:56:49,784 [WARNING] [MainThread] [root/weather.py:610]: Error processing weather data: Weather data is empty.. Retrying fetch in 10 seconds.
2026-09-01 17:56:49,790 [WARNING] [MainThread] [root/weather.py:610]: Error processing weather data: Weather data is empty.. Retrying fetch in 10 seconds.
2026-09-01 17:56:49,796 [ERROR] [MainThread] [root/api.py:84]: Weather response error 403: API key has reached maximum calls per month allowed limit.
2026-09-01 17:56:49,880 [ERROR] [MainThread] [root/api.py:84]: Weather response error 403: API key has reached maximum calls per month allowed limit.
2026-09-01 17:56:59,928 [ERROR] [MainThread] [root/api.py:84]: Weather response error 403: API key has reached maximum calls per month allowed limit.
2026-09-01 17:56:59,929 [WARNING] [MainThread] [root/weather.py:610]: Error processing weather data: Weather data is empty.. Retrying fetch in 10 seconds.
2026-09-01 17:56:59,935 [WARNING] [MainThread] [root/weather.py:610]: Error processing weather data: Weather data is empty.. Retrying fetch in 10 seconds.
2026-09-01 17:56:59,941 [WARNING] [MainThread] [root/weather.py:610]: Error processing weather data: Weather data is empty.. Retrying fetch in 10 seconds.
2026-09-01 17:56:59,947 [ERROR] [MainThread] [root/api.py:84]: Weather response error 403: API key has reached maximum calls per month allowed limit.
2026-09-01 17:56:59,966 [ERROR] [MainThread] [root/api.py:84]: Weather response error 403: API key has reached maximum calls per month allowed limit.
2026-09-01 17:57:10,073 [ERROR] [MainThread] [root/api.py:84]: Weather response error 403: API key has reached maximum calls per month allowed limit.
2026-09-01 17:57:10,074 [WARNING] [MainThread] [root/weather.py:610]: Error processing weather data: Weather data is empty.. Retrying fetch in 10 seconds.
2026-09-01 17:57:10,080 [WARNING] [MainThread] [root/weather.py:610]: Error processing weather data: Weather data is empty.. Retrying fetch in 10 seconds.
2026-09-01 17:57:10,086 [WARNING] [MainThread] [root/weather.py:610]: Error processing weather data: Weather data is empty.. Retrying fetch in 10 seconds.
2026-09-01 17:57:10,092 [ERROR] [MainThread] [root/api.py:84]: Weather response error 403: API key has reached maximum calls per month allowed limit.
2026-09-01 17:57:10,111 [ERROR] [MainThread] [root/api.py:84]: Weather response error 403: API key has reached maximum calls per month allowed limit.
2026-09-01 17:57:20,211 [ERROR] [MainThread] [root/api.py:84]: Weather response error 403: API key has reached maximum calls per month allowed limit.
2026-09-01 17:57:20,212 [WARNING] [MainThread] [root/weather.py:610]: Error processing weather data: Weather data is empty.. Retrying fetch in 10 seconds.
2026-09-01 17:57:20,218 [WARNING] [MainThread] [root/weather.py:610]: Error processing weather data: Weather data is empty.. Retrying fetch in 10 seconds.
2026-09-01 17:57:20,224 [WARNING] [MainThread] [root/weather.py:610]: Error processing weather data: Weather data is empty.. Retrying fetch in 10 seconds.
2026-09-01 17:57:20,239 [ERROR] [MainThread] [root/api.py:84]: Weather response error 403: API key has reached maximum calls per month allowed limit.
2026-09-01 17:57:20,257 [ERROR] [MainThread] [root/api.py:84]: Weather response error 403: API key has reached maximum calls per month allowed limit.
2026-09-01 17:57:30,374 [ERROR] [MainThread] [root/api.py:84]: Weather response error 403: API key has reached maximum calls per month allowed limit.
2026-09-01 17:57:30,374 [WARNING] [MainThread] [root/weather.py:610]: Error processing weather data: Weather data is empty.. Retrying fetch in 10 seconds.
2026-09-01 17:57:30,381 [WARNING] [MainThread] [root/weather.py:610]: Error processing weather data: Weather data is empty.. Retrying fetch in 10 seconds.
2026-09-01 17:57:30,387 [WARNING] [MainThread] [root/weather.py:610]: Error processing weather data: Weather data is empty.. Retrying fetch in 10 seconds.
2026-09-01 17:57:30,393 [ERROR] [MainThread] [root/api.py:84]: Weather response error 403: API key has reached maximum calls per month allowed limit.
2026-09-01 17:57:30,412 [ERROR] [MainThread] [root/api.py:84]: Weather response error 403: API key has reached maximum calls per month allowed limit.
2026-09-01 17:57:40,516 [ERROR] [MainThread] [root/api.py:84]: Weather response error 403: API key has reached maximum calls per month allowed limit.
2026-09-01 17:57:40,516 [WARNING] [MainThread] [root/weather.py:610]: Error processing weather data: Weather data is empty.. Retrying fetch in 10 seconds.
2026-09-01 17:57:40,523 [WARNING] [MainThread] [root/weather.py:610]: Error processing weather data: Weather data is empty.. Retrying fetch in 10 seconds.
2026-09-01 17:57:40,529 [WARNING] [MainThread] [root/weather.py:610]: Error processing weather data: Weather data is empty.. Retrying fetch in 10 seconds.
2026-09-01 17:57:40,536 [ERROR] [MainThread] [root/api.py:84]: Weather response error 403: API key has reached maximum calls per month allowed limit.
2026-09-01 17:57:40,555 [ERROR] [MainThread] [root/api.py:84]: Weather response error 403: API key has reached maximum calls per month allowed limit.
2026-09-01 17:57:50,675 [ERROR] [MainThread] [root/api.py:84]: Weather response error 403: API key has reached maximum calls per month allowed limit.
2026-09-01 17:57:50,675 [WARNING] [MainThread] [root/weather.py:610]: Error processing weather data: Weather data is empty.. Retrying fetch in 10 seconds.
2026-09-01 17:57:50,681 [WARNING] [MainThread] [root/weather.py:610]: Error processing weather data: Weather data is empty.. Retrying fetch in 10 seconds.
2026-09-01 17:57:50,687 [WARNING] [MainThread] [root/weather.py:610]: Error processing weather data: Weather data is empty.. Retrying fetch in 10 seconds.
2026-09-01 17:57:50,693 [ERROR] [MainThread] [root/api.py:84]: Weather response error 403: API key has reached maximum calls per month allowed limit.
2026-09-01 17:57:50,711 [ERROR] [MainThread] [root/api.py:84]: Weather response error 403: API key has reached maximum calls per month allowed limit.
2026-09-01 17:58:00,826 [ERROR] [MainThread] [root/api.py:84]: Weather response error 403: API key has reached maximum calls per month allowed limit.
2026-09-01 17:58:00,826 [WARNING] [MainThread] [root/weather.py:610]: Error processing weather data: Weather data is empty.. Retrying fetch in 10 seconds.
2026-09-01 17:58:00,833 [WARNING] [MainThread] [root/weather.py:610]: Error processing weather data: Weather data is empty.. Retrying fetch in 10 seconds.
2026-09-01 17:58:00,839 [WARNING] [MainThread] [root/weather.py:610]: Error processing weather data: Weather data is empty.. Retrying fetch in 10 seconds.
2026-09-01 17:58:00,845 [ERROR] [MainThread] [root/api.py:84]: Weather response error 403: API key has reached maximum calls per month allowed limit.
2026-09-01 17:58:00,864 [ERROR] [MainThread] [root/api.py:84]: Weather response error 403: API key has reached maximum calls per month allowed limit.
2026-09-01 17:58:10,973 [ERROR] [MainThread] [root/api.py:84]: Weather response error 403: API key has reached maximum calls per month allowed limit.
2026-09-01 17:58:10,973 [WARNING] [MainThread] [root/weather.py:610]: Error processing weather data: Weather data is empty.. Retrying fetch in 10 seconds.
2026-09-01 17:58:10,979 [WARNING] [MainThread] [root/weather.py:610]: Error processing weather data: Weather data is empty.. Retrying fetch in 10 seconds.
2026-09-01 17:58:10,986 [WARNING] [MainThread] [root/weather.py:610]: Error processing weather data: Weather data is empty.. Retrying fetch in 10 seconds.
2026-09-01 17:58:10,992 [ERROR] [MainThread] [root/api.py:84]: Weather response error 403: API key has reached maximum calls per month allowed limit.
2026-09-01 17:58:11,010 [ERROR] [MainThread] [root/api.py:84]: Weather response error 403: API key has reached maximum calls per month allowed limit.
2026-09-01 17:58:21,117 [ERROR] [MainThread] [root/api.py:84]: Weather response error 403: API key has reached maximum calls per month allowed limit.
2026-09-01 17:58:21,117 [WARNING] [MainThread] [root/weather.py:610]: Error processing weather data: Weather data is empty.. Retrying fetch in 10 seconds.
2026-09-01 17:58:21,123 [WARNING] [MainThread] [root/weather.py:610]: Error processing weather data: Weather data is empty.. Retrying fetch in 10 seconds.
2026-09-01 17:58:21,130 [WARNING] [MainThread] [root/weather.py:610]: Error processing weather data: Weather data is empty.. Retrying fetch in 10 seconds.
2026-09-01 17:58:21,136 [ERROR] [MainThread] [root/api.py:84]: Weather response error 403: API key has reached maximum calls per month allowed limit.
2026-09-01 17:58:21,155 [ERROR] [MainThread] [root/api.py:84]: Weather response error 403: API key has reached maximum calls per month allowed limit.
2026-09-01 17:58:31,258 [ERROR] [MainThread] [root/api.py:84]: Weather response error 403: API key has reached maximum calls per month allowed limit.
2026-09-01 17:58:31,258 [WARNING] [MainThread] [root/weather.py:610]: Error processing weather data: Weather data is empty.. Retrying fetch in 10 seconds.
2026-09-01 17:58:31,265 [WARNING] [MainThread] [root/weather.py:610]: Error processing weather data: Weather data is empty.. Retrying fetch in 10 seconds.
2026-09-01 17:58:31,271 [WARNING] [MainThread] [root/weather.py:610]: Error processing weather data: Weather data is empty.. Retrying fetch in 10 seconds.
2026-09-01 17:58:31,277 [ERROR] [MainThread] [root/api.py:84]: Weather response error 403: API key has reached maximum calls per month allowed limit.
2026-09-01 17:58:31,296 [ERROR] [MainThread] [root/api.py:84]: Weather response error 403: API key has reached maximum calls per month allowed limit.
2026-09-01 17:58:41,406 [ERROR] [MainThread] [root/api.py:84]: Weather response error 403: API key has reached maximum calls per month allowed limit.
2026-09-01 17:58:41,407 [WARNING] [MainThread] [root/weather.py:610]: Error processing weather data: Weather data is empty.. Retrying fetch in 10 seconds.
2026-09-01 17:58:41,413 [WARNING] [MainThread] [root/weather.py:610]: Error processing weather data: Weather data is empty.. Retrying fetch in 10 seconds.
2026-09-01 17:58:41,420 [WARNING] [MainThread] [root/weather.py:610]: Error processing weather data: Weather data is empty.. Retrying fetch in 10 seconds.
2026-09-01 17:58:41,426 [ERROR] [MainThread] [root/api.py:84]: Weather response error 403: API key has reached maximum calls per month allowed limit.
2026-09-01 17:58:41,445 [ERROR] [MainThread] [root/api.py:84]: Weather response error 403: API key has reached maximum calls per month allowed limit.
2026-09-01 17:58:51,565 [ERROR] [MainThread] [root/api.py:84]: Weather response error 403: API key has reached maximum calls per month allowed limit.
2026-09-01 17:58:51,565 [WARNING] [MainThread] [root/weather.py:610]: Error processing weather data: Weather data is empty.. Retrying fetch in 10 seconds.
2026-09-01 17:58:51,571 [WARNING] [MainThread] [root/weather.py:610]: Error processing weather data: Weather data is empty.. Retrying fetch in 10 seconds.
2026-09-01 17:58:51,577 [WARNING] [MainThread] [root/weather.py:610]: Error processing weather data: Weather data is empty.. Retrying fetch in 10 seconds.
2026-09-01 17:58:51,583 [ERROR] [MainThread] [root/api.py:84]: Weather response error 403: API key has reached maximum calls per month allowed limit.
2026-09-01 17:58:51,601 [ERROR] [MainThread] [root/api.py:84]: Weather response error 403: API key has reached maximum calls per month allowed limit.
2026-09-01 17:59:01,714 [ERROR] [MainThread] [root/api.py:84]: Weather response error 403: API key has reached maximum calls per month allowed limit.
2026-09-01 17:59:01,714 [WARNING] [MainThread] [root/weather.py:610]: Error processing weather data: Weather data is empty.. Retrying fetch in 10 seconds.
2026-09-01 17:59:01,721 [WARNING] [MainThread] [root/weather.py:610]: Error processing weather data: Weather data is empty.. Retrying fetch in 10 seconds.
2026-09-01 17:59:01,727 [WARNING] [MainThread] [root/weather.py:610]: Error processing weather data: Weather data is empty.. Retrying fetch in 10 seconds.
2026-09-01 17:59:01,733 [ERROR] [MainThread] [root/api.py:84]: Weather response error 403: API key has reached maximum calls per month allowed limit.
2026-09-01 17:59:01,755 [ERROR] [MainThread] [root/api.py:84]: Weather response error 403: API key has reached maximum calls per month allowed limit.
2026-09-01 17:59:11,862 [ERROR] [MainThread] [root/api.py:84]: Weather response error 403: API key has reached maximum calls per month allowed limit.
2026-09-01 17:59:11,862 [WARNING] [MainThread] [root/weather.py:610]: Error processing weather data: Weather data is empty.. Retrying fetch in 10 seconds.
2026-09-01 17:59:11,869 [WARNING] [MainThread] [root/weather.py:610]: Error processing weather data: Weather data is empty.. Retrying fetch in 10 seconds.
2026-09-01 17:59:11,876 [WARNING] [MainThread] [root/weather.py:610]: Error processing weather data: Weather data is empty.. Retrying fetch in 10 seconds.
2026-09-01 17:59:11,883 [ERROR] [MainThread] [root/api.py:84]: Weather response error 403: API key has reached maximum calls per month allowed limit.
2026-09-01 17:59:11,936 [ERROR] [MainThread] [root/api.py:84]: Weather response error 403: API key has reached maximum calls per month allowed limit.
2026-09-01 17:59:22,019 [ERROR] [MainThread] [root/api.py:84]: Weather response error 403: API key has reached maximum calls per month allowed limit.
2026-09-01 17:59:22,020 [WARNING] [MainThread] [root/weather.py:610]: Error processing weather data: Weather data is empty.. Retrying fetch in 10 seconds.
2026-09-01 17:59:22,026 [WARNING] [MainThread] [root/weather.py:610]: Error processing weather data: Weather data is empty.. Retrying fetch in 10 seconds.
2026-09-01 17:59:22,032 [WARNING] [MainThread] [root/weather.py:610]: Error processing weather data: Weather data is empty.. Retrying fetch in 10 seconds.
2026-09-01 17:59:22,039 [ERROR] [MainThread] [root/api.py:84]: Weather response error 403: API key has reached maximum calls per month allowed limit.
2026-09-01 17:59:22,057 [ERROR] [MainThread] [root/api.py:84]: Weather response error 403: API key has reached maximum calls per month allowed limit.
2026-09-01 17:59:32,167 [ERROR] [MainThread] [root/api.py:84]: Weather response error 403: API key has reached maximum calls per month allowed limit.
2026-09-01 17:59:32,167 [WARNING] [MainThread] [root/weather.py:610]: Error processing weather data: Weather data is empty.. Retrying fetch in 10 seconds.
2026-09-01 17:59:32,174 [WARNING] [MainThread] [root/weather.py:610]: Error processing weather data: Weather data is empty.. Retrying fetch in 10 seconds.
2026-09-01 17:59:32,180 [WARNING] [MainThread] [root/weather.py:610]: Error processing weather data: Weather data is empty.. Retrying fetch in 10 seconds.
2026-09-01 17:59:32,186 [ERROR] [MainThread] [root/api.py:84]: Weather response error 403: API key has reached maximum calls per month allowed limit.
2026-09-01 17:59:32,208 [ERROR] [MainThread] [root/api.py:84]: Weather response error 403: API key has reached maximum calls per month allowed limit.
2026-09-01 17:59:42,315 [ERROR] [MainThread] [root/api.py:84]: Weather response error 403: API key has reached maximum calls per month allowed limit.
2026-09-01 17:59:42,315 [WARNING] [MainThread] [root/weather.py:610]: Error processing weather data: Weather data is empty.. Retrying fetch in 10 seconds.
2026-09-01 17:59:42,322 [WARNING] [MainThread] [root/weather.py:610]: Error processing weather data: Weather data is empty.. Retrying fetch in 10 seconds.
2026-09-01 17:59:42,328 [WARNING] [MainThread] [root/weather.py:610]: Error processing weather data: Weather data is empty.. Retrying fetch in 10 seconds.
2026-09-01 17:59:42,334 [ERROR] [MainThread] [root/api.py:84]: Weather response error 403: API key has reached maximum calls per month allowed limit.
2026-09-01 17:59:42,415 [ERROR] [MainThread] [root/api.py:84]: Weather response error 403: API key has reached maximum calls per month allowed limit.
2026-09-01 17:59:52,473 [ERROR] [MainThread] [root/api.py:84]: Weather response error 403: API key has reached maximum calls per month allowed limit.
2026-09-01 17:59:52,474 [WARNING] [MainThread] [root/weather.py:610]: Error processing weather data: Weather data is empty.. Retrying fetch in 10 seconds.
2026-09-01 17:59:52,480 [WARNING] [MainThread] [root/weather.py:610]: Error processing weather data: Weather data is empty.. Retrying fetch in 10 seconds.
2026-09-01 17:59:52,487 [WARNING] [MainThread] [root/weather.py:610]: Error processing weather data: Weather data is empty.. Retrying fetch in 10 seconds.
2026-09-01 17:59:52,493 [ERROR] [MainThread] [root/api.py:84]: Weather response error 403: API key has reached maximum calls per month allowed limit.
2026-09-01 17:59:52,558 [ERROR] [MainThread] [root/api.py:84]: Weather response error 403: API key has reached maximum calls per month allowed limit.
2026-09-01 18:00:02,634 [ERROR] [MainThread] [root/api.py:84]: Weather response error 403: API key has reached maximum calls per month allowed limit.
2026-09-01 18:00:02,635 [WARNING] [MainThread] [root/weather.py:610]: Error processing weather data: Weather data is empty.. Retrying fetch in 10 seconds.
2026-09-01 18:00:02,642 [WARNING] [MainThread] [root/weather.py:610]: Error processing weather data: Weather data is empty.. Retrying fetch in 10 seconds.
2026-09-01 18:00:02,648 [WARNING] [MainThread] [root/weather.py:610]: Error processing weather data: Weather data is empty.. Retrying fetch in 10 seconds.
2026-09-01 18:00:02,657 [ERROR] [MainThread] [root/api.py:84]: Weather response error 403: API key has reached maximum calls per month allowed limit.
2026-09-01 18:00:02,676 [ERROR] [MainThread] [root/api.py:84]: Weather response error 403: API key has reached maximum calls per month allowed limit.
2026-09-01 18:00:12,778 [ERROR] [MainThread] [root/api.py:84]: Weather response error 403: API key has reached maximum calls per month allowed limit.
2026-09-01 18:00:12,778 [WARNING] [MainThread] [root/weather.py:610]: Error processing weather data: Weather data is empty.. Retrying fetch in 10 seconds.
2026-09-01 18:00:12,785 [WARNING] [MainThread] [root/weather.py:610]: Error processing weather data: Weather data is empty.. Retrying fetch in 10 seconds.
2026-09-01 18:00:12,791 [WARNING] [MainThread] [root/weather.py:610]: Error processing weather data: Weather data is empty.. Retrying fetch in 10 seconds.
2026-09-01 18:00:12,798 [ERROR] [MainThread] [root/api.py:84]: Weather response error 403: API key has reached maximum calls per month allowed limit.
2026-09-01 18:00:12,816 [ERROR] [MainThread] [root/api.py:84]: Weather response error 403: API key has reached maximum calls per month allowed limit.
2026-09-01 18:00:22,927 [ERROR] [MainThread] [root/api.py:84]: Weather response error 403: API key has reached maximum calls per month allowed limit.
2026-09-01 18:00:22,928 [WARNING] [MainThread] [root/weather.py:610]: Error processing weather data: Weather data is empty.. Retrying fetch in 10 seconds.
2026-09-01 18:00:22,934 [WARNING] [MainThread] [root/weather.py:610]: Error processing weather data: Weather data is empty.. Retrying fetch in 10 seconds.
2026-09-01 18:00:22,941 [WARNING] [MainThread] [root/weather.py:610]: Error processing weather data: Weather data is empty.. Retrying fetch in 10 seconds.
2026-09-01 18:00:22,947 [ERROR] [MainThread] [root/api.py:84]: Weather response error 403: API key has reached maximum calls per month allowed limit.
2026-09-01 18:00:22,978 [ERROR] [MainThread] [root/api.py:84]: Weather response error 403: API key has reached maximum calls per month allowed limit.
2026-09-01 18:00:33,071 [ERROR] [MainThread] [root/api.py:84]: Weather response error 403: API key has reached maximum calls per month allowed limit.
2026-09-01 18:00:33,072 [WARNING] [MainThread] [root/weather.py:610]: Error processing weather data: Weather data is empty.. Retrying fetch in 10 seconds.
2026-09-01 18:00:33,078 [WARNING] [MainThread] [root/weather.py:610]: Error processing weather data: Weather data is empty.. Retrying fetch in 10 seconds.
2026-09-01 18:00:33,084 [WARNING] [MainThread] [root/weather.py:610]: Error processing weather data: Weather data is empty.. Retrying fetch in 10 seconds.
2026-09-01 18:00:33,090 [ERROR] [MainThread] [root/api.py:84]: Weather response error 403: API key has reached maximum calls per month allowed limit.
2026-09-01 18:00:33,109 [ERROR] [MainThread] [root/api.py:84]: Weather response error 403: API key has reached maximum calls per month allowed limit.
2026-09-01 18:00:43,215 [ERROR] [MainThread] [root/api.py:84]: Weather response error 403: API key has reached maximum calls per month allowed limit.
2026-09-01 18:00:43,216 [WARNING] [MainThread] [root/weather.py:610]: Error processing weather data: Weather data is empty.. Retrying fetch in 10 seconds.
2026-09-01 18:00:43,222 [WARNING] [MainThread] [root/weather.py:610]: Error processing weather data: Weather data is empty.. Retrying fetch in 10 seconds.
2026-09-01 18:00:43,228 [WARNING] [MainThread] [root/weather.py:610]: Error processing weather data: Weather data is empty.. Retrying fetch in 10 seconds.
2026-09-01 18:00:43,235 [ERROR] [MainThread] [root/api.py:84]: Weather response error 403: API key has reached maximum calls per month allowed limit.
2026-09-01 18:00:43,318 [ERROR] [MainThread] [root/api.py:84]: Weather response error 403: API key has reached maximum calls per month allowed limit.
2026-09-01 18:00:53,438 [ERROR] [MainThread] [root/api.py:84]: Weather response error 403: API key has reached maximum calls per month allowed limit.
2026-09-01 18:00:53,439 [WARNING] [MainThread] [root/weather.py:610]: Error processing weather data: Weather data is empty.. Retrying fetch in 10 seconds.
2026-09-01 18:00:53,445 [WARNING] [MainThread] [root/weather.py:610]: Error processing weather data: Weather data is empty.. Retrying fetch in 10 seconds.
2026-09-01 18:00:53,452 [WARNING] [MainThread] [root/weather.py:610]: Error processing weather data: Weather data is empty.. Retrying fetch in 10 seconds.
2026-09-01 18:00:53,458 [ERROR] [MainThread] [root/api.py:84]: Weather response error 403: API key has reached maximum calls per month allowed limit.
2026-09-01 18:00:53,477 [ERROR] [MainThread] [root/api.py:84]: Weather response error 403: API key has reached maximum calls per month allowed limit.
2026-09-01 18:01:03,596 [ERROR] [MainThread] [root/api.py:84]: Weather response error 403: API key has reached maximum calls per month allowed limit.
2026-09-01 18:01:03,596 [WARNING] [MainThread] [root/weather.py:610]: Error processing weather data: Weather data is empty.. Retrying fetch in 10 seconds.
2026-09-01 18:01:03,603 [WARNING] [MainThread] [root/weather.py:610]: Error processing weather data: Weather data is empty.. Retrying fetch in 10 seconds.
2026-09-01 18:01:03,609 [WARNING] [MainThread] [root/weather.py:610]: Error processing weather data: Weather data is empty.. Retrying fetch in 10 seconds.
2026-09-01 18:01:03,615 [ERROR] [MainThread] [root/api.py:84]: Weather response error 403: API key has reached maximum calls per month allowed limit.
2026-09-01 18:01:03,636 [ERROR] [MainThread] [root/api.py:84]: Weather response error 403: API key has reached maximum calls per month allowed limit.
2026-09-01 18:01:13,792 [ERROR] [MainThread] [root/api.py:84]: Weather response error 403: API key has reached maximum calls per month allowed limit.
2026-09-01 18:01:13,792 [WARNING] [MainThread] [root/weather.py:610]: Error processing weather data: Weather data is empty.. Retrying fetch in 10 seconds.
2026-09-01 18:01:13,799 [WARNING] [MainThread] [root/weather.py:610]: Error processing weather data: Weather data is empty.. Retrying fetch in 10 seconds.
2026-09-01 18:01:13,805 [WARNING] [MainThread] [root/weather.py:610]: Error processing weather data: Weather data is empty.. Retrying fetch in 10 seconds.
2026-09-01 18:01:13,812 [ERROR] [MainThread] [root/api.py:84]: Weather response error 403: API key has reached maximum calls per month allowed limit.
2026-09-01 18:01:13,831 [ERROR] [MainThread] [root/api.py:84]: Weather response error 403: API key has reached maximum calls per month allowed limit.
2026-09-01 18:01:23,950 [ERROR] [MainThread] [root/api.py:84]: Weather response error 403: API key has reached maximum calls per month allowed limit.
2026-09-01 18:01:23,951 [WARNING] [MainThread] [root/weather.py:610]: Error processing weather data: Weather data is empty.. Retrying fetch in 10 seconds.
2026-09-01 18:01:23,957 [WARNING] [MainThread] [root/weather.py:610]: Error processing weather data: Weather data is empty.. Retrying fetch in 10 seconds.
2026-09-01 18:01:23,963 [WARNING] [MainThread] [root/weather.py:610]: Error processing weather data: Weather data is empty.. Retrying fetch in 10 seconds.
2026-09-01 18:01:23,969 [ERROR] [MainThread] [root/api.py:84]: Weather response error 403: API key has reached maximum calls per month allowed limit.
2026-09-01 18:01:23,988 [ERROR] [MainThread] [root/api.py:84]: Weather response error 403: API key has reached maximum calls per month allowed limit.
2026-09-01 18:01:34,100 [ERROR] [MainThread] [root/api.py:84]: Weather response error 403: API key has reached maximum calls per month allowed limit.
2026-09-01 18:01:34,101 [WARNING] [MainThread] [root/weather.py:610]: Error processing weather data: Weather data is empty.. Retrying fetch in 10 seconds.
2026-09-01 18:01:34,107 [WARNING] [MainThread] [root/weather.py:610]: Error processing weather data: Weather data is empty.. Retrying fetch in 10 seconds.
2026-09-01 18:01:34,113 [WARNING] [MainThread] [root/weather.py:610]: Error processing weather data: Weather data is empty.. Retrying fetch in 10 seconds.
2026-09-01 18:01:34,120 [ERROR] [MainThread] [root/api.py:84]: Weather response error 403: API key has reached maximum calls per month allowed limit.
2026-09-01 18:01:34,189 [ERROR] [MainThread] [root/api.py:84]: Weather response error 403: API key has reached maximum calls per month allowed limit.
2026-09-01 18:01:44,247 [ERROR] [MainThread] [root/api.py:84]: Weather response error 403: API key has reached maximum calls per month allowed limit.
2026-09-01 18:01:44,247 [WARNING] [MainThread] [root/weather.py:610]: Error processing weather data: Weather data is empty.. Retrying fetch in 10 seconds.
2026-09-01 18:01:44,253 [WARNING] [MainThread] [root/weather.py:610]: Error processing weather data: Weather data is empty.. Retrying fetch in 10 seconds.
2026-09-01 18:01:44,260 [WARNING] [MainThread] [root/weather.py:610]: Error processing weather data: Weather data is empty.. Retrying fetch in 10 seconds.
2026-09-01 18:01:44,266 [ERROR] [MainThread] [root/api.py:84]: Weather response error 403: API key has reached maximum calls per month allowed limit.
2026-09-01 18:01:44,351 [ERROR] [MainThread] [root/api.py:84]: Weather response error 403: API key has reached maximum calls per month allowed limit.
2026-09-01 18:01:54,402 [ERROR] [MainThread] [root/api.py:84]: Weather response error 403: API key has reached maximum calls per month allowed limit.
2026-09-01 18:01:54,402 [WARNING] [MainThread] [root/weather.py:610]: Error processing weather data: Weather data is empty.. Retrying fetch in 10 seconds.
2026-09-01 18:01:54,409 [WARNING] [MainThread] [root/weather.py:610]: Error processing weather data: Weather data is empty.. Retrying fetch in 10 seconds.
2026-09-01 18:01:54,415 [WARNING] [MainThread] [root/weather.py:610]: Error processing weather data: Weather data is empty.. Retrying fetch in 10 seconds.
2026-09-01 18:01:54,422 [ERROR] [MainThread] [root/api.py:84]: Weather response error 403: API key has reached maximum calls per month allowed limit.
2026-09-01 18:01:54,441 [ERROR] [MainThread] [root/api.py:84]: Weather response error 403: API key has reached maximum calls per month allowed limit.
2026-09-01 18:02:04,553 [ERROR] [MainThread] [root/api.py:84]: Weather response error 403: API key has reached maximum calls per month allowed limit.
2026-09-01 18:02:04,554 [WARNING] [MainThread] [root/weather.py:610]: Error processing weather data: Weather data is empty.. Retrying fetch in 10 seconds.
2026-09-01 18:02:04,560 [WARNING] [MainThread] [root/weather.py:610]: Error processing weather data: Weather data is empty.. Retrying fetch in 10 seconds.
2026-09-01 18:02:04,567 [WARNING] [MainThread] [root/weather.py:610]: Error processing weather data: Weather data is empty.. Retrying fetch in 10 seconds.
2026-09-01 18:02:04,574 [ERROR] [MainThread] [root/api.py:84]: Weather response error 403: API key has reached maximum calls per month allowed limit.
2026-09-01 18:02:04,594 [ERROR] [MainThread] [root/api.py:84]: Weather response error 403: API key has reached maximum calls per month allowed limit.
2026-09-01 18:02:14,702 [ERROR] [MainThread] [root/api.py:84]: Weather response error 403: API key has reached maximum calls per month allowed limit.
2026-09-01 18:02:14,702 [WARNING] [MainThread] [root/weather.py:610]: Error processing weather data: Weather data is empty.. Retrying fetch in 10 seconds.
2026-09-01 18:02:14,709 [WARNING] [MainThread] [root/weather.py:610]: Error processing weather data: Weather data is empty.. Retrying fetch in 10 seconds.
2026-09-01 18:02:14,715 [WARNING] [MainThread] [root/weather.py:610]: Error processing weather data: Weather data is empty.. Retrying fetch in 10 seconds.
2026-09-01 18:02:14,722 [ERROR] [MainThread] [root/api.py:86]: Weather response error 408: UnknownContentError 299.
Traceback (most recent call last):
  File "D:\a\yasb\yasb\src\core\utils\widgets\weather\api.py", line 80, in handle_response
Exception: Weather response error 408: UnknownContentError 299.

2026-09-01 18:02:14,741 [ERROR] [MainThread] [root/api.py:84]: Weather response error 403: API key has reached maximum calls per month allowed limit.
2026-09-01 18:02:24,857 [ERROR] [MainThread] [root/api.py:84]: Weather response error 403: API key has reached maximum calls per month allowed limit.
2026-09-01 18:02:24,858 [WARNING] [MainThread] [root/weather.py:610]: Error processing weather data: Weather data is empty.. Retrying fetch in 10 seconds.
2026-09-01 18:02:24,864 [WARNING] [MainThread] [root/weather.py:610]: Error processing weather data: Weather data is empty.. Retrying fetch in 10 seconds.
2026-09-01 18:02:24,870 [WARNING] [MainThread] [root/weather.py:610]: Error processing weather data: Weather data is empty.. Retrying fetch in 10 seconds.
2026-09-01 18:02:24,877 [ERROR] [MainThread] [root/api.py:84]: Weather response error 403: API key has reached maximum calls per month allowed limit.
2026-09-01 18:02:24,896 [ERROR] [MainThread] [root/api.py:84]: Weather response error 403: API key has reached maximum calls per month allowed limit.
2026-09-01 18:02:35,028 [ERROR] [MainThread] [root/api.py:84]: Weather response error 403: API key has reached maximum calls per month allowed limit.
2026-09-01 18:02:35,028 [WARNING] [MainThread] [root/weather.py:610]: Error processing weather data: Weather data is empty.. Retrying fetch in 10 seconds.
2026-09-01 18:02:35,035 [WARNING] [MainThread] [root/weather.py:610]: Error processing weather data: Weather data is empty.. Retrying fetch in 10 seconds.
2026-09-01 18:02:35,041 [WARNING] [MainThread] [root/weather.py:610]: Error processing weather data: Weather data is empty.. Retrying fetch in 10 seconds.
2026-09-01 18:02:35,047 [ERROR] [MainThread] [root/api.py:84]: Weather response error 403: API key has reached maximum calls per month allowed limit.
2026-09-01 18:02:35,066 [ERROR] [MainThread] [root/api.py:84]: Weather response error 403: API key has reached maximum calls per month allowed limit.
2026-09-01 18:02:45,172 [ERROR] [MainThread] [root/api.py:84]: Weather response error 403: API key has reached maximum calls per month allowed limit.
2026-09-01 18:02:45,172 [WARNING] [MainThread] [root/weather.py:610]: Error processing weather data: Weather data is empty.. Retrying fetch in 10 seconds.
2026-09-01 18:02:45,179 [WARNING] [MainThread] [root/weather.py:610]: Error processing weather data: Weather data is empty.. Retrying fetch in 10 seconds.
2026-09-01 18:02:45,186 [WARNING] [MainThread] [root/weather.py:610]: Error processing weather data: Weather data is empty.. Retrying fetch in 10 seconds.
2026-09-01 18:02:45,197 [ERROR] [MainThread] [root/api.py:84]: Weather response error 403: API key has reached maximum calls per month allowed limit.
2026-09-01 18:02:45,219 [ERROR] [MainThread] [root/api.py:84]: Weather response error 403: API key has reached maximum calls per month allowed limit.
2026-09-01 18:02:52,825 [ERROR] [MainThread] [root/api.py:84]: Weather response error 403: API key has reached maximum calls per month allowed limit.
2026-09-01 18:02:55,324 [ERROR] [MainThread] [root/api.py:84]: Weather response error 403: API key has reached maximum calls per month allowed limit.
2026-09-01 18:02:55,324 [WARNING] [MainThread] [root/weather.py:610]: Error processing weather data: Weather data is empty.. Retrying fetch in 10 seconds.
2026-09-01 18:02:55,331 [WARNING] [MainThread] [root/weather.py:610]: Error processing weather data: Weather data is empty.. Retrying fetch in 10 seconds.
2026-09-01 18:02:55,339 [WARNING] [MainThread] [root/weather.py:610]: Error processing weather data: Weather data is empty.. Retrying fetch in 10 seconds.
2026-09-01 18:02:55,346 [ERROR] [MainThread] [root/api.py:84]: Weather response error 403: API key has reached maximum calls per month allowed limit.
2026-09-01 18:02:55,366 [ERROR] [MainThread] [root/api.py:84]: Weather response error 403: API key has reached maximum calls per month allowed limit.
2026-09-01 18:03:05,461 [ERROR] [MainThread] [root/api.py:84]: Weather response error 403: API key has reached maximum calls per month allowed limit.
2026-09-01 18:03:05,461 [WARNING] [MainThread] [root/weather.py:610]: Error processing weather data: Weather data is empty.. Retrying fetch in 10 seconds.
2026-09-01 18:03:05,467 [WARNING] [MainThread] [root/weather.py:610]: Error processing weather data: Weather data is empty.. Retrying fetch in 10 seconds.
2026-09-01 18:03:05,474 [WARNING] [MainThread] [root/weather.py:610]: Error processing weather data: Weather data is empty.. Retrying fetch in 10 seconds.
2026-09-01 18:03:05,561 [ERROR] [MainThread] [root/api.py:84]: Weather response error 403: API key has reached maximum calls per month allowed limit.
2026-09-01 18:03:05,581 [ERROR] [MainThread] [root/api.py:84]: Weather response error 403: API key has reached maximum calls per month allowed limit.
2026-09-01 18:03:15,614 [ERROR] [MainThread] [root/api.py:84]: Weather response error 403: API key has reached maximum calls per month allowed limit.
2026-09-01 18:03:15,615 [WARNING] [MainThread] [root/weather.py:610]: Error processing weather data: Weather data is empty.. Retrying fetch in 10 seconds.
2026-09-01 18:03:15,621 [WARNING] [MainThread] [root/weather.py:610]: Error processing weather data: Weather data is empty.. Retrying fetch in 10 seconds.
2026-09-01 18:03:15,627 [WARNING] [MainThread] [root/weather.py:610]: Error processing weather data: Weather data is empty.. Retrying fetch in 10 seconds.
2026-09-01 18:03:15,634 [ERROR] [MainThread] [root/api.py:84]: Weather response error 403: API key has reached maximum calls per month allowed limit.
2026-09-01 18:03:15,653 [ERROR] [MainThread] [root/api.py:84]: Weather response error 403: API key has reached maximum calls per month allowed limit.
2026-09-01 18:03:25,765 [ERROR] [MainThread] [root/api.py:84]: Weather response error 403: API key has reached maximum calls per month allowed limit.
2026-09-01 18:03:25,766 [WARNING] [MainThread] [root/weather.py:610]: Error processing weather data: Weather data is empty.. Retrying fetch in 10 seconds.
2026-09-01 18:03:25,772 [WARNING] [MainThread] [root/weather.py:610]: Error processing weather data: Weather data is empty.. Retrying fetch in 10 seconds.
2026-09-01 18:03:25,778 [WARNING] [MainThread] [root/weather.py:610]: Error processing weather data: Weather data is empty.. Retrying fetch in 10 seconds.
2026-09-01 18:03:25,784 [ERROR] [MainThread] [root/api.py:84]: Weather response error 403: API key has reached maximum calls per month allowed limit.
2026-09-01 18:03:25,866 [ERROR] [MainThread] [root/api.py:84]: Weather response error 403: API key has reached maximum calls per month allowed limit.
2026-09-01 18:03:35,903 [ERROR] [MainThread] [root/api.py:84]: Weather response error 403: API key has reached maximum calls per month allowed limit.
2026-09-01 18:03:35,903 [WARNING] [MainThread] [root/weather.py:610]: Error processing weather data: Weather data is empty.. Retrying fetch in 10 seconds.
2026-09-01 18:03:35,910 [WARNING] [MainThread] [root/weather.py:610]: Error processing weather data: Weather data is empty.. Retrying fetch in 10 seconds.
2026-09-01 18:03:35,916 [WARNING] [MainThread] [root/weather.py:610]: Error processing weather data: Weather data is empty.. Retrying fetch in 10 seconds.
2026-09-01 18:03:35,923 [ERROR] [MainThread] [root/api.py:84]: Weather response error 403: API key has reached maximum calls per month allowed limit.
2026-09-01 18:03:35,941 [ERROR] [MainThread] [root/api.py:84]: Weather response error 403: API key has reached maximum calls per month allowed limit.
2026-09-01 18:03:46,069 [ERROR] [MainThread] [root/api.py:84]: Weather response error 403: API key has reached maximum calls per month allowed limit.
2026-09-01 18:03:46,069 [WARNING] [MainThread] [root/weather.py:610]: Error processing weather data: Weather data is empty.. Retrying fetch in 10 seconds.
2026-09-01 18:03:46,076 [WARNING] [MainThread] [root/weather.py:610]: Error processing weather data: Weather data is empty.. Retrying fetch in 10 seconds.
2026-09-01 18:03:46,082 [WARNING] [MainThread] [root/weather.py:610]: Error processing weather data: Weather data is empty.. Retrying fetch in 10 seconds.
2026-09-01 18:03:46,089 [ERROR] [MainThread] [root/api.py:84]: Weather response error 403: API key has reached maximum calls per month allowed limit.
2026-09-01 18:03:46,108 [ERROR] [MainThread] [root/api.py:84]: Weather response error 403: API key has reached maximum calls per month allowed limit.
2026-09-01 18:03:56,208 [ERROR] [MainThread] [root/api.py:84]: Weather response error 403: API key has reached maximum calls per month allowed limit.
2026-09-01 18:03:56,209 [WARNING] [MainThread] [root/weather.py:610]: Error processing weather data: Weather data is empty.. Retrying fetch in 10 seconds.
2026-09-01 18:03:56,215 [WARNING] [MainThread] [root/weather.py:610]: Error processing weather data: Weather data is empty.. Retrying fetch in 10 seconds.
2026-09-01 18:03:56,221 [WARNING] [MainThread] [root/weather.py:610]: Error processing weather data: Weather data is empty.. Retrying fetch in 10 seconds.
2026-09-01 18:03:56,228 [ERROR] [MainThread] [root/api.py:84]: Weather response error 403: API key has reached maximum calls per month allowed limit.
2026-09-01 18:03:56,249 [ERROR] [MainThread] [root/api.py:84]: Weather response error 403: API key has reached maximum calls per month allowed limit.
2026-09-01 18:04:06,351 [ERROR] [MainThread] [root/api.py:84]: Weather response error 403: API key has reached maximum calls per month allowed limit.
2026-09-01 18:04:06,352 [WARNING] [MainThread] [root/weather.py:610]: Error processing weather data: Weather data is empty.. Retrying fetch in 10 seconds.
2026-09-01 18:04:06,358 [WARNING] [MainThread] [root/weather.py:610]: Error processing weather data: Weather data is empty.. Retrying fetch in 10 seconds.
2026-09-01 18:04:06,366 [WARNING] [MainThread] [root/weather.py:610]: Error processing weather data: Weather data is empty.. Retrying fetch in 10 seconds.
2026-09-01 18:04:06,372 [ERROR] [MainThread] [root/api.py:84]: Weather response error 403: API key has reached maximum calls per month allowed limit.
2026-09-01 18:04:06,392 [ERROR] [MainThread] [root/api.py:84]: Weather response error 403: API key has reached maximum calls per month allowed limit.
2026-09-01 18:04:16,490 [ERROR] [MainThread] [root/api.py:84]: Weather response error 403: API key has reached maximum calls per month allowed limit.
2026-09-01 18:04:16,491 [WARNING] [MainThread] [root/weather.py:610]: Error processing weather data: Weather data is empty.. Retrying fetch in 10 seconds.
2026-09-01 18:04:16,497 [WARNING] [MainThread] [root/weather.py:610]: Error processing weather data: Weather data is empty.. Retrying fetch in 10 seconds.
2026-09-01 18:04:16,504 [WARNING] [MainThread] [root/weather.py:610]: Error processing weather data: Weather data is empty.. Retrying fetch in 10 seconds.
2026-09-01 18:04:16,511 [ERROR] [MainThread] [root/api.py:84]: Weather response error 403: API key has reached maximum calls per month allowed limit.
2026-09-01 18:04:16,531 [ERROR] [MainThread] [root/api.py:84]: Weather response error 403: API key has reached maximum calls per month allowed limit.
2026-09-01 18:04:26,645 [ERROR] [MainThread] [root/api.py:84]: Weather response error 403: API key has reached maximum calls per month allowed limit.
2026-09-01 18:04:26,646 [WARNING] [MainThread] [root/weather.py:610]: Error processing weather data: Weather data is empty.. Retrying fetch in 10 seconds.
2026-09-01 18:04:26,652 [WARNING] [MainThread] [root/weather.py:610]: Error processing weather data: Weather data is empty.. Retrying fetch in 10 seconds.
2026-09-01 18:04:26,659 [WARNING] [MainThread] [root/weather.py:610]: Error processing weather data: Weather data is empty.. Retrying fetch in 10 seconds.
2026-09-01 18:04:26,665 [ERROR] [MainThread] [root/api.py:84]: Weather response error 403: API key has reached maximum calls per month allowed limit.
2026-09-01 18:04:26,685 [ERROR] [MainThread] [root/api.py:84]: Weather response error 403: API key has reached maximum calls per month allowed limit.
2026-09-01 18:04:36,797 [ERROR] [MainThread] [root/api.py:84]: Weather response error 403: API key has reached maximum calls per month allowed limit.
2026-09-01 18:04:36,797 [WARNING] [MainThread] [root/weather.py:610]: Error processing weather data: Weather data is empty.. Retrying fetch in 10 seconds.
2026-09-01 18:04:36,804 [WARNING] [MainThread] [root/weather.py:610]: Error processing weather data: Weather data is empty.. Retrying fetch in 10 seconds.
2026-09-01 18:04:36,810 [WARNING] [MainThread] [root/weather.py:610]: Error processing weather data: Weather data is empty.. Retrying fetch in 10 seconds.
2026-09-01 18:04:36,818 [ERROR] [MainThread] [root/api.py:84]: Weather response error 403: API key has reached maximum calls per month allowed limit.
2026-09-01 18:04:36,838 [ERROR] [MainThread] [root/api.py:84]: Weather response error 403: API key has reached maximum calls per month allowed limit.
2026-09-01 18:04:46,949 [ERROR] [MainThread] [root/api.py:84]: Weather response error 403: API key has reached maximum calls per month allowed limit.
2026-09-01 18:04:46,949 [WARNING] [MainThread] [root/weather.py:610]: Error processing weather data: Weather data is empty.. Retrying fetch in 10 seconds.
2026-09-01 18:04:46,956 [WARNING] [MainThread] [root/weather.py:610]: Error processing weather data: Weather data is empty.. Retrying fetch in 10 seconds.
2026-09-01 18:04:46,963 [WARNING] [MainThread] [root/weather.py:610]: Error processing weather data: Weather data is empty.. Retrying fetch in 10 seconds.
2026-09-01 18:04:46,970 [ERROR] [MainThread] [root/api.py:84]: Weather response error 403: API key has reached maximum calls per month allowed limit.
2026-09-01 18:04:46,991 [ERROR] [MainThread] [root/api.py:84]: Weather response error 403: API key has reached maximum calls per month allowed limit.
2026-09-01 18:04:57,098 [ERROR] [MainThread] [root/api.py:84]: Weather response error 403: API key has reached maximum calls per month allowed limit.
2026-09-01 18:04:57,099 [WARNING] [MainThread] [root/weather.py:610]: Error processing weather data: Weather data is empty.. Retrying fetch in 10 seconds.
2026-09-01 18:04:57,105 [WARNING] [MainThread] [root/weather.py:610]: Error processing weather data: Weather data is empty.. Retrying fetch in 10 seconds.
2026-09-01 18:04:57,112 [WARNING] [MainThread] [root/weather.py:610]: Error processing weather data: Weather data is empty.. Retrying fetch in 10 seconds.
2026-09-01 18:04:57,118 [ERROR] [MainThread] [root/api.py:84]: Weather response error 403: API key has reached maximum calls per month allowed limit.
2026-09-01 18:04:57,138 [ERROR] [MainThread] [root/api.py:84]: Weather response error 403: API key has reached maximum calls per month allowed limit.
2026-09-01 18:05:07,253 [ERROR] [MainThread] [root/api.py:84]: Weather response error 403: API key has reached maximum calls per month allowed limit.
2026-09-01 18:05:07,254 [WARNING] [MainThread] [root/weather.py:610]: Error processing weather data: Weather data is empty.. Retrying fetch in 10 seconds.
2026-09-01 18:05:07,261 [WARNING] [MainThread] [root/weather.py:610]: Error processing weather data: Weather data is empty.. Retrying fetch in 10 seconds.
2026-09-01 18:05:07,268 [WARNING] [MainThread] [root/weather.py:610]: Error processing weather data: Weather data is empty.. Retrying fetch in 10 seconds.
2026-09-01 18:05:07,274 [ERROR] [MainThread] [root/api.py:84]: Weather response error 403: API key has reached maximum calls per month allowed limit.
2026-09-01 18:05:07,295 [ERROR] [MainThread] [root/api.py:84]: Weather response error 403: API key has reached maximum calls per month allowed limit.
2026-09-01 18:05:17,403 [ERROR] [MainThread] [root/api.py:84]: Weather response error 403: API key has reached maximum calls per month allowed limit.
2026-09-01 18:05:17,403 [WARNING] [MainThread] [root/weather.py:610]: Error processing weather data: Weather data is empty.. Retrying fetch in 10 seconds.
2026-09-01 18:05:17,410 [WARNING] [MainThread] [root/weather.py:610]: Error processing weather data: Weather data is empty.. Retrying fetch in 10 seconds.
2026-09-01 18:05:17,416 [WARNING] [MainThread] [root/weather.py:610]: Error processing weather data: Weather data is empty.. Retrying fetch in 10 seconds.
2026-09-01 18:05:17,423 [ERROR] [MainThread] [root/api.py:84]: Weather response error 403: API key has reached maximum calls per month allowed limit.
2026-09-01 18:05:17,442 [ERROR] [MainThread] [root/api.py:84]: Weather response error 403: API key has reached maximum calls per month allowed limit.
2026-09-01 18:05:27,549 [ERROR] [MainThread] [root/api.py:84]: Weather response error 403: API key has reached maximum calls per month allowed limit.
2026-09-01 18:05:27,549 [WARNING] [MainThread] [root/weather.py:610]: Error processing weather data: Weather data is empty.. Retrying fetch in 10 seconds.
2026-09-01 18:05:27,556 [WARNING] [MainThread] [root/weather.py:610]: Error processing weather data: Weather data is empty.. Retrying fetch in 10 seconds.
2026-09-01 18:05:27,562 [WARNING] [MainThread] [root/weather.py:610]: Error processing weather data: Weather data is empty.. Retrying fetch in 10 seconds.
2026-09-01 18:05:27,569 [ERROR] [MainThread] [root/api.py:84]: Weather response error 403: API key has reached maximum calls per month allowed limit.
2026-09-01 18:05:27,588 [ERROR] [MainThread] [root/api.py:84]: Weather response error 403: API key has reached maximum calls per month allowed limit.
2026-09-01 18:05:37,695 [ERROR] [MainThread] [root/api.py:84]: Weather response error 403: API key has reached maximum calls per month allowed limit.
2026-09-01 18:05:37,696 [WARNING] [MainThread] [root/weather.py:610]: Error processing weather data: Weather data is empty.. Retrying fetch in 10 seconds.
2026-09-01 18:05:37,704 [WARNING] [MainThread] [root/weather.py:610]: Error processing weather data: Weather data is empty.. Retrying fetch in 10 seconds.
2026-09-01 18:05:37,710 [WARNING] [MainThread] [root/weather.py:610]: Error processing weather data: Weather data is empty.. Retrying fetch in 10 seconds.
2026-09-01 18:05:37,717 [ERROR] [MainThread] [root/api.py:84]: Weather response error 403: API key has reached maximum calls per month allowed limit.
2026-09-01 18:05:37,797 [ERROR] [MainThread] [root/api.py:84]: Weather response error 403: API key has reached maximum calls per month allowed limit.
2026-09-01 18:05:47,835 [ERROR] [MainThread] [root/api.py:84]: Weather response error 403: API key has reached maximum calls per month allowed limit.
2026-09-01 18:05:47,835 [WARNING] [MainThread] [root/weather.py:610]: Error processing weather data: Weather data is empty.. Retrying fetch in 10 seconds.
2026-09-01 18:05:47,842 [WARNING] [MainThread] [root/weather.py:610]: Error processing weather data: Weather data is empty.. Retrying fetch in 10 seconds.
2026-09-01 18:05:47,848 [WARNING] [MainThread] [root/weather.py:610]: Error processing weather data: Weather data is empty.. Retrying fetch in 10 seconds.
2026-09-01 18:05:47,855 [ERROR] [MainThread] [root/api.py:84]: Weather response error 403: API key has reached maximum calls per month allowed limit.
2026-09-01 18:05:47,877 [ERROR] [MainThread] [root/api.py:84]: Weather response error 403: API key has reached maximum calls per month allowed limit.
2026-09-01 18:05:57,982 [ERROR] [MainThread] [root/api.py:84]: Weather response error 403: API key has reached maximum calls per month allowed limit.
2026-09-01 18:05:57,982 [WARNING] [MainThread] [root/weather.py:610]: Error processing weather data: Weather data is empty.. Retrying fetch in 10 seconds.
2026-09-01 18:05:57,989 [WARNING] [MainThread] [root/weather.py:610]: Error processing weather data: Weather data is empty.. Retrying fetch in 10 seconds.
2026-09-01 18:05:57,995 [WARNING] [MainThread] [root/weather.py:610]: Error processing weather data: Weather data is empty.. Retrying fetch in 10 seconds.
2026-09-01 18:05:58,003 [ERROR] [MainThread] [root/api.py:84]: Weather response error 403: API key has reached maximum calls per month allowed limit.
2026-09-01 18:05:58,025 [ERROR] [MainThread] [root/api.py:84]: Weather response error 403: API key has reached maximum calls per month allowed limit.
2026-09-01 18:06:08,131 [ERROR] [MainThread] [root/api.py:84]: Weather response error 403: API key has reached maximum calls per month allowed limit.
2026-09-01 18:06:08,131 [WARNING] [MainThread] [root/weather.py:610]: Error processing weather data: Weather data is empty.. Retrying fetch in 10 seconds.
2026-09-01 18:06:08,139 [WARNING] [MainThread] [root/weather.py:610]: Error processing weather data: Weather data is empty.. Retrying fetch in 10 seconds.
2026-09-01 18:06:08,146 [WARNING] [MainThread] [root/weather.py:610]: Error processing weather data: Weather data is empty.. Retrying fetch in 10 seconds.
2026-09-01 18:06:08,153 [ERROR] [MainThread] [root/api.py:84]: Weather response error 403: API key has reached maximum calls per month allowed limit.
2026-09-01 18:06:08,232 [ERROR] [MainThread] [root/api.py:84]: Weather response error 403: API key has reached maximum calls per month allowed limit.
2026-09-01 18:06:18,285 [ERROR] [MainThread] [root/api.py:84]: Weather response error 403: API key has reached maximum calls per month allowed limit.
2026-09-01 18:06:18,285 [WARNING] [MainThread] [root/weather.py:610]: Error processing weather data: Weather data is empty.. Retrying fetch in 10 seconds.
2026-09-01 18:06:18,292 [WARNING] [MainThread] [root/weather.py:610]: Error processing weather data: Weather data is empty.. Retrying fetch in 10 seconds.
2026-09-01 18:06:18,298 [WARNING] [MainThread] [root/weather.py:610]: Error processing weather data: Weather data is empty.. Retrying fetch in 10 seconds.
2026-09-01 18:06:18,305 [ERROR] [MainThread] [root/api.py:84]: Weather response error 403: API key has reached maximum calls per month allowed limit.
2026-09-01 18:06:18,324 [ERROR] [MainThread] [root/api.py:84]: Weather response error 403: API key has reached maximum calls per month allowed limit.
2026-09-01 18:06:28,436 [ERROR] [MainThread] [root/api.py:84]: Weather response error 403: API key has reached maximum calls per month allowed limit.
2026-09-01 18:06:28,436 [WARNING] [MainThread] [root/weather.py:610]: Error processing weather data: Weather data is empty.. Retrying fetch in 10 seconds.
2026-09-01 18:06:28,443 [WARNING] [MainThread] [root/weather.py:610]: Error processing weather data: Weather data is empty.. Retrying fetch in 10 seconds.
2026-09-01 18:06:28,450 [WARNING] [MainThread] [root/weather.py:610]: Error processing weather data: Weather data is empty.. Retrying fetch in 10 seconds.
2026-09-01 18:06:28,457 [ERROR] [MainThread] [root/api.py:84]: Weather response error 403: API key has reached maximum calls per month allowed limit.
2026-09-01 18:06:28,477 [ERROR] [MainThread] [root/api.py:84]: Weather response error 403: API key has reached maximum calls per month allowed limit.
2026-09-01 18:06:38,582 [ERROR] [MainThread] [root/api.py:84]: Weather response error 403: API key has reached maximum calls per month allowed limit.
2026-09-01 18:06:38,583 [WARNING] [MainThread] [root/weather.py:610]: Error processing weather data: Weather data is empty.. Retrying fetch in 10 seconds.
2026-09-01 18:06:38,590 [WARNING] [MainThread] [root/weather.py:610]: Error processing weather data: Weather data is empty.. Retrying fetch in 10 seconds.
2026-09-01 18:06:38,596 [WARNING] [MainThread] [root/weather.py:610]: Error processing weather data: Weather data is empty.. Retrying fetch in 10 seconds.
2026-09-01 18:06:38,603 [ERROR] [MainThread] [root/api.py:84]: Weather response error 403: API key has reached maximum calls per month allowed limit.
2026-09-01 18:06:38,622 [ERROR] [MainThread] [root/api.py:84]: Weather response error 403: API key has reached maximum calls per month allowed limit.
2026-09-01 18:06:48,731 [ERROR] [MainThread] [root/api.py:84]: Weather response error 403: API key has reached maximum calls per month allowed limit.
2026-09-01 18:06:48,732 [WARNING] [MainThread] [root/weather.py:610]: Error processing weather data: Weather data is empty.. Retrying fetch in 10 seconds.
2026-09-01 18:06:48,738 [WARNING] [MainThread] [root/weather.py:610]: Error processing weather data: Weather data is empty.. Retrying fetch in 10 seconds.
2026-09-01 18:06:48,745 [WARNING] [MainThread] [root/weather.py:610]: Error processing weather data: Weather data is empty.. Retrying fetch in 10 seconds.
2026-09-01 18:06:48,751 [ERROR] [MainThread] [root/api.py:84]: Weather response error 403: API key has reached maximum calls per month allowed limit.
2026-09-01 18:06:48,772 [ERROR] [MainThread] [root/api.py:84]: Weather response error 403: API key has reached maximum calls per month allowed limit.
2026-09-01 18:06:58,878 [ERROR] [MainThread] [root/api.py:84]: Weather response error 403: API key has reached maximum calls per month allowed limit.
2026-09-01 18:06:58,878 [WARNING] [MainThread] [root/weather.py:610]: Error processing weather data: Weather data is empty.. Retrying fetch in 10 seconds.
2026-09-01 18:06:58,885 [WARNING] [MainThread] [root/weather.py:610]: Error processing weather data: Weather data is empty.. Retrying fetch in 10 seconds.
2026-09-01 18:06:58,891 [WARNING] [MainThread] [root/weather.py:610]: Error processing weather data: Weather data is empty.. Retrying fetch in 10 seconds.
2026-09-01 18:06:58,900 [ERROR] [MainThread] [root/api.py:84]: Weather response error 403: API key has reached maximum calls per month allowed limit.
2026-09-01 18:06:58,921 [ERROR] [MainThread] [root/api.py:84]: Weather response error 403: API key has reached maximum calls per month allowed limit.
2026-09-01 18:07:09,031 [ERROR] [MainThread] [root/api.py:84]: Weather response error 403: API key has reached maximum calls per month allowed limit.
2026-09-01 18:07:09,032 [WARNING] [MainThread] [root/weather.py:610]: Error processing weather data: Weather data is empty.. Retrying fetch in 10 seconds.
2026-09-01 18:07:09,039 [WARNING] [MainThread] [root/weather.py:610]: Error processing weather data: Weather data is empty.. Retrying fetch in 10 seconds.
2026-09-01 18:07:09,046 [WARNING] [MainThread] [root/weather.py:610]: Error processing weather data: Weather data is empty.. Retrying fetch in 10 seconds.
2026-09-01 18:07:09,052 [ERROR] [MainThread] [root/api.py:84]: Weather response error 403: API key has reached maximum calls per month allowed limit.
2026-09-01 18:07:09,072 [ERROR] [MainThread] [root/api.py:84]: Weather response error 403: API key has reached maximum calls per month allowed limit.
2026-09-01 18:07:19,181 [ERROR] [MainThread] [root/api.py:84]: Weather response error 403: API key has reached maximum calls per month allowed limit.
2026-09-01 18:07:19,182 [WARNING] [MainThread] [root/weather.py:610]: Error processing weather data: Weather data is empty.. Retrying fetch in 10 seconds.
2026-09-01 18:07:19,188 [WARNING] [MainThread] [root/weather.py:610]: Error processing weather data: Weather data is empty.. Retrying fetch in 10 seconds.
2026-09-01 18:07:19,195 [WARNING] [MainThread] [root/weather.py:610]: Error processing weather data: Weather data is empty.. Retrying fetch in 10 seconds.
2026-09-01 18:07:19,202 [ERROR] [MainThread] [root/api.py:84]: Weather response error 403: API key has reached maximum calls per month allowed limit.
2026-09-01 18:07:19,221 [ERROR] [MainThread] [root/api.py:84]: Weather response error 403: API key has reached maximum calls per month allowed limit.
2026-09-01 18:07:29,324 [ERROR] [MainThread] [root/api.py:84]: Weather response error 403: API key has reached maximum calls per month allowed limit.
2026-09-01 18:07:29,325 [WARNING] [MainThread] [root/weather.py:610]: Error processing weather data: Weather data is empty.. Retrying fetch in 10 seconds.
2026-09-01 18:07:29,331 [WARNING] [MainThread] [root/weather.py:610]: Error processing weather data: Weather data is empty.. Retrying fetch in 10 seconds.
2026-09-01 18:07:29,338 [WARNING] [MainThread] [root/weather.py:610]: Error processing weather data: Weather data is empty.. Retrying fetch in 10 seconds.
2026-09-01 18:07:29,345 [ERROR] [MainThread] [root/api.py:84]: Weather response error 403: API key has reached maximum calls per month allowed limit.
2026-09-01 18:07:29,365 [ERROR] [MainThread] [root/api.py:84]: Weather response error 403: API key has reached maximum calls per month allowed limit.
2026-09-01 18:07:39,485 [ERROR] [MainThread] [root/api.py:84]: Weather response error 403: API key has reached maximum calls per month allowed limit.
2026-09-01 18:07:39,485 [WARNING] [MainThread] [root/weather.py:610]: Error processing weather data: Weather data is empty.. Retrying fetch in 10 seconds.
2026-09-01 18:07:39,492 [WARNING] [MainThread] [root/weather.py:610]: Error processing weather data: Weather data is empty.. Retrying fetch in 10 seconds.
2026-09-01 18:07:39,498 [WARNING] [MainThread] [root/weather.py:610]: Error processing weather data: Weather data is empty.. Retrying fetch in 10 seconds.
2026-09-01 18:07:39,505 [ERROR] [MainThread] [root/api.py:84]: Weather response error 403: API key has reached maximum calls per month allowed limit.
2026-09-01 18:07:39,525 [ERROR] [MainThread] [root/api.py:84]: Weather response error 403: API key has reached maximum calls per month allowed limit.
2026-09-01 18:07:49,652 [ERROR] [MainThread] [root/api.py:84]: Weather response error 403: API key has reached maximum calls per month allowed limit.
2026-09-01 18:07:49,652 [WARNING] [MainThread] [root/weather.py:610]: Error processing weather data: Weather data is empty.. Retrying fetch in 10 seconds.
2026-09-01 18:07:49,659 [WARNING] [MainThread] [root/weather.py:610]: Error processing weather data: Weather data is empty.. Retrying fetch in 10 seconds.
2026-09-01 18:07:49,666 [WARNING] [MainThread] [root/weather.py:610]: Error processing weather data: Weather data is empty.. Retrying fetch in 10 seconds.
2026-09-01 18:07:49,677 [ERROR] [MainThread] [root/api.py:84]: Weather response error 403: API key has reached maximum calls per month allowed limit.
2026-09-01 18:07:49,709 [ERROR] [MainThread] [root/api.py:84]: Weather response error 403: API key has reached maximum calls per month allowed limit.
2026-09-01 18:07:59,795 [ERROR] [MainThread] [root/api.py:84]: Weather response error 403: API key has reached maximum calls per month allowed limit.
2026-09-01 18:07:59,795 [WARNING] [MainThread] [root/weather.py:610]: Error processing weather data: Weather data is empty.. Retrying fetch in 10 seconds.
2026-09-01 18:07:59,802 [WARNING] [MainThread] [root/weather.py:610]: Error processing weather data: Weather data is empty.. Retrying fetch in 10 seconds.
2026-09-01 18:07:59,808 [WARNING] [MainThread] [root/weather.py:610]: Error processing weather data: Weather data is empty.. Retrying fetch in 10 seconds.
2026-09-01 18:07:59,816 [ERROR] [MainThread] [root/api.py:84]: Weather response error 403: API key has reached maximum calls per month allowed limit.
2026-09-01 18:07:59,836 [ERROR] [MainThread] [root/api.py:84]: Weather response error 403: API key has reached maximum calls per month allowed limit.
2026-09-01 18:08:09,945 [ERROR] [MainThread] [root/api.py:84]: Weather response error 403: API key has reached maximum calls per month allowed limit.
2026-09-01 18:08:09,945 [WARNING] [MainThread] [root/weather.py:610]: Error processing weather data: Weather data is empty.. Retrying fetch in 10 seconds.
2026-09-01 18:08:09,952 [WARNING] [MainThread] [root/weather.py:610]: Error processing weather data: Weather data is empty.. Retrying fetch in 10 seconds.
2026-09-01 18:08:09,958 [WARNING] [MainThread] [root/weather.py:610]: Error processing weather data: Weather data is empty.. Retrying fetch in 10 seconds.
2026-09-01 18:08:09,965 [ERROR] [MainThread] [root/api.py:84]: Weather response error 403: API key has reached maximum calls per month allowed limit.
2026-09-01 18:08:09,986 [ERROR] [MainThread] [root/api.py:84]: Weather response error 403: API key has reached maximum calls per month allowed limit.
2026-09-01 18:08:20,091 [ERROR] [MainThread] [root/api.py:84]: Weather response error 403: API key has reached maximum calls per month allowed limit.
2026-09-01 18:08:20,092 [WARNING] [MainThread] [root/weather.py:610]: Error processing weather data: Weather data is empty.. Retrying fetch in 10 seconds.
2026-09-01 18:08:20,099 [WARNING] [MainThread] [root/weather.py:610]: Error processing weather data: Weather data is empty.. Retrying fetch in 10 seconds.
2026-09-01 18:08:20,105 [WARNING] [MainThread] [root/weather.py:610]: Error processing weather data: Weather data is empty.. Retrying fetch in 10 seconds.
2026-09-01 18:08:20,112 [ERROR] [MainThread] [root/api.py:84]: Weather response error 403: API key has reached maximum calls per month allowed limit.
2026-09-01 18:08:20,196 [ERROR] [MainThread] [root/api.py:84]: Weather response error 403: API key has reached maximum calls per month allowed limit.
2026-09-01 18:08:30,233 [ERROR] [MainThread] [root/api.py:84]: Weather response error 403: API key has reached maximum calls per month allowed limit.
2026-09-01 18:08:30,234 [WARNING] [MainThread] [root/weather.py:610]: Error processing weather data: Weather data is empty.. Retrying fetch in 10 seconds.
2026-09-01 18:08:30,241 [WARNING] [MainThread] [root/weather.py:610]: Error processing weather data: Weather data is empty.. Retrying fetch in 10 seconds.
2026-09-01 18:08:30,248 [WARNING] [MainThread] [root/weather.py:610]: Error processing weather data: Weather data is empty.. Retrying fetch in 10 seconds.
2026-09-01 18:08:30,318 [ERROR] [MainThread] [root/api.py:84]: Weather response error 403: API key has reached maximum calls per month allowed limit.
2026-09-01 18:08:30,338 [ERROR] [MainThread] [root/api.py:84]: Weather response error 403: API key has reached maximum calls per month allowed limit.
2026-09-01 18:08:40,374 [ERROR] [MainThread] [root/api.py:84]: Weather response error 403: API key has reached maximum calls per month allowed limit.
2026-09-01 18:08:40,374 [WARNING] [MainThread] [root/weather.py:610]: Error processing weather data: Weather data is empty.. Retrying fetch in 10 seconds.
2026-09-01 18:08:40,381 [WARNING] [MainThread] [root/weather.py:610]: Error processing weather data: Weather data is empty.. Retrying fetch in 10 seconds.
2026-09-01 18:08:40,387 [WARNING] [MainThread] [root/weather.py:610]: Error processing weather data: Weather data is empty.. Retrying fetch in 10 seconds.
2026-09-01 18:08:40,395 [ERROR] [MainThread] [root/api.py:84]: Weather response error 403: API key has reached maximum calls per month allowed limit.
2026-09-01 18:08:40,418 [ERROR] [MainThread] [root/api.py:84]: Weather response error 403: API key has reached maximum calls per month allowed limit.
2026-09-01 18:08:50,517 [ERROR] [MainThread] [root/api.py:84]: Weather response error 403: API key has reached maximum calls per month allowed limit.
2026-09-01 18:08:50,517 [WARNING] [MainThread] [root/weather.py:610]: Error processing weather data: Weather data is empty.. Retrying fetch in 10 seconds.
2026-09-01 18:08:50,524 [WARNING] [MainThread] [root/weather.py:610]: Error processing weather data: Weather data is empty.. Retrying fetch in 10 seconds.
2026-09-01 18:08:50,530 [WARNING] [MainThread] [root/weather.py:610]: Error processing weather data: Weather data is empty.. Retrying fetch in 10 seconds.
2026-09-01 18:08:50,537 [ERROR] [MainThread] [root/api.py:84]: Weather response error 403: API key has reached maximum calls per month allowed limit.
2026-09-01 18:08:50,557 [ERROR] [MainThread] [root/api.py:84]: Weather response error 403: API key has reached maximum calls per month allowed limit.
2026-09-01 18:09:00,679 [ERROR] [MainThread] [root/api.py:84]: Weather response error 403: API key has reached maximum calls per month allowed limit.
2026-09-01 18:09:00,680 [WARNING] [MainThread] [root/weather.py:610]: Error processing weather data: Weather data is empty.. Retrying fetch in 10 seconds.
2026-09-01 18:09:00,686 [WARNING] [MainThread] [root/weather.py:610]: Error processing weather data: Weather data is empty.. Retrying fetch in 10 seconds.
2026-09-01 18:09:00,693 [WARNING] [MainThread] [root/weather.py:610]: Error processing weather data: Weather data is empty.. Retrying fetch in 10 seconds.
2026-09-01 18:09:00,751 [ERROR] [MainThread] [root/api.py:84]: Weather response error 403: API key has reached maximum calls per month allowed limit.
2026-09-01 18:09:00,772 [ERROR] [MainThread] [root/api.py:84]: Weather response error 403: API key has reached maximum calls per month allowed limit.
2026-09-01 18:09:10,833 [ERROR] [MainThread] [root/api.py:84]: Weather response error 403: API key has reached maximum calls per month allowed limit.
2026-09-01 18:09:10,834 [WARNING] [MainThread] [root/weather.py:610]: Error processing weather data: Weather data is empty.. Retrying fetch in 10 seconds.
2026-09-01 18:09:10,841 [WARNING] [MainThread] [root/weather.py:610]: Error processing weather data: Weather data is empty.. Retrying fetch in 10 seconds.
2026-09-01 18:09:10,848 [WARNING] [MainThread] [root/weather.py:610]: Error processing weather data: Weather data is empty.. Retrying fetch in 10 seconds.
2026-09-01 18:09:10,855 [ERROR] [MainThread] [root/api.py:84]: Weather response error 403: API key has reached maximum calls per month allowed limit.
2026-09-01 18:09:10,877 [ERROR] [MainThread] [root/api.py:84]: Weather response error 403: API key has reached maximum calls per month allowed limit.
2026-09-01 18:09:20,988 [ERROR] [MainThread] [root/api.py:84]: Weather response error 403: API key has reached maximum calls per month allowed limit.
2026-09-01 18:09:20,989 [WARNING] [MainThread] [root/weather.py:610]: Error processing weather data: Weather data is empty.. Retrying fetch in 10 seconds.
2026-09-01 18:09:20,996 [WARNING] [MainThread] [root/weather.py:610]: Error processing weather data: Weather data is empty.. Retrying fetch in 10 seconds.
2026-09-01 18:09:21,002 [WARNING] [MainThread] [root/weather.py:610]: Error processing weather data: Weather data is empty.. Retrying fetch in 10 seconds.
2026-09-01 18:09:21,010 [ERROR] [MainThread] [root/api.py:84]: Weather response error 403: API key has reached maximum calls per month allowed limit.
2026-09-01 18:09:21,032 [ERROR] [MainThread] [root/api.py:84]: Weather response error 403: API key has reached maximum calls per month allowed limit.
2026-09-01 18:09:31,135 [ERROR] [MainThread] [root/api.py:84]: Weather response error 403: API key has reached maximum calls per month allowed limit.
2026-09-01 18:09:31,136 [WARNING] [MainThread] [root/weather.py:610]: Error processing weather data: Weather data is empty.. Retrying fetch in 10 seconds.
2026-09-01 18:09:31,143 [WARNING] [MainThread] [root/weather.py:610]: Error processing weather data: Weather data is empty.. Retrying fetch in 10 seconds.
2026-09-01 18:09:31,149 [WARNING] [MainThread] [root/weather.py:610]: Error processing weather data: Weather data is empty.. Retrying fetch in 10 seconds.
2026-09-01 18:09:31,156 [ERROR] [MainThread] [root/api.py:84]: Weather response error 403: API key has reached maximum calls per month allowed limit.
2026-09-01 18:09:31,176 [ERROR] [MainThread] [root/api.py:84]: Weather response error 403: API key has reached maximum calls per month allowed limit.
2026-09-01 18:09:41,285 [ERROR] [MainThread] [root/api.py:84]: Weather response error 403: API key has reached maximum calls per month allowed limit.
2026-09-01 18:09:41,285 [WARNING] [MainThread] [root/weather.py:610]: Error processing weather data: Weather data is empty.. Retrying fetch in 10 seconds.
2026-09-01 18:09:41,292 [WARNING] [MainThread] [root/weather.py:610]: Error processing weather data: Weather data is empty.. Retrying fetch in 10 seconds.
2026-09-01 18:09:41,299 [WARNING] [MainThread] [root/weather.py:610]: Error processing weather data: Weather data is empty.. Retrying fetch in 10 seconds.
2026-09-01 18:09:41,306 [ERROR] [MainThread] [root/api.py:84]: Weather response error 403: API key has reached maximum calls per month allowed limit.
2026-09-01 18:09:41,390 [ERROR] [MainThread] [root/api.py:84]: Weather response error 403: API key has reached maximum calls per month allowed limit.
2026-09-01 18:09:51,436 [ERROR] [MainThread] [root/api.py:84]: Weather response error 403: API key has reached maximum calls per month allowed limit.
2026-09-01 18:09:51,436 [WARNING] [MainThread] [root/weather.py:610]: Error processing weather data: Weather data is empty.. Retrying fetch in 10 seconds.
2026-09-01 18:09:51,443 [WARNING] [MainThread] [root/weather.py:610]: Error processing weather data: Weather data is empty.. Retrying fetch in 10 seconds.
2026-09-01 18:09:51,450 [WARNING] [MainThread] [root/weather.py:610]: Error processing weather data: Weather data is empty.. Retrying fetch in 10 seconds.
2026-09-01 18:09:51,457 [ERROR] [MainThread] [root/api.py:84]: Weather response error 403: API key has reached maximum calls per month allowed limit.
2026-09-01 18:09:51,477 [ERROR] [MainThread] [root/api.py:84]: Weather response error 403: API key has reached maximum calls per month allowed limit.
2026-09-01 18:10:01,575 [ERROR] [MainThread] [root/api.py:84]: Weather response error 403: API key has reached maximum calls per month allowed limit.
2026-09-01 18:10:01,575 [WARNING] [MainThread] [root/weather.py:610]: Error processing weather data: Weather data is empty.. Retrying fetch in 10 seconds.
2026-09-01 18:10:01,582 [WARNING] [MainThread] [root/weather.py:610]: Error processing weather data: Weather data is empty.. Retrying fetch in 10 seconds.
2026-09-01 18:10:01,589 [WARNING] [MainThread] [root/weather.py:610]: Error processing weather data: Weather data is empty.. Retrying fetch in 10 seconds.
2026-09-01 18:10:01,596 [ERROR] [MainThread] [root/api.py:84]: Weather response error 403: API key has reached maximum calls per month allowed limit.
2026-09-01 18:10:01,617 [ERROR] [MainThread] [root/api.py:84]: Weather response error 403: API key has reached maximum calls per month allowed limit.
2026-09-01 18:10:11,721 [ERROR] [MainThread] [root/api.py:84]: Weather response error 403: API key has reached maximum calls per month allowed limit.
2026-09-01 18:10:11,722 [WARNING] [MainThread] [root/weather.py:610]: Error processing weather data: Weather data is empty.. Retrying fetch in 10 seconds.
2026-09-01 18:10:11,729 [WARNING] [MainThread] [root/weather.py:610]: Error processing weather data: Weather data is empty.. Retrying fetch in 10 seconds.
2026-09-01 18:10:11,736 [WARNING] [MainThread] [root/weather.py:610]: Error processing weather data: Weather data is empty.. Retrying fetch in 10 seconds.
2026-09-01 18:10:11,743 [ERROR] [MainThread] [root/api.py:84]: Weather response error 403: API key has reached maximum calls per month allowed limit.
2026-09-01 18:10:11,774 [ERROR] [MainThread] [root/api.py:84]: Weather response error 403: API key has reached maximum calls per month allowed limit.
2026-09-01 18:10:21,870 [ERROR] [MainThread] [root/api.py:84]: Weather response error 403: API key has reached maximum calls per month allowed limit.
2026-09-01 18:10:21,870 [WARNING] [MainThread] [root/weather.py:610]: Error processing weather data: Weather data is empty.. Retrying fetch in 10 seconds.
2026-09-01 18:10:21,877 [WARNING] [MainThread] [root/weather.py:610]: Error processing weather data: Weather data is empty.. Retrying fetch in 10 seconds.
2026-09-01 18:10:21,884 [WARNING] [MainThread] [root/weather.py:610]: Error processing weather data: Weather data is empty.. Retrying fetch in 10 seconds.
2026-09-01 18:10:21,890 [ERROR] [MainThread] [root/api.py:84]: Weather response error 403: API key has reached maximum calls per month allowed limit.
2026-09-01 18:10:21,910 [ERROR] [MainThread] [root/api.py:84]: Weather response error 403: API key has reached maximum calls per month allowed limit.
2026-09-01 18:10:32,022 [ERROR] [MainThread] [root/api.py:84]: Weather response error 403: API key has reached maximum calls per month allowed limit.
2026-09-01 18:10:32,022 [WARNING] [MainThread] [root/weather.py:610]: Error processing weather data: Weather data is empty.. Retrying fetch in 10 seconds.
2026-09-01 18:10:32,030 [WARNING] [MainThread] [root/weather.py:610]: Error processing weather data: Weather data is empty.. Retrying fetch in 10 seconds.
2026-09-01 18:10:32,037 [WARNING] [MainThread] [root/weather.py:610]: Error processing weather data: Weather data is empty.. Retrying fetch in 10 seconds.
2026-09-01 18:10:32,044 [ERROR] [MainThread] [root/api.py:84]: Weather response error 403: API key has reached maximum calls per month allowed limit.
2026-09-01 18:10:32,065 [ERROR] [MainThread] [root/api.py:84]: Weather response error 403: API key has reached maximum calls per month allowed limit.
2026-09-01 18:10:42,171 [ERROR] [MainThread] [root/api.py:84]: Weather response error 403: API key has reached maximum calls per month allowed limit.
2026-09-01 18:10:42,171 [WARNING] [MainThread] [root/weather.py:610]: Error processing weather data: Weather data is empty.. Retrying fetch in 10 seconds.
2026-09-01 18:10:42,178 [WARNING] [MainThread] [root/weather.py:610]: Error processing weather data: Weather data is empty.. Retrying fetch in 10 seconds.
2026-09-01 18:10:42,185 [WARNING] [MainThread] [root/weather.py:610]: Error processing weather data: Weather data is empty.. Retrying fetch in 10 seconds.
2026-09-01 18:10:42,192 [ERROR] [MainThread] [root/api.py:84]: Weather response error 403: API key has reached maximum calls per month allowed limit.
2026-09-01 18:10:42,232 [ERROR] [MainThread] [root/api.py:84]: Weather response error 403: API key has reached maximum calls per month allowed limit.
2026-09-01 18:10:52,322 [ERROR] [MainThread] [root/api.py:84]: Weather response error 403: API key has reached maximum calls per month allowed limit.
2026-09-01 18:10:52,322 [WARNING] [MainThread] [root/weather.py:610]: Error processing weather data: Weather data is empty.. Retrying fetch in 10 seconds.
2026-09-01 18:10:52,329 [WARNING] [MainThread] [root/weather.py:610]: Error processing weather data: Weather data is empty.. Retrying fetch in 10 seconds.
2026-09-01 18:10:52,336 [WARNING] [MainThread] [root/weather.py:610]: Error processing weather data: Weather data is empty.. Retrying fetch in 10 seconds.
2026-09-01 18:10:52,343 [ERROR] [MainThread] [root/api.py:84]: Weather response error 403: API key has reached maximum calls per month allowed limit.
2026-09-01 18:10:52,363 [ERROR] [MainThread] [root/api.py:84]: Weather response error 403: API key has reached maximum calls per month allowed limit.
2026-09-01 18:11:02,475 [ERROR] [MainThread] [root/api.py:84]: Weather response error 403: API key has reached maximum calls per month allowed limit.
2026-09-01 18:11:02,475 [WARNING] [MainThread] [root/weather.py:610]: Error processing weather data: Weather data is empty.. Retrying fetch in 10 seconds.
2026-09-01 18:11:02,482 [WARNING] [MainThread] [root/weather.py:610]: Error processing weather data: Weather data is empty.. Retrying fetch in 10 seconds.
2026-09-01 18:11:02,489 [WARNING] [MainThread] [root/weather.py:610]: Error processing weather data: Weather data is empty.. Retrying fetch in 10 seconds.
2026-09-01 18:11:02,496 [ERROR] [MainThread] [root/api.py:84]: Weather response error 403: API key has reached maximum calls per month allowed limit.
2026-09-01 18:11:02,516 [ERROR] [MainThread] [root/api.py:84]: Weather response error 403: API key has reached maximum calls per month allowed limit.
2026-09-01 18:11:12,630 [ERROR] [MainThread] [root/api.py:84]: Weather response error 403: API key has reached maximum calls per month allowed limit.
2026-09-01 18:11:12,630 [WARNING] [MainThread] [root/weather.py:610]: Error processing weather data: Weather data is empty.. Retrying fetch in 10 seconds.
2026-09-01 18:11:12,637 [WARNING] [MainThread] [root/weather.py:610]: Error processing weather data: Weather data is empty.. Retrying fetch in 10 seconds.
2026-09-01 18:11:12,643 [WARNING] [MainThread] [root/weather.py:610]: Error processing weather data: Weather data is empty.. Retrying fetch in 10 seconds.
2026-09-01 18:11:12,651 [ERROR] [MainThread] [root/api.py:84]: Weather response error 403: API key has reached maximum calls per month allowed limit.
2026-09-01 18:11:12,673 [ERROR] [MainThread] [root/api.py:84]: Weather response error 403: API key has reached maximum calls per month allowed limit.
2026-09-01 18:11:22,781 [ERROR] [MainThread] [root/api.py:84]: Weather response error 403: API key has reached maximum calls per month allowed limit.
2026-09-01 18:11:22,782 [WARNING] [MainThread] [root/weather.py:610]: Error processing weather data: Weather data is empty.. Retrying fetch in 10 seconds.
2026-09-01 18:11:22,789 [WARNING] [MainThread] [root/weather.py:610]: Error processing weather data: Weather data is empty.. Retrying fetch in 10 seconds.
2026-09-01 18:11:22,795 [WARNING] [MainThread] [root/weather.py:610]: Error processing weather data: Weather data is empty.. Retrying fetch in 10 seconds.
2026-09-01 18:11:22,866 [ERROR] [MainThread] [root/api.py:84]: Weather response error 403: API key has reached maximum calls per month allowed limit.
2026-09-01 18:11:22,887 [ERROR] [MainThread] [root/api.py:84]: Weather response error 403: API key has reached maximum calls per month allowed limit.
2026-09-01 18:11:32,945 [ERROR] [MainThread] [root/api.py:84]: Weather response error 403: API key has reached maximum calls per month allowed limit.
2026-09-01 18:11:32,945 [WARNING] [MainThread] [root/weather.py:610]: Error processing weather data: Weather data is empty.. Retrying fetch in 10 seconds.
2026-09-01 18:11:32,952 [WARNING] [MainThread] [root/weather.py:610]: Error processing weather data: Weather data is empty.. Retrying fetch in 10 seconds.
2026-09-01 18:11:32,959 [WARNING] [MainThread] [root/weather.py:610]: Error processing weather data: Weather data is empty.. Retrying fetch in 10 seconds.
2026-09-01 18:11:32,966 [ERROR] [MainThread] [root/api.py:84]: Weather response error 403: API key has reached maximum calls per month allowed limit.
2026-09-01 18:11:32,986 [ERROR] [MainThread] [root/api.py:84]: Weather response error 403: API key has reached maximum calls per month allowed limit.
2026-09-01 18:11:43,097 [ERROR] [MainThread] [root/api.py:84]: Weather response error 403: API key has reached maximum calls per month allowed limit.
2026-09-01 18:11:43,097 [WARNING] [MainThread] [root/weather.py:610]: Error processing weather data: Weather data is empty.. Retrying fetch in 10 seconds.
2026-09-01 18:11:43,104 [WARNING] [MainThread] [root/weather.py:610]: Error processing weather data: Weather data is empty.. Retrying fetch in 10 seconds.
2026-09-01 18:11:43,111 [WARNING] [MainThread] [root/weather.py:610]: Error processing weather data: Weather data is empty.. Retrying fetch in 10 seconds.
2026-09-01 18:11:43,117 [ERROR] [MainThread] [root/api.py:84]: Weather response error 403: API key has reached maximum calls per month allowed limit.
2026-09-01 18:11:43,138 [ERROR] [MainThread] [root/api.py:84]: Weather response error 403: API key has reached maximum calls per month allowed limit.
2026-09-01 18:11:53,241 [ERROR] [MainThread] [root/api.py:84]: Weather response error 403: API key has reached maximum calls per month allowed limit.
2026-09-01 18:11:53,241 [WARNING] [MainThread] [root/weather.py:610]: Error processing weather data: Weather data is empty.. Retrying fetch in 10 seconds.
2026-09-01 18:11:53,248 [WARNING] [MainThread] [root/weather.py:610]: Error processing weather data: Weather data is empty.. Retrying fetch in 10 seconds.
2026-09-01 18:11:53,255 [WARNING] [MainThread] [root/weather.py:610]: Error processing weather data: Weather data is empty.. Retrying fetch in 10 seconds.
2026-09-01 18:11:53,262 [ERROR] [MainThread] [root/api.py:84]: Weather response error 403: API key has reached maximum calls per month allowed limit.
2026-09-01 18:11:53,281 [ERROR] [MainThread] [root/api.py:84]: Weather response error 403: API key has reached maximum calls per month allowed limit.
2026-09-01 18:12:03,395 [ERROR] [MainThread] [root/api.py:84]: Weather response error 403: API key has reached maximum calls per month allowed limit.
2026-09-01 18:12:03,396 [WARNING] [MainThread] [root/weather.py:610]: Error processing weather data: Weather data is empty.. Retrying fetch in 10 seconds.
2026-09-01 18:12:03,403 [WARNING] [MainThread] [root/weather.py:610]: Error processing weather data: Weather data is empty.. Retrying fetch in 10 seconds.
2026-09-01 18:12:03,410 [WARNING] [MainThread] [root/weather.py:610]: Error processing weather data: Weather data is empty.. Retrying fetch in 10 seconds.
2026-09-01 18:12:03,417 [ERROR] [MainThread] [root/api.py:84]: Weather response error 403: API key has reached maximum calls per month allowed limit.
2026-09-01 18:12:03,438 [ERROR] [MainThread] [root/api.py:84]: Weather response error 403: API key has reached maximum calls per month allowed limit.
2026-09-01 18:12:13,619 [ERROR] [MainThread] [root/api.py:84]: Weather response error 403: API key has reached maximum calls per month allowed limit.
2026-09-01 18:12:13,619 [WARNING] [MainThread] [root/weather.py:610]: Error processing weather data: Weather data is empty.. Retrying fetch in 10 seconds.
2026-09-01 18:12:13,626 [WARNING] [MainThread] [root/weather.py:610]: Error processing weather data: Weather data is empty.. Retrying fetch in 10 seconds.
2026-09-01 18:12:13,634 [WARNING] [MainThread] [root/weather.py:610]: Error processing weather data: Weather data is empty.. Retrying fetch in 10 seconds.
2026-09-01 18:12:13,640 [ERROR] [MainThread] [root/api.py:84]: Weather response error 403: API key has reached maximum calls per month allowed limit.
2026-09-01 18:12:13,662 [ERROR] [MainThread] [root/api.py:84]: Weather response error 403: API key has reached maximum calls per month allowed limit.
2026-09-01 18:12:23,774 [ERROR] [MainThread] [root/api.py:84]: Weather response error 403: API key has reached maximum calls per month allowed limit.
2026-09-01 18:12:23,774 [WARNING] [MainThread] [root/weather.py:610]: Error processing weather data: Weather data is empty.. Retrying fetch in 10 seconds.
2026-09-01 18:12:23,781 [WARNING] [MainThread] [root/weather.py:610]: Error processing weather data: Weather data is empty.. Retrying fetch in 10 seconds.
2026-09-01 18:12:23,788 [WARNING] [MainThread] [root/weather.py:610]: Error processing weather data: Weather data is empty.. Retrying fetch in 10 seconds.
2026-09-01 18:12:23,795 [ERROR] [MainThread] [root/api.py:84]: Weather response error 403: API key has reached maximum calls per month allowed limit.
2026-09-01 18:12:23,816 [ERROR] [MainThread] [root/api.py:84]: Weather response error 403: API key has reached maximum calls per month allowed limit.
2026-09-01 18:12:33,920 [ERROR] [MainThread] [root/api.py:84]: Weather response error 403: API key has reached maximum calls per month allowed limit.
2026-09-01 18:12:33,921 [WARNING] [MainThread] [root/weather.py:610]: Error processing weather data: Weather data is empty.. Retrying fetch in 10 seconds.
2026-09-01 18:12:33,927 [WARNING] [MainThread] [root/weather.py:610]: Error processing weather data: Weather data is empty.. Retrying fetch in 10 seconds.
2026-09-01 18:12:33,934 [WARNING] [MainThread] [root/weather.py:610]: Error processing weather data: Weather data is empty.. Retrying fetch in 10 seconds.
2026-09-01 18:12:33,941 [ERROR] [MainThread] [root/api.py:84]: Weather response error 403: API key has reached maximum calls per month allowed limit.
2026-09-01 18:12:33,962 [ERROR] [MainThread] [root/api.py:84]: Weather response error 403: API key has reached maximum calls per month allowed limit.
2026-09-01 18:12:44,072 [ERROR] [MainThread] [root/api.py:84]: Weather response error 403: API key has reached maximum calls per month allowed limit.
2026-09-01 18:12:44,072 [WARNING] [MainThread] [root/weather.py:610]: Error processing weather data: Weather data is empty.. Retrying fetch in 10 seconds.
2026-09-01 18:12:44,079 [WARNING] [MainThread] [root/weather.py:610]: Error processing weather data: Weather data is empty.. Retrying fetch in 10 seconds.
2026-09-01 18:12:44,086 [WARNING] [MainThread] [root/weather.py:610]: Error processing weather data: Weather data is empty.. Retrying fetch in 10 seconds.
2026-09-01 18:12:44,093 [ERROR] [MainThread] [root/api.py:84]: Weather response error 403: API key has reached maximum calls per month allowed limit.
2026-09-01 18:12:44,162 [ERROR] [MainThread] [root/api.py:84]: Weather response error 403: API key has reached maximum calls per month allowed limit.
2026-09-01 18:12:52,833 [ERROR] [MainThread] [root/api.py:84]: Weather response error 403: API key has reached maximum calls per month allowed limit.
2026-09-01 18:12:54,216 [ERROR] [MainThread] [root/api.py:84]: Weather response error 403: API key has reached maximum calls per month allowed limit.
2026-09-01 18:12:54,216 [WARNING] [MainThread] [root/weather.py:610]: Error processing weather data: Weather data is empty.. Retrying fetch in 10 seconds.
2026-09-01 18:12:54,223 [WARNING] [MainThread] [root/weather.py:610]: Error processing weather data: Weather data is empty.. Retrying fetch in 10 seconds.
2026-09-01 18:12:54,229 [WARNING] [MainThread] [root/weather.py:610]: Error processing weather data: Weather data is empty.. Retrying fetch in 10 seconds.
2026-09-01 18:12:54,236 [ERROR] [MainThread] [root/api.py:84]: Weather response error 403: API key has reached maximum calls per month allowed limit.
2026-09-01 18:12:54,258 [ERROR] [MainThread] [root/api.py:84]: Weather response error 403: API key has reached maximum calls per month allowed limit.
2026-09-01 18:13:04,368 [ERROR] [MainThread] [root/api.py:84]: Weather response error 403: API key has reached maximum calls per month allowed limit.
2026-09-01 18:13:04,368 [WARNING] [MainThread] [root/weather.py:610]: Error processing weather data: Weather data is empty.. Retrying fetch in 10 seconds.
2026-09-01 18:13:04,375 [WARNING] [MainThread] [root/weather.py:610]: Error processing weather data: Weather data is empty.. Retrying fetch in 10 seconds.
2026-09-01 18:13:04,382 [WARNING] [MainThread] [root/weather.py:610]: Error processing weather data: Weather data is empty.. Retrying fetch in 10 seconds.
2026-09-01 18:13:04,389 [ERROR] [MainThread] [root/api.py:84]: Weather response error 403: API key has reached maximum calls per month allowed limit.
2026-09-01 18:13:04,410 [ERROR] [MainThread] [root/api.py:84]: Weather response error 403: API key has reached maximum calls per month allowed limit.
2026-09-01 18:13:14,571 [ERROR] [MainThread] [root/api.py:84]: Weather response error 403: API key has reached maximum calls per month allowed limit.
2026-09-01 18:13:14,572 [WARNING] [MainThread] [root/weather.py:610]: Error processing weather data: Weather data is empty.. Retrying fetch in 10 seconds.
2026-09-01 18:13:14,578 [WARNING] [MainThread] [root/weather.py:610]: Error processing weather data: Weather data is empty.. Retrying fetch in 10 seconds.
2026-09-01 18:13:14,585 [WARNING] [MainThread] [root/weather.py:610]: Error processing weather data: Weather data is empty.. Retrying fetch in 10 seconds.
2026-09-01 18:13:14,592 [ERROR] [MainThread] [root/api.py:84]: Weather response error 403: API key has reached maximum calls per month allowed limit.
2026-09-01 18:13:14,613 [ERROR] [MainThread] [root/api.py:84]: Weather response error 403: API key has reached maximum calls per month allowed limit.
2026-09-01 18:13:24,710 [ERROR] [MainThread] [root/api.py:84]: Weather response error 403: API key has reached maximum calls per month allowed limit.
2026-09-01 18:13:24,711 [WARNING] [MainThread] [root/weather.py:610]: Error processing weather data: Weather data is empty.. Retrying fetch in 10 seconds.
2026-09-01 18:13:24,718 [WARNING] [MainThread] [root/weather.py:610]: Error processing weather data: Weather data is empty.. Retrying fetch in 10 seconds.
2026-09-01 18:13:24,725 [WARNING] [MainThread] [root/weather.py:610]: Error processing weather data: Weather data is empty.. Retrying fetch in 10 seconds.
2026-09-01 18:13:24,732 [ERROR] [MainThread] [root/api.py:84]: Weather response error 403: API key has reached maximum calls per month allowed limit.
2026-09-01 18:13:24,752 [ERROR] [MainThread] [root/api.py:84]: Weather response error 403: API key has reached maximum calls per month allowed limit.
2026-09-01 18:13:34,855 [ERROR] [MainThread] [root/api.py:84]: Weather response error 403: API key has reached maximum calls per month allowed limit.
2026-09-01 18:13:34,856 [WARNING] [MainThread] [root/weather.py:610]: Error processing weather data: Weather data is empty.. Retrying fetch in 10 seconds.
2026-09-01 18:13:34,863 [WARNING] [MainThread] [root/weather.py:610]: Error processing weather data: Weather data is empty.. Retrying fetch in 10 seconds.
2026-09-01 18:13:34,870 [WARNING] [MainThread] [root/weather.py:610]: Error processing weather data: Weather data is empty.. Retrying fetch in 10 seconds.
2026-09-01 18:13:34,878 [ERROR] [MainThread] [root/api.py:84]: Weather response error 403: API key has reached maximum calls per month allowed limit.
2026-09-01 18:13:34,898 [ERROR] [MainThread] [root/api.py:84]: Weather response error 403: API key has reached maximum calls per month allowed limit.
2026-09-01 18:13:45,006 [ERROR] [MainThread] [root/api.py:84]: Weather response error 403: API key has reached maximum calls per month allowed limit.
2026-09-01 18:13:45,007 [WARNING] [MainThread] [root/weather.py:610]: Error processing weather data: Weather data is empty.. Retrying fetch in 10 seconds.
2026-09-01 18:13:45,014 [WARNING] [MainThread] [root/weather.py:610]: Error processing weather data: Weather data is empty.. Retrying fetch in 10 seconds.
2026-09-01 18:13:45,021 [WARNING] [MainThread] [root/weather.py:610]: Error processing weather data: Weather data is empty.. Retrying fetch in 10 seconds.
2026-09-01 18:13:45,029 [ERROR] [MainThread] [root/api.py:84]: Weather response error 403: API key has reached maximum calls per month allowed limit.
2026-09-01 18:13:45,050 [ERROR] [MainThread] [root/api.py:84]: Weather response error 403: API key has reached maximum calls per month allowed limit.
2026-09-01 18:13:55,151 [ERROR] [MainThread] [root/api.py:84]: Weather response error 403: API key has reached maximum calls per month allowed limit.
2026-09-01 18:13:55,152 [WARNING] [MainThread] [root/weather.py:610]: Error processing weather data: Weather data is empty.. Retrying fetch in 10 seconds.
2026-09-01 18:13:55,158 [WARNING] [MainThread] [root/weather.py:610]: Error processing weather data: Weather data is empty.. Retrying fetch in 10 seconds.
2026-09-01 18:13:55,165 [WARNING] [MainThread] [root/weather.py:610]: Error processing weather data: Weather data is empty.. Retrying fetch in 10 seconds.
2026-09-01 18:13:55,172 [ERROR] [MainThread] [root/api.py:84]: Weather response error 403: API key has reached maximum calls per month allowed limit.
2026-09-01 18:13:55,325 [ERROR] [MainThread] [root/api.py:84]: Weather response error 403: API key has reached maximum calls per month allowed limit.
2026-09-01 18:14:05,305 [ERROR] [MainThread] [root/api.py:84]: Weather response error 403: API key has reached maximum calls per month allowed limit.
2026-09-01 18:14:05,305 [WARNING] [MainThread] [root/weather.py:610]: Error processing weather data: Weather data is empty.. Retrying fetch in 10 seconds.
2026-09-01 18:14:05,312 [WARNING] [MainThread] [root/weather.py:610]: Error processing weather data: Weather data is empty.. Retrying fetch in 10 seconds.
2026-09-01 18:14:05,319 [WARNING] [MainThread] [root/weather.py:610]: Error processing weather data: Weather data is empty.. Retrying fetch in 10 seconds.
2026-09-01 18:14:05,325 [ERROR] [MainThread] [root/api.py:84]: Weather response error 403: API key has reached maximum calls per month allowed limit.
2026-09-01 18:14:05,346 [ERROR] [MainThread] [root/api.py:84]: Weather response error 403: API key has reached maximum calls per month allowed limit.
2026-09-01 18:14:15,451 [ERROR] [MainThread] [root/api.py:84]: Weather response error 403: API key has reached maximum calls per month allowed limit.
2026-09-01 18:14:15,451 [WARNING] [MainThread] [root/weather.py:610]: Error processing weather data: Weather data is empty.. Retrying fetch in 10 seconds.
2026-09-01 18:14:15,458 [WARNING] [MainThread] [root/weather.py:610]: Error processing weather data: Weather data is empty.. Retrying fetch in 10 seconds.
2026-09-01 18:14:15,465 [WARNING] [MainThread] [root/weather.py:610]: Error processing weather data: Weather data is empty.. Retrying fetch in 10 seconds.
2026-09-01 18:14:15,472 [ERROR] [MainThread] [root/api.py:84]: Weather response error 403: API key has reached maximum calls per month allowed limit.
2026-09-01 18:14:15,494 [ERROR] [MainThread] [root/api.py:84]: Weather response error 403: API key has reached maximum calls per month allowed limit.
2026-09-01 18:14:25,610 [ERROR] [MainThread] [root/api.py:84]: Weather response error 403: API key has reached maximum calls per month allowed limit.
2026-09-01 18:14:25,611 [WARNING] [MainThread] [root/weather.py:610]: Error processing weather data: Weather data is empty.. Retrying fetch in 10 seconds.
2026-09-01 18:14:25,618 [WARNING] [MainThread] [root/weather.py:610]: Error processing weather data: Weather data is empty.. Retrying fetch in 10 seconds.
2026-09-01 18:14:25,627 [WARNING] [MainThread] [root/weather.py:610]: Error processing weather data: Weather data is empty.. Retrying fetch in 10 seconds.
2026-09-01 18:14:25,636 [ERROR] [MainThread] [root/api.py:84]: Weather response error 403: API key has reached maximum calls per month allowed limit.
2026-09-01 18:14:25,698 [ERROR] [MainThread] [root/api.py:84]: Weather response error 403: API key has reached maximum calls per month allowed limit.
2026-09-01 18:14:35,770 [ERROR] [MainThread] [root/api.py:84]: Weather response error 403: API key has reached maximum calls per month allowed limit.
2026-09-01 18:14:35,770 [WARNING] [MainThread] [root/weather.py:610]: Error processing weather data: Weather data is empty.. Retrying fetch in 10 seconds.
2026-09-01 18:14:35,777 [WARNING] [MainThread] [root/weather.py:610]: Error processing weather data: Weather data is empty.. Retrying fetch in 10 seconds.
2026-09-01 18:14:35,784 [WARNING] [MainThread] [root/weather.py:610]: Error processing weather data: Weather data is empty.. Retrying fetch in 10 seconds.
2026-09-01 18:14:35,791 [ERROR] [MainThread] [root/api.py:84]: Weather response error 403: API key has reached maximum calls per month allowed limit.
2026-09-01 18:14:35,851 [ERROR] [MainThread] [root/api.py:84]: Weather response error 403: API key has reached maximum calls per month allowed limit.
2026-09-01 18:14:45,927 [ERROR] [MainThread] [root/api.py:84]: Weather response error 403: API key has reached maximum calls per month allowed limit.
2026-09-01 18:14:45,927 [WARNING] [MainThread] [root/weather.py:610]: Error processing weather data: Weather data is empty.. Retrying fetch in 10 seconds.
2026-09-01 18:14:45,934 [WARNING] [MainThread] [root/weather.py:610]: Error processing weather data: Weather data is empty.. Retrying fetch in 10 seconds.
2026-09-01 18:14:45,941 [WARNING] [MainThread] [root/weather.py:610]: Error processing weather data: Weather data is empty.. Retrying fetch in 10 seconds.
2026-09-01 18:14:45,948 [ERROR] [MainThread] [root/api.py:84]: Weather response error 403: API key has reached maximum calls per month allowed limit.
2026-09-01 18:14:46,031 [ERROR] [MainThread] [root/api.py:84]: Weather response error 403: API key has reached maximum calls per month allowed limit.
2026-09-01 18:14:56,077 [ERROR] [MainThread] [root/api.py:84]: Weather response error 403: API key has reached maximum calls per month allowed limit.
2026-09-01 18:14:56,077 [WARNING] [MainThread] [root/weather.py:610]: Error processing weather data: Weather data is empty.. Retrying fetch in 10 seconds.
2026-09-01 18:14:56,084 [WARNING] [MainThread] [root/weather.py:610]: Error processing weather data: Weather data is empty.. Retrying fetch in 10 seconds.
2026-09-01 18:14:56,091 [WARNING] [MainThread] [root/weather.py:610]: Error processing weather data: Weather data is empty.. Retrying fetch in 10 seconds.
2026-09-01 18:14:56,099 [ERROR] [MainThread] [root/api.py:84]: Weather response error 403: API key has reached maximum calls per month allowed limit.
2026-09-01 18:14:56,119 [ERROR] [MainThread] [root/api.py:84]: Weather response error 403: API key has reached maximum calls per month allowed limit.
2026-09-01 18:15:06,220 [ERROR] [MainThread] [root/api.py:84]: Weather response error 403: API key has reached maximum calls per month allowed limit.
2026-09-01 18:15:06,221 [WARNING] [MainThread] [root/weather.py:610]: Error processing weather data: Weather data is empty.. Retrying fetch in 10 seconds.
2026-09-01 18:15:06,228 [WARNING] [MainThread] [root/weather.py:610]: Error processing weather data: Weather data is empty.. Retrying fetch in 10 seconds.
2026-09-01 18:15:06,235 [WARNING] [MainThread] [root/weather.py:610]: Error processing weather data: Weather data is empty.. Retrying fetch in 10 seconds.
2026-09-01 18:15:06,242 [ERROR] [MainThread] [root/api.py:84]: Weather response error 403: API key has reached maximum calls per month allowed limit.
2026-09-01 18:15:06,263 [ERROR] [MainThread] [root/api.py:84]: Weather response error 403: API key has reached maximum calls per month allowed limit.
2026-09-01 18:15:16,371 [ERROR] [MainThread] [root/api.py:84]: Weather response error 403: API key has reached maximum calls per month allowed limit.
2026-09-01 18:15:16,371 [WARNING] [MainThread] [root/weather.py:610]: Error processing weather data: Weather data is empty.. Retrying fetch in 10 seconds.
2026-09-01 18:15:16,378 [WARNING] [MainThread] [root/weather.py:610]: Error processing weather data: Weather data is empty.. Retrying fetch in 10 seconds.
2026-09-01 18:15:16,385 [WARNING] [MainThread] [root/weather.py:610]: Error processing weather data: Weather data is empty.. Retrying fetch in 10 seconds.
2026-09-01 18:15:16,392 [ERROR] [MainThread] [root/api.py:84]: Weather response error 403: API key has reached maximum calls per month allowed limit.
2026-09-01 18:15:16,412 [ERROR] [MainThread] [root/api.py:84]: Weather response error 403: API key has reached maximum calls per month allowed limit.
2026-09-01 18:15:26,530 [ERROR] [MainThread] [root/api.py:84]: Weather response error 403: API key has reached maximum calls per month allowed limit.
2026-09-01 18:15:26,530 [WARNING] [MainThread] [root/weather.py:610]: Error processing weather data: Weather data is empty.. Retrying fetch in 10 seconds.
2026-09-01 18:15:26,538 [WARNING] [MainThread] [root/weather.py:610]: Error processing weather data: Weather data is empty.. Retrying fetch in 10 seconds.
2026-09-01 18:15:26,546 [WARNING] [MainThread] [root/weather.py:610]: Error processing weather data: Weather data is empty.. Retrying fetch in 10 seconds.
2026-09-01 18:15:26,554 [ERROR] [MainThread] [root/api.py:84]: Weather response error 403: API key has reached maximum calls per month allowed limit.
2026-09-01 18:15:26,576 [ERROR] [MainThread] [root/api.py:84]: Weather response error 403: API key has reached maximum calls per month allowed limit.
2026-09-01 18:15:36,669 [ERROR] [MainThread] [root/api.py:84]: Weather response error 403: API key has reached maximum calls per month allowed limit.
2026-09-01 18:15:36,669 [WARNING] [MainThread] [root/weather.py:610]: Error processing weather data: Weather data is empty.. Retrying fetch in 10 seconds.
2026-09-01 18:15:36,676 [WARNING] [MainThread] [root/weather.py:610]: Error processing weather data: Weather data is empty.. Retrying fetch in 10 seconds.
2026-09-01 18:15:36,683 [WARNING] [MainThread] [root/weather.py:610]: Error processing weather data: Weather data is empty.. Retrying fetch in 10 seconds.
2026-09-01 18:15:36,691 [ERROR] [MainThread] [root/api.py:84]: Weather response error 403: API key has reached maximum calls per month allowed limit.
2026-09-01 18:15:36,712 [ERROR] [MainThread] [root/api.py:84]: Weather response error 403: API key has reached maximum calls per month allowed limit.
2026-09-01 18:15:46,820 [ERROR] [MainThread] [root/api.py:84]: Weather response error 403: API key has reached maximum calls per month allowed limit.
2026-09-01 18:15:46,820 [WARNING] [MainThread] [root/weather.py:610]: Error processing weather data: Weather data is empty.. Retrying fetch in 10 seconds.
2026-09-01 18:15:46,827 [WARNING] [MainThread] [root/weather.py:610]: Error processing weather data: Weather data is empty.. Retrying fetch in 10 seconds.
2026-09-01 18:15:46,834 [WARNING] [MainThread] [root/weather.py:610]: Error processing weather data: Weather data is empty.. Retrying fetch in 10 seconds.
2026-09-01 18:15:46,841 [ERROR] [MainThread] [root/api.py:84]: Weather response error 403: API key has reached maximum calls per month allowed limit.
2026-09-01 18:15:46,861 [ERROR] [MainThread] [root/api.py:84]: Weather response error 403: API key has reached maximum calls per month allowed limit.
2026-09-01 18:15:56,966 [ERROR] [MainThread] [root/api.py:84]: Weather response error 403: API key has reached maximum calls per month allowed limit.
2026-09-01 18:15:56,967 [WARNING] [MainThread] [root/weather.py:610]: Error processing weather data: Weather data is empty.. Retrying fetch in 10 seconds.
2026-09-01 18:15:56,974 [WARNING] [MainThread] [root/weather.py:610]: Error processing weather data: Weather data is empty.. Retrying fetch in 10 seconds.
2026-09-01 18:15:56,982 [WARNING] [MainThread] [root/weather.py:610]: Error processing weather data: Weather data is empty.. Retrying fetch in 10 seconds.
2026-09-01 18:15:56,989 [ERROR] [MainThread] [root/api.py:84]: Weather response error 403: API key has reached maximum calls per month allowed limit.
2026-09-01 18:15:57,010 [ERROR] [MainThread] [root/api.py:84]: Weather response error 403: API key has reached maximum calls per month allowed limit.
2026-09-01 18:16:07,130 [ERROR] [MainThread] [root/api.py:84]: Weather response error 403: API key has reached maximum calls per month allowed limit.
2026-09-01 18:16:07,130 [WARNING] [MainThread] [root/weather.py:610]: Error processing weather data: Weather data is empty.. Retrying fetch in 10 seconds.
2026-09-01 18:16:07,137 [WARNING] [MainThread] [root/weather.py:610]: Error processing weather data: Weather data is empty.. Retrying fetch in 10 seconds.
2026-09-01 18:16:07,144 [WARNING] [MainThread] [root/weather.py:610]: Error processing weather data: Weather data is empty.. Retrying fetch in 10 seconds.
2026-09-01 18:16:07,151 [ERROR] [MainThread] [root/api.py:84]: Weather response error 403: API key has reached maximum calls per month allowed limit.
2026-09-01 18:16:07,172 [ERROR] [MainThread] [root/api.py:84]: Weather response error 403: API key has reached maximum calls per month allowed limit.
2026-09-01 18:16:17,282 [ERROR] [MainThread] [root/api.py:84]: Weather response error 403: API key has reached maximum calls per month allowed limit.
2026-09-01 18:16:17,282 [WARNING] [MainThread] [root/weather.py:610]: Error processing weather data: Weather data is empty.. Retrying fetch in 10 seconds.
2026-09-01 18:16:17,290 [WARNING] [MainThread] [root/weather.py:610]: Error processing weather data: Weather data is empty.. Retrying fetch in 10 seconds.
2026-09-01 18:16:17,297 [WARNING] [MainThread] [root/weather.py:610]: Error processing weather data: Weather data is empty.. Retrying fetch in 10 seconds.
2026-09-01 18:16:17,305 [ERROR] [MainThread] [root/api.py:84]: Weather response error 403: API key has reached maximum calls per month allowed limit.
2026-09-01 18:16:17,326 [ERROR] [MainThread] [root/api.py:84]: Weather response error 403: API key has reached maximum calls per month allowed limit.
2026-09-01 18:16:27,440 [ERROR] [MainThread] [root/api.py:84]: Weather response error 403: API key has reached maximum calls per month allowed limit.
2026-09-01 18:16:27,441 [WARNING] [MainThread] [root/weather.py:610]: Error processing weather data: Weather data is empty.. Retrying fetch in 10 seconds.
2026-09-01 18:16:27,448 [WARNING] [MainThread] [root/weather.py:610]: Error processing weather data: Weather data is empty.. Retrying fetch in 10 seconds.
2026-09-01 18:16:27,454 [WARNING] [MainThread] [root/weather.py:610]: Error processing weather data: Weather data is empty.. Retrying fetch in 10 seconds.
2026-09-01 18:16:27,461 [ERROR] [MainThread] [root/api.py:84]: Weather response error 403: API key has reached maximum calls per month allowed limit.
2026-09-01 18:16:27,481 [ERROR] [MainThread] [root/api.py:84]: Weather response error 403: API key has reached maximum calls per month allowed limit.
2026-09-01 18:16:37,593 [ERROR] [MainThread] [root/api.py:84]: Weather response error 403: API key has reached maximum calls per month allowed limit.
2026-09-01 18:16:37,593 [WARNING] [MainThread] [root/weather.py:610]: Error processing weather data: Weather data is empty.. Retrying fetch in 10 seconds.
2026-09-01 18:16:37,600 [WARNING] [MainThread] [root/weather.py:610]: Error processing weather data: Weather data is empty.. Retrying fetch in 10 seconds.
2026-09-01 18:16:37,607 [WARNING] [MainThread] [root/weather.py:610]: Error processing weather data: Weather data is empty.. Retrying fetch in 10 seconds.
2026-09-01 18:16:37,614 [ERROR] [MainThread] [root/api.py:84]: Weather response error 403: API key has reached maximum calls per month allowed limit.
2026-09-01 18:16:37,635 [ERROR] [MainThread] [root/api.py:84]: Weather response error 403: API key has reached maximum calls per month allowed limit.
2026-09-01 18:16:47,743 [ERROR] [MainThread] [root/api.py:84]: Weather response error 403: API key has reached maximum calls per month allowed limit.
2026-09-01 18:16:47,743 [WARNING] [MainThread] [root/weather.py:610]: Error processing weather data: Weather data is empty.. Retrying fetch in 10 seconds.
2026-09-01 18:16:47,751 [WARNING] [MainThread] [root/weather.py:610]: Error processing weather data: Weather data is empty.. Retrying fetch in 10 seconds.
2026-09-01 18:16:47,758 [WARNING] [MainThread] [root/weather.py:610]: Error processing weather data: Weather data is empty.. Retrying fetch in 10 seconds.
2026-09-01 18:16:47,765 [ERROR] [MainThread] [root/api.py:84]: Weather response error 403: API key has reached maximum calls per month allowed limit.
2026-09-01 18:16:47,786 [ERROR] [MainThread] [root/api.py:84]: Weather response error 403: API key has reached maximum calls per month allowed limit.
2026-09-01 18:16:57,903 [ERROR] [MainThread] [root/api.py:84]: Weather response error 403: API key has reached maximum calls per month allowed limit.
2026-09-01 18:16:57,904 [WARNING] [MainThread] [root/weather.py:610]: Error processing weather data: Weather data is empty.. Retrying fetch in 10 seconds.
2026-09-01 18:16:57,911 [WARNING] [MainThread] [root/weather.py:610]: Error processing weather data: Weather data is empty.. Retrying fetch in 10 seconds.
2026-09-01 18:16:57,918 [WARNING] [MainThread] [root/weather.py:610]: Error processing weather data: Weather data is empty.. Retrying fetch in 10 seconds.
2026-09-01 18:16:57,925 [ERROR] [MainThread] [root/api.py:84]: Weather response error 403: API key has reached maximum calls per month allowed limit.
2026-09-01 18:16:57,945 [ERROR] [MainThread] [root/api.py:84]: Weather response error 403: API key has reached maximum calls per month allowed limit.
2026-09-01 18:17:08,044 [ERROR] [MainThread] [root/api.py:84]: Weather response error 403: API key has reached maximum calls per month allowed limit.
2026-09-01 18:17:08,044 [WARNING] [MainThread] [root/weather.py:610]: Error processing weather data: Weather data is empty.. Retrying fetch in 10 seconds.
2026-09-01 18:17:08,051 [WARNING] [MainThread] [root/weather.py:610]: Error processing weather data: Weather data is empty.. Retrying fetch in 10 seconds.
2026-09-01 18:17:08,058 [WARNING] [MainThread] [root/weather.py:610]: Error processing weather data: Weather data is empty.. Retrying fetch in 10 seconds.
2026-09-01 18:17:08,066 [ERROR] [MainThread] [root/api.py:84]: Weather response error 403: API key has reached maximum calls per month allowed limit.
2026-09-01 18:17:08,087 [ERROR] [MainThread] [root/api.py:84]: Weather response error 403: API key has reached maximum calls per month allowed limit.
2026-09-01 18:17:18,200 [ERROR] [MainThread] [root/api.py:84]: Weather response error 403: API key has reached maximum calls per month allowed limit.
2026-09-01 18:17:18,200 [WARNING] [MainThread] [root/weather.py:610]: Error processing weather data: Weather data is empty.. Retrying fetch in 10 seconds.
2026-09-01 18:17:18,208 [WARNING] [MainThread] [root/weather.py:610]: Error processing weather data: Weather data is empty.. Retrying fetch in 10 seconds.
2026-09-01 18:17:18,215 [WARNING] [MainThread] [root/weather.py:610]: Error processing weather data: Weather data is empty.. Retrying fetch in 10 seconds.
2026-09-01 18:17:18,222 [ERROR] [MainThread] [root/api.py:84]: Weather response error 403: API key has reached maximum calls per month allowed limit.
2026-09-01 18:17:18,243 [ERROR] [MainThread] [root/api.py:84]: Weather response error 403: API key has reached maximum calls per month allowed limit.
2026-09-01 18:17:28,349 [ERROR] [MainThread] [root/api.py:84]: Weather response error 403: API key has reached maximum calls per month allowed limit.
2026-09-01 18:17:28,349 [WARNING] [MainThread] [root/weather.py:610]: Error processing weather data: Weather data is empty.. Retrying fetch in 10 seconds.
2026-09-01 18:17:28,357 [WARNING] [MainThread] [root/weather.py:610]: Error processing weather data: Weather data is empty.. Retrying fetch in 10 seconds.
2026-09-01 18:17:28,364 [WARNING] [MainThread] [root/weather.py:610]: Error processing weather data: Weather data is empty.. Retrying fetch in 10 seconds.
2026-09-01 18:17:28,371 [ERROR] [MainThread] [root/api.py:84]: Weather response error 403: API key has reached maximum calls per month allowed limit.
2026-09-01 18:17:28,392 [ERROR] [MainThread] [root/api.py:84]: Weather response error 403: API key has reached maximum calls per month allowed limit.
2026-09-01 18:17:38,493 [ERROR] [MainThread] [root/api.py:84]: Weather response error 403: API key has reached maximum calls per month allowed limit.
2026-09-01 18:17:38,493 [WARNING] [MainThread] [root/weather.py:610]: Error processing weather data: Weather data is empty.. Retrying fetch in 10 seconds.
2026-09-01 18:17:38,500 [WARNING] [MainThread] [root/weather.py:610]: Error processing weather data: Weather data is empty.. Retrying fetch in 10 seconds.
2026-09-01 18:17:38,507 [WARNING] [MainThread] [root/weather.py:610]: Error processing weather data: Weather data is empty.. Retrying fetch in 10 seconds.
2026-09-01 18:17:38,514 [ERROR] [MainThread] [root/api.py:84]: Weather response error 403: API key has reached maximum calls per month allowed limit.
2026-09-01 18:17:38,535 [ERROR] [MainThread] [root/api.py:84]: Weather response error 403: API key has reached maximum calls per month allowed limit.
2026-09-01 18:17:48,642 [ERROR] [MainThread] [root/api.py:84]: Weather response error 403: API key has reached maximum calls per month allowed limit.
2026-09-01 18:17:48,643 [WARNING] [MainThread] [root/weather.py:610]: Error processing weather data: Weather data is empty.. Retrying fetch in 10 seconds.
2026-09-01 18:17:48,650 [WARNING] [MainThread] [root/weather.py:610]: Error processing weather data: Weather data is empty.. Retrying fetch in 10 seconds.
2026-09-01 18:17:48,657 [WARNING] [MainThread] [root/weather.py:610]: Error processing weather data: Weather data is empty.. Retrying fetch in 10 seconds.
2026-09-01 18:17:48,664 [ERROR] [MainThread] [root/api.py:84]: Weather response error 403: API key has reached maximum calls per month allowed limit.
2026-09-01 18:17:48,747 [ERROR] [MainThread] [root/api.py:84]: Weather response error 403: API key has reached maximum calls per month allowed limit.
2026-09-01 18:17:58,791 [ERROR] [MainThread] [root/api.py:84]: Weather response error 403: API key has reached maximum calls per month allowed limit.
2026-09-01 18:17:58,792 [WARNING] [MainThread] [root/weather.py:610]: Error processing weather data: Weather data is empty.. Retrying fetch in 10 seconds.
2026-09-01 18:17:58,799 [WARNING] [MainThread] [root/weather.py:610]: Error processing weather data: Weather data is empty.. Retrying fetch in 10 seconds.
2026-09-01 18:17:58,806 [WARNING] [MainThread] [root/weather.py:610]: Error processing weather data: Weather data is empty.. Retrying fetch in 10 seconds.
2026-09-01 18:17:58,813 [ERROR] [MainThread] [root/api.py:84]: Weather response error 403: API key has reached maximum calls per month allowed limit.
2026-09-01 18:17:58,833 [ERROR] [MainThread] [root/api.py:84]: Weather response error 403: API key has reached maximum calls per month allowed limit.
2026-09-01 18:18:08,943 [ERROR] [MainThread] [root/api.py:84]: Weather response error 403: API key has reached maximum calls per month allowed limit.
2026-09-01 18:18:08,943 [WARNING] [MainThread] [root/weather.py:610]: Error processing weather data: Weather data is empty.. Retrying fetch in 10 seconds.
2026-09-01 18:18:08,950 [WARNING] [MainThread] [root/weather.py:610]: Error processing weather data: Weather data is empty.. Retrying fetch in 10 seconds.
2026-09-01 18:18:08,957 [WARNING] [MainThread] [root/weather.py:610]: Error processing weather data: Weather data is empty.. Retrying fetch in 10 seconds.
2026-09-01 18:18:08,965 [ERROR] [MainThread] [root/api.py:84]: Weather response error 403: API key has reached maximum calls per month allowed limit.
2026-09-01 18:18:08,986 [ERROR] [MainThread] [root/api.py:84]: Weather response error 403: API key has reached maximum calls per month allowed limit.
2026-09-01 18:18:19,106 [ERROR] [MainThread] [root/api.py:84]: Weather response error 403: API key has reached maximum calls per month allowed limit.
2026-09-01 18:18:19,106 [WARNING] [MainThread] [root/weather.py:610]: Error processing weather data: Weather data is empty.. Retrying fetch in 10 seconds.
2026-09-01 18:18:19,114 [WARNING] [MainThread] [root/weather.py:610]: Error processing weather data: Weather data is empty.. Retrying fetch in 10 seconds.
2026-09-01 18:18:19,120 [WARNING] [MainThread] [root/weather.py:610]: Error processing weather data: Weather data is empty.. Retrying fetch in 10 seconds.
2026-09-01 18:18:19,128 [ERROR] [MainThread] [root/api.py:84]: Weather response error 403: API key has reached maximum calls per month allowed limit.
2026-09-01 18:18:19,148 [ERROR] [MainThread] [root/api.py:84]: Weather response error 403: API key has reached maximum calls per month allowed limit.
2026-09-01 18:18:29,249 [ERROR] [MainThread] [root/api.py:84]: Weather response error 403: API key has reached maximum calls per month allowed limit.
2026-09-01 18:18:29,250 [WARNING] [MainThread] [root/weather.py:610]: Error processing weather data: Weather data is empty.. Retrying fetch in 10 seconds.
2026-09-01 18:18:29,257 [WARNING] [MainThread] [root/weather.py:610]: Error processing weather data: Weather data is empty.. Retrying fetch in 10 seconds.
2026-09-01 18:18:29,264 [WARNING] [MainThread] [root/weather.py:610]: Error processing weather data: Weather data is empty.. Retrying fetch in 10 seconds.
2026-09-01 18:18:29,271 [ERROR] [MainThread] [root/api.py:84]: Weather response error 403: API key has reached maximum calls per month allowed limit.
2026-09-01 18:18:29,292 [ERROR] [MainThread] [root/api.py:84]: Weather response error 403: API key has reached maximum calls per month allowed limit.
2026-09-01 18:18:39,396 [ERROR] [MainThread] [root/api.py:84]: Weather response error 403: API key has reached maximum calls per month allowed limit.
2026-09-01 18:18:39,396 [WARNING] [MainThread] [root/weather.py:610]: Error processing weather data: Weather data is empty.. Retrying fetch in 10 seconds.
2026-09-01 18:18:39,403 [WARNING] [MainThread] [root/weather.py:610]: Error processing weather data: Weather data is empty.. Retrying fetch in 10 seconds.
2026-09-01 18:18:39,410 [WARNING] [MainThread] [root/weather.py:610]: Error processing weather data: Weather data is empty.. Retrying fetch in 10 seconds.
2026-09-01 18:18:39,418 [ERROR] [MainThread] [root/api.py:84]: Weather response error 403: API key has reached maximum calls per month allowed limit.
2026-09-01 18:18:39,438 [ERROR] [MainThread] [root/api.py:84]: Weather response error 403: API key has reached maximum calls per month allowed limit.
2026-09-01 18:18:49,545 [ERROR] [MainThread] [root/api.py:84]: Weather response error 403: API key has reached maximum calls per month allowed limit.
2026-09-01 18:18:49,545 [WARNING] [MainThread] [root/weather.py:610]: Error processing weather data: Weather data is empty.. Retrying fetch in 10 seconds.
2026-09-01 18:18:49,553 [WARNING] [MainThread] [root/weather.py:610]: Error processing weather data: Weather data is empty.. Retrying fetch in 10 seconds.
2026-09-01 18:18:49,560 [WARNING] [MainThread] [root/weather.py:610]: Error processing weather data: Weather data is empty.. Retrying fetch in 10 seconds.
2026-09-01 18:18:49,642 [ERROR] [MainThread] [root/api.py:84]: Weather response error 403: API key has reached maximum calls per month allowed limit.
2026-09-01 18:18:49,667 [ERROR] [MainThread] [root/api.py:84]: Weather response error 403: API key has reached maximum calls per month allowed limit.
2026-09-01 18:18:59,685 [ERROR] [MainThread] [root/api.py:84]: Weather response error 403: API key has reached maximum calls per month allowed limit.
2026-09-01 18:18:59,686 [WARNING] [MainThread] [root/weather.py:610]: Error processing weather data: Weather data is empty.. Retrying fetch in 10 seconds.
2026-09-01 18:18:59,693 [WARNING] [MainThread] [root/weather.py:610]: Error processing weather data: Weather data is empty.. Retrying fetch in 10 seconds.
2026-09-01 18:18:59,700 [WARNING] [MainThread] [root/weather.py:610]: Error processing weather data: Weather data is empty.. Retrying fetch in 10 seconds.
2026-09-01 18:18:59,717 [ERROR] [MainThread] [root/api.py:84]: Weather response error 403: API key has reached maximum calls per month allowed limit.
2026-09-01 18:18:59,786 [ERROR] [MainThread] [root/api.py:84]: Weather response error 403: API key has reached maximum calls per month allowed limit.
2026-09-01 18:19:09,833 [ERROR] [MainThread] [root/api.py:84]: Weather response error 403: API key has reached maximum calls per month allowed limit.
2026-09-01 18:19:09,833 [WARNING] [MainThread] [root/weather.py:610]: Error processing weather data: Weather data is empty.. Retrying fetch in 10 seconds.
2026-09-01 18:19:09,840 [WARNING] [MainThread] [root/weather.py:610]: Error processing weather data: Weather data is empty.. Retrying fetch in 10 seconds.
2026-09-01 18:19:09,847 [WARNING] [MainThread] [root/weather.py:610]: Error processing weather data: Weather data is empty.. Retrying fetch in 10 seconds.
2026-09-01 18:19:09,855 [ERROR] [MainThread] [root/api.py:84]: Weather response error 403: API key has reached maximum calls per month allowed limit.
2026-09-01 18:19:09,876 [ERROR] [MainThread] [root/api.py:84]: Weather response error 403: API key has reached maximum calls per month allowed limit.
2026-09-01 18:19:19,989 [ERROR] [MainThread] [root/api.py:84]: Weather response error 403: API key has reached maximum calls per month allowed limit.
2026-09-01 18:19:19,989 [WARNING] [MainThread] [root/weather.py:610]: Error processing weather data: Weather data is empty.. Retrying fetch in 10 seconds.
2026-09-01 18:19:19,997 [WARNING] [MainThread] [root/weather.py:610]: Error processing weather data: Weather data is empty.. Retrying fetch in 10 seconds.
2026-09-01 18:19:20,005 [WARNING] [MainThread] [root/weather.py:610]: Error processing weather data: Weather data is empty.. Retrying fetch in 10 seconds.
2026-09-01 18:19:20,012 [ERROR] [MainThread] [root/api.py:84]: Weather response error 403: API key has reached maximum calls per month allowed limit.
2026-09-01 18:19:20,033 [ERROR] [MainThread] [root/api.py:84]: Weather response error 403: API key has reached maximum calls per month allowed limit.
2026-09-01 18:19:30,137 [ERROR] [MainThread] [root/api.py:84]: Weather response error 403: API key has reached maximum calls per month allowed limit.
2026-09-01 18:19:30,137 [WARNING] [MainThread] [root/weather.py:610]: Error processing weather data: Weather data is empty.. Retrying fetch in 10 seconds.
2026-09-01 18:19:30,145 [WARNING] [MainThread] [root/weather.py:610]: Error processing weather data: Weather data is empty.. Retrying fetch in 10 seconds.
2026-09-01 18:19:30,153 [WARNING] [MainThread] [root/weather.py:610]: Error processing weather data: Weather data is empty.. Retrying fetch in 10 seconds.
2026-09-01 18:19:30,161 [ERROR] [MainThread] [root/api.py:84]: Weather response error 403: API key has reached maximum calls per month allowed limit.
2026-09-01 18:19:30,187 [ERROR] [MainThread] [root/api.py:84]: Weather response error 403: API key has reached maximum calls per month allowed limit.
2026-09-01 18:19:40,297 [ERROR] [MainThread] [root/api.py:84]: Weather response error 403: API key has reached maximum calls per month allowed limit.
2026-09-01 18:19:40,297 [WARNING] [MainThread] [root/weather.py:610]: Error processing weather data: Weather data is empty.. Retrying fetch in 10 seconds.
2026-09-01 18:19:40,305 [WARNING] [MainThread] [root/weather.py:610]: Error processing weather data: Weather data is empty.. Retrying fetch in 10 seconds.
2026-09-01 18:19:40,312 [WARNING] [MainThread] [root/weather.py:610]: Error processing weather data: Weather data is empty.. Retrying fetch in 10 seconds.
2026-09-01 18:19:40,319 [ERROR] [MainThread] [root/api.py:84]: Weather response error 403: API key has reached maximum calls per month allowed limit.
2026-09-01 18:19:40,340 [ERROR] [MainThread] [root/api.py:84]: Weather response error 403: API key has reached maximum calls per month allowed limit.
2026-09-01 18:19:50,437 [ERROR] [MainThread] [root/api.py:84]: Weather response error 403: API key has reached maximum calls per month allowed limit.
2026-09-01 18:19:50,438 [WARNING] [MainThread] [root/weather.py:610]: Error processing weather data: Weather data is empty.. Retrying fetch in 10 seconds.
2026-09-01 18:19:50,445 [WARNING] [MainThread] [root/weather.py:610]: Error processing weather data: Weather data is empty.. Retrying fetch in 10 seconds.
2026-09-01 18:19:50,452 [WARNING] [MainThread] [root/weather.py:610]: Error processing weather data: Weather data is empty.. Retrying fetch in 10 seconds.
2026-09-01 18:19:50,514 [ERROR] [MainThread] [root/api.py:84]: Weather response error 403: API key has reached maximum calls per month allowed limit.
2026-09-01 18:19:50,536 [ERROR] [MainThread] [root/api.py:84]: Weather response error 403: API key has reached maximum calls per month allowed limit.
2026-09-01 18:20:00,587 [ERROR] [MainThread] [root/api.py:84]: Weather response error 403: API key has reached maximum calls per month allowed limit.
2026-09-01 18:20:00,587 [WARNING] [MainThread] [root/weather.py:610]: Error processing weather data: Weather data is empty.. Retrying fetch in 10 seconds.
2026-09-01 18:20:00,594 [WARNING] [MainThread] [root/weather.py:610]: Error processing weather data: Weather data is empty.. Retrying fetch in 10 seconds.
2026-09-01 18:20:00,602 [WARNING] [MainThread] [root/weather.py:610]: Error processing weather data: Weather data is empty.. Retrying fetch in 10 seconds.
2026-09-01 18:20:00,609 [ERROR] [MainThread] [root/api.py:84]: Weather response error 403: API key has reached maximum calls per month allowed limit.
2026-09-01 18:20:00,630 [ERROR] [MainThread] [root/api.py:84]: Weather response error 403: API key has reached maximum calls per month allowed limit.
2026-09-01 18:20:10,733 [ERROR] [MainThread] [root/api.py:84]: Weather response error 403: API key has reached maximum calls per month allowed limit.
2026-09-01 18:20:10,733 [WARNING] [MainThread] [root/weather.py:610]: Error processing weather data: Weather data is empty.. Retrying fetch in 10 seconds.
2026-09-01 18:20:10,740 [WARNING] [MainThread] [root/weather.py:610]: Error processing weather data: Weather data is empty.. Retrying fetch in 10 seconds.
2026-09-01 18:20:10,747 [WARNING] [MainThread] [root/weather.py:610]: Error processing weather data: Weather data is empty.. Retrying fetch in 10 seconds.
2026-09-01 18:20:10,755 [ERROR] [MainThread] [root/api.py:84]: Weather response error 403: API key has reached maximum calls per month allowed limit.
2026-09-01 18:20:10,775 [ERROR] [MainThread] [root/api.py:84]: Weather response error 403: API key has reached maximum calls per month allowed limit.
2026-09-01 18:20:20,880 [ERROR] [MainThread] [root/api.py:84]: Weather response error 403: API key has reached maximum calls per month allowed limit.
2026-09-01 18:20:20,881 [WARNING] [MainThread] [root/weather.py:610]: Error processing weather data: Weather data is empty.. Retrying fetch in 10 seconds.
2026-09-01 18:20:20,888 [WARNING] [MainThread] [root/weather.py:610]: Error processing weather data: Weather data is empty.. Retrying fetch in 10 seconds.
2026-09-01 18:20:20,895 [WARNING] [MainThread] [root/weather.py:610]: Error processing weather data: Weather data is empty.. Retrying fetch in 10 seconds.
2026-09-01 18:20:20,903 [ERROR] [MainThread] [root/api.py:84]: Weather response error 403: API key has reached maximum calls per month allowed limit.
2026-09-01 18:20:20,924 [ERROR] [MainThread] [root/api.py:84]: Weather response error 403: API key has reached maximum calls per month allowed limit.
2026-09-01 18:20:31,031 [ERROR] [MainThread] [root/api.py:84]: Weather response error 403: API key has reached maximum calls per month allowed limit.
2026-09-01 18:20:31,032 [WARNING] [MainThread] [root/weather.py:610]: Error processing weather data: Weather data is empty.. Retrying fetch in 10 seconds.
2026-09-01 18:20:31,039 [WARNING] [MainThread] [root/weather.py:610]: Error processing weather data: Weather data is empty.. Retrying fetch in 10 seconds.
2026-09-01 18:20:31,046 [WARNING] [MainThread] [root/weather.py:610]: Error processing weather data: Weather data is empty.. Retrying fetch in 10 seconds.
2026-09-01 18:20:31,054 [ERROR] [MainThread] [root/api.py:84]: Weather response error 403: API key has reached maximum calls per month allowed limit.
2026-09-01 18:20:31,075 [ERROR] [MainThread] [root/api.py:84]: Weather response error 403: API key has reached maximum calls per month allowed limit.
2026-09-01 18:20:41,171 [ERROR] [MainThread] [root/api.py:84]: Weather response error 403: API key has reached maximum calls per month allowed limit.
2026-09-01 18:20:41,171 [WARNING] [MainThread] [root/weather.py:610]: Error processing weather data: Weather data is empty.. Retrying fetch in 10 seconds.
2026-09-01 18:20:41,179 [WARNING] [MainThread] [root/weather.py:610]: Error processing weather data: Weather data is empty.. Retrying fetch in 10 seconds.
2026-09-01 18:20:41,186 [WARNING] [MainThread] [root/weather.py:610]: Error processing weather data: Weather data is empty.. Retrying fetch in 10 seconds.
2026-09-01 18:20:41,194 [ERROR] [MainThread] [root/api.py:84]: Weather response error 403: API key has reached maximum calls per month allowed limit.
2026-09-01 18:20:41,215 [ERROR] [MainThread] [root/api.py:84]: Weather response error 403: API key has reached maximum calls per month allowed limit.
2026-09-01 18:20:51,318 [ERROR] [MainThread] [root/api.py:84]: Weather response error 403: API key has reached maximum calls per month allowed limit.
2026-09-01 18:20:51,318 [WARNING] [MainThread] [root/weather.py:610]: Error processing weather data: Weather data is empty.. Retrying fetch in 10 seconds.
2026-09-01 18:20:51,325 [WARNING] [MainThread] [root/weather.py:610]: Error processing weather data: Weather data is empty.. Retrying fetch in 10 seconds.
2026-09-01 18:20:51,332 [WARNING] [MainThread] [root/weather.py:610]: Error processing weather data: Weather data is empty.. Retrying fetch in 10 seconds.
2026-09-01 18:20:51,340 [ERROR] [MainThread] [root/api.py:84]: Weather response error 403: API key has reached maximum calls per month allowed limit.
2026-09-01 18:20:51,361 [ERROR] [MainThread] [root/api.py:84]: Weather response error 403: API key has reached maximum calls per month allowed limit.
2026-09-01 18:21:01,469 [ERROR] [MainThread] [root/api.py:84]: Weather response error 403: API key has reached maximum calls per month allowed limit.
2026-09-01 18:21:01,470 [WARNING] [MainThread] [root/weather.py:610]: Error processing weather data: Weather data is empty.. Retrying fetch in 10 seconds.
2026-09-01 18:21:01,477 [WARNING] [MainThread] [root/weather.py:610]: Error processing weather data: Weather data is empty.. Retrying fetch in 10 seconds.
2026-09-01 18:21:01,484 [WARNING] [MainThread] [root/weather.py:610]: Error processing weather data: Weather data is empty.. Retrying fetch in 10 seconds.
2026-09-01 18:21:01,491 [ERROR] [MainThread] [root/api.py:84]: Weather response error 403: API key has reached maximum calls per month allowed limit.
2026-09-01 18:21:01,513 [ERROR] [MainThread] [root/api.py:84]: Weather response error 403: API key has reached maximum calls per month allowed limit.
2026-09-01 18:21:11,615 [ERROR] [MainThread] [root/api.py:84]: Weather response error 403: API key has reached maximum calls per month allowed limit.
2026-09-01 18:21:11,615 [WARNING] [MainThread] [root/weather.py:610]: Error processing weather data: Weather data is empty.. Retrying fetch in 10 seconds.
2026-09-01 18:21:11,622 [WARNING] [MainThread] [root/weather.py:610]: Error processing weather data: Weather data is empty.. Retrying fetch in 10 seconds.
2026-09-01 18:21:11,630 [WARNING] [MainThread] [root/weather.py:610]: Error processing weather data: Weather data is empty.. Retrying fetch in 10 seconds.
2026-09-01 18:21:11,638 [ERROR] [MainThread] [root/api.py:84]: Weather response error 403: API key has reached maximum calls per month allowed limit.
2026-09-01 18:21:11,691 [ERROR] [MainThread] [root/api.py:84]: Weather response error 403: API key has reached maximum calls per month allowed limit.
2026-09-01 18:21:21,763 [ERROR] [MainThread] [root/api.py:84]: Weather response error 403: API key has reached maximum calls per month allowed limit.
2026-09-01 18:21:21,763 [WARNING] [MainThread] [root/weather.py:610]: Error processing weather data: Weather data is empty.. Retrying fetch in 10 seconds.
2026-09-01 18:21:21,771 [WARNING] [MainThread] [root/weather.py:610]: Error processing weather data: Weather data is empty.. Retrying fetch in 10 seconds.
2026-09-01 18:21:21,779 [WARNING] [MainThread] [root/weather.py:610]: Error processing weather data: Weather data is empty.. Retrying fetch in 10 seconds.
2026-09-01 18:21:21,787 [ERROR] [MainThread] [root/api.py:84]: Weather response error 403: API key has reached maximum calls per month allowed limit.
2026-09-01 18:21:21,809 [ERROR] [MainThread] [root/api.py:84]: Weather response error 403: API key has reached maximum calls per month allowed limit.
2026-09-01 18:21:31,907 [ERROR] [MainThread] [root/api.py:84]: Weather response error 403: API key has reached maximum calls per month allowed limit.
2026-09-01 18:21:31,907 [WARNING] [MainThread] [root/weather.py:610]: Error processing weather data: Weather data is empty.. Retrying fetch in 10 seconds.
2026-09-01 18:21:31,915 [WARNING] [MainThread] [root/weather.py:610]: Error processing weather data: Weather data is empty.. Retrying fetch in 10 seconds.
2026-09-01 18:21:31,922 [WARNING] [MainThread] [root/weather.py:610]: Error processing weather data: Weather data is empty.. Retrying fetch in 10 seconds.
2026-09-01 18:21:31,930 [ERROR] [MainThread] [root/api.py:84]: Weather response error 403: API key has reached maximum calls per month allowed limit.
2026-09-01 18:21:31,951 [ERROR] [MainThread] [root/api.py:84]: Weather response error 403: API key has reached maximum calls per month allowed limit.
2026-09-01 18:21:42,055 [ERROR] [MainThread] [root/api.py:84]: Weather response error 403: API key has reached maximum calls per month allowed limit.
2026-09-01 18:21:42,056 [WARNING] [MainThread] [root/weather.py:610]: Error processing weather data: Weather data is empty.. Retrying fetch in 10 seconds.
2026-09-01 18:21:42,063 [WARNING] [MainThread] [root/weather.py:610]: Error processing weather data: Weather data is empty.. Retrying fetch in 10 seconds.
2026-09-01 18:21:42,070 [WARNING] [MainThread] [root/weather.py:610]: Error processing weather data: Weather data is empty.. Retrying fetch in 10 seconds.
2026-09-01 18:21:42,077 [ERROR] [MainThread] [root/api.py:84]: Weather response error 403: API key has reached maximum calls per month allowed limit.
2026-09-01 18:21:42,147 [ERROR] [MainThread] [root/api.py:84]: Weather response error 403: API key has reached maximum calls per month allowed limit.
2026-09-01 18:21:52,199 [ERROR] [MainThread] [root/api.py:84]: Weather response error 403: API key has reached maximum calls per month allowed limit.
2026-09-01 18:21:52,200 [WARNING] [MainThread] [root/weather.py:610]: Error processing weather data: Weather data is empty.. Retrying fetch in 10 seconds.
2026-09-01 18:21:52,207 [WARNING] [MainThread] [root/weather.py:610]: Error processing weather data: Weather data is empty.. Retrying fetch in 10 seconds.
2026-09-01 18:21:52,214 [WARNING] [MainThread] [root/weather.py:610]: Error processing weather data: Weather data is empty.. Retrying fetch in 10 seconds.
2026-09-01 18:21:52,222 [ERROR] [MainThread] [root/api.py:84]: Weather response error 403: API key has reached maximum calls per month allowed limit.
2026-09-01 18:21:52,243 [ERROR] [MainThread] [root/api.py:84]: Weather response error 403: API key has reached maximum calls per month allowed limit.
2026-09-01 18:22:02,344 [ERROR] [MainThread] [root/api.py:84]: Weather response error 403: API key has reached maximum calls per month allowed limit.
2026-09-01 18:22:02,344 [WARNING] [MainThread] [root/weather.py:610]: Error processing weather data: Weather data is empty.. Retrying fetch in 10 seconds.
2026-09-01 18:22:02,351 [WARNING] [MainThread] [root/weather.py:610]: Error processing weather data: Weather data is empty.. Retrying fetch in 10 seconds.
2026-09-01 18:22:02,358 [WARNING] [MainThread] [root/weather.py:610]: Error processing weather data: Weather data is empty.. Retrying fetch in 10 seconds.
2026-09-01 18:22:02,366 [ERROR] [MainThread] [root/api.py:84]: Weather response error 403: API key has reached maximum calls per month allowed limit.
2026-09-01 18:22:02,386 [ERROR] [MainThread] [root/api.py:84]: Weather response error 403: API key has reached maximum calls per month allowed limit.
2026-09-01 18:22:12,479 [ERROR] [MainThread] [root/api.py:84]: Weather response error 403: API key has reached maximum calls per month allowed limit.
2026-09-01 18:22:12,479 [WARNING] [MainThread] [root/weather.py:610]: Error processing weather data: Weather data is empty.. Retrying fetch in 10 seconds.
2026-09-01 18:22:12,486 [WARNING] [MainThread] [root/weather.py:610]: Error processing weather data: Weather data is empty.. Retrying fetch in 10 seconds.
2026-09-01 18:22:12,493 [WARNING] [MainThread] [root/weather.py:610]: Error processing weather data: Weather data is empty.. Retrying fetch in 10 seconds.
2026-09-01 18:22:12,501 [ERROR] [MainThread] [root/api.py:84]: Weather response error 403: API key has reached maximum calls per month allowed limit.
2026-09-01 18:22:12,524 [ERROR] [MainThread] [root/api.py:84]: Weather response error 403: API key has reached maximum calls per month allowed limit.
2026-09-01 18:22:22,616 [ERROR] [MainThread] [root/api.py:84]: Weather response error 403: API key has reached maximum calls per month allowed limit.
2026-09-01 18:22:22,617 [WARNING] [MainThread] [root/weather.py:610]: Error processing weather data: Weather data is empty.. Retrying fetch in 10 seconds.
2026-09-01 18:22:22,624 [WARNING] [MainThread] [root/weather.py:610]: Error processing weather data: Weather data is empty.. Retrying fetch in 10 seconds.
2026-09-01 18:22:22,631 [WARNING] [MainThread] [root/weather.py:610]: Error processing weather data: Weather data is empty.. Retrying fetch in 10 seconds.
2026-09-01 18:22:22,644 [ERROR] [MainThread] [root/api.py:84]: Weather response error 403: API key has reached maximum calls per month allowed limit.
2026-09-01 18:22:22,665 [ERROR] [MainThread] [root/api.py:84]: Weather response error 403: API key has reached maximum calls per month allowed limit.
2026-09-01 18:22:32,774 [ERROR] [MainThread] [root/api.py:84]: Weather response error 403: API key has reached maximum calls per month allowed limit.
2026-09-01 18:22:32,775 [WARNING] [MainThread] [root/weather.py:610]: Error processing weather data: Weather data is empty.. Retrying fetch in 10 seconds.
2026-09-01 18:22:32,782 [WARNING] [MainThread] [root/weather.py:610]: Error processing weather data: Weather data is empty.. Retrying fetch in 10 seconds.
2026-09-01 18:22:32,789 [WARNING] [MainThread] [root/weather.py:610]: Error processing weather data: Weather data is empty.. Retrying fetch in 10 seconds.
2026-09-01 18:22:32,797 [ERROR] [MainThread] [root/api.py:84]: Weather response error 403: API key has reached maximum calls per month allowed limit.
2026-09-01 18:22:32,819 [ERROR] [MainThread] [root/api.py:84]: Weather response error 403: API key has reached maximum calls per month allowed limit.
2026-09-01 18:22:42,926 [ERROR] [MainThread] [root/api.py:84]: Weather response error 403: API key has reached maximum calls per month allowed limit.
2026-09-01 18:22:42,926 [WARNING] [MainThread] [root/weather.py:610]: Error processing weather data: Weather data is empty.. Retrying fetch in 10 seconds.
2026-09-01 18:22:42,933 [WARNING] [MainThread] [root/weather.py:610]: Error processing weather data: Weather data is empty.. Retrying fetch in 10 seconds.
2026-09-01 18:22:42,941 [WARNING] [MainThread] [root/weather.py:610]: Error processing weather data: Weather data is empty.. Retrying fetch in 10 seconds.
2026-09-01 18:22:42,948 [ERROR] [MainThread] [root/api.py:84]: Weather response error 403: API key has reached maximum calls per month allowed limit.
2026-09-01 18:22:42,969 [ERROR] [MainThread] [root/api.py:84]: Weather response error 403: API key has reached maximum calls per month allowed limit.
2026-09-01 18:22:52,870 [ERROR] [MainThread] [root/api.py:84]: Weather response error 403: API key has reached maximum calls per month allowed limit.
2026-09-01 18:22:53,071 [ERROR] [MainThread] [root/api.py:84]: Weather response error 403: API key has reached maximum calls per month allowed limit.
2026-09-01 18:22:53,072 [WARNING] [MainThread] [root/weather.py:610]: Error processing weather data: Weather data is empty.. Retrying fetch in 10 seconds.
2026-09-01 18:22:53,079 [WARNING] [MainThread] [root/weather.py:610]: Error processing weather data: Weather data is empty.. Retrying fetch in 10 seconds.
2026-09-01 18:22:53,086 [WARNING] [MainThread] [root/weather.py:610]: Error processing weather data: Weather data is empty.. Retrying fetch in 10 seconds.
2026-09-01 18:22:53,094 [ERROR] [MainThread] [root/api.py:84]: Weather response error 403: API key has reached maximum calls per month allowed limit.
2026-09-01 18:22:53,116 [ERROR] [MainThread] [root/api.py:84]: Weather response error 403: API key has reached maximum calls per month allowed limit.
2026-09-01 18:23:03,229 [ERROR] [MainThread] [root/api.py:84]: Weather response error 403: API key has reached maximum calls per month allowed limit.
2026-09-01 18:23:03,229 [WARNING] [MainThread] [root/weather.py:610]: Error processing weather data: Weather data is empty.. Retrying fetch in 10 seconds.
2026-09-01 18:23:03,237 [WARNING] [MainThread] [root/weather.py:610]: Error processing weather data: Weather data is empty.. Retrying fetch in 10 seconds.
2026-09-01 18:23:03,244 [WARNING] [MainThread] [root/weather.py:610]: Error processing weather data: Weather data is empty.. Retrying fetch in 10 seconds.
2026-09-01 18:23:03,251 [ERROR] [MainThread] [root/api.py:84]: Weather response error 403: API key has reached maximum calls per month allowed limit.
2026-09-01 18:23:03,272 [ERROR] [MainThread] [root/api.py:84]: Weather response error 403: API key has reached maximum calls per month allowed limit.
2026-09-01 18:23:13,381 [ERROR] [MainThread] [root/api.py:84]: Weather response error 403: API key has reached maximum calls per month allowed limit.
2026-09-01 18:23:13,381 [WARNING] [MainThread] [root/weather.py:610]: Error processing weather data: Weather data is empty.. Retrying fetch in 10 seconds.
2026-09-01 18:23:13,389 [WARNING] [MainThread] [root/weather.py:610]: Error processing weather data: Weather data is empty.. Retrying fetch in 10 seconds.
2026-09-01 18:23:13,396 [WARNING] [MainThread] [root/weather.py:610]: Error processing weather data: Weather data is empty.. Retrying fetch in 10 seconds.
2026-09-01 18:23:13,404 [ERROR] [MainThread] [root/api.py:84]: Weather response error 403: API key has reached maximum calls per month allowed limit.
2026-09-01 18:23:13,481 [ERROR] [MainThread] [root/api.py:84]: Weather response error 403: API key has reached maximum calls per month allowed limit.
2026-09-01 18:23:23,529 [ERROR] [MainThread] [root/api.py:84]: Weather response error 403: API key has reached maximum calls per month allowed limit.
2026-09-01 18:23:23,529 [WARNING] [MainThread] [root/weather.py:610]: Error processing weather data: Weather data is empty.. Retrying fetch in 10 seconds.
2026-09-01 18:23:23,536 [WARNING] [MainThread] [root/weather.py:610]: Error processing weather data: Weather data is empty.. Retrying fetch in 10 seconds.
2026-09-01 18:23:23,544 [WARNING] [MainThread] [root/weather.py:610]: Error processing weather data: Weather data is empty.. Retrying fetch in 10 seconds.
2026-09-01 18:23:23,551 [ERROR] [MainThread] [root/api.py:84]: Weather response error 403: API key has reached maximum calls per month allowed limit.
2026-09-01 18:23:23,573 [ERROR] [MainThread] [root/api.py:84]: Weather response error 403: API key has reached maximum calls per month allowed limit.
2026-09-01 18:23:33,670 [ERROR] [MainThread] [root/api.py:84]: Weather response error 403: API key has reached maximum calls per month allowed limit.
2026-09-01 18:23:33,670 [WARNING] [MainThread] [root/weather.py:610]: Error processing weather data: Weather data is empty.. Retrying fetch in 10 seconds.
2026-09-01 18:23:33,678 [WARNING] [MainThread] [root/weather.py:610]: Error processing weather data: Weather data is empty.. Retrying fetch in 10 seconds.
2026-09-01 18:23:33,685 [WARNING] [MainThread] [root/weather.py:610]: Error processing weather data: Weather data is empty.. Retrying fetch in 10 seconds.
2026-09-01 18:23:33,692 [ERROR] [MainThread] [root/api.py:84]: Weather response error 403: API key has reached maximum calls per month allowed limit.
2026-09-01 18:23:33,714 [ERROR] [MainThread] [root/api.py:84]: Weather response error 403: API key has reached maximum calls per month allowed limit.
2026-09-01 18:23:43,817 [ERROR] [MainThread] [root/api.py:84]: Weather response error 403: API key has reached maximum calls per month allowed limit.
2026-09-01 18:23:43,818 [WARNING] [MainThread] [root/weather.py:610]: Error processing weather data: Weather data is empty.. Retrying fetch in 10 seconds.
2026-09-01 18:23:43,825 [WARNING] [MainThread] [root/weather.py:610]: Error processing weather data: Weather data is empty.. Retrying fetch in 10 seconds.
2026-09-01 18:23:43,832 [WARNING] [MainThread] [root/weather.py:610]: Error processing weather data: Weather data is empty.. Retrying fetch in 10 seconds.
2026-09-01 18:23:43,840 [ERROR] [MainThread] [root/api.py:84]: Weather response error 403: API key has reached maximum calls per month allowed limit.
2026-09-01 18:23:43,861 [ERROR] [MainThread] [root/api.py:84]: Weather response error 403: API key has reached maximum calls per month allowed limit.
2026-09-01 18:23:53,967 [ERROR] [MainThread] [root/api.py:84]: Weather response error 403: API key has reached maximum calls per month allowed limit.
2026-09-01 18:23:53,967 [WARNING] [MainThread] [root/weather.py:610]: Error processing weather data: Weather data is empty.. Retrying fetch in 10 seconds.
2026-09-01 18:23:53,974 [WARNING] [MainThread] [root/weather.py:610]: Error processing weather data: Weather data is empty.. Retrying fetch in 10 seconds.
2026-09-01 18:23:53,981 [WARNING] [MainThread] [root/weather.py:610]: Error processing weather data: Weather data is empty.. Retrying fetch in 10 seconds.
2026-09-01 18:23:53,989 [ERROR] [MainThread] [root/api.py:84]: Weather response error 403: API key has reached maximum calls per month allowed limit.
2026-09-01 18:23:54,010 [ERROR] [MainThread] [root/api.py:84]: Weather response error 403: API key has reached maximum calls per month allowed limit.
2026-09-01 18:24:04,116 [ERROR] [MainThread] [root/api.py:84]: Weather response error 403: API key has reached maximum calls per month allowed limit.
2026-09-01 18:24:04,116 [WARNING] [MainThread] [root/weather.py:610]: Error processing weather data: Weather data is empty.. Retrying fetch in 10 seconds.
2026-09-01 18:24:04,124 [WARNING] [MainThread] [root/weather.py:610]: Error processing weather data: Weather data is empty.. Retrying fetch in 10 seconds.
2026-09-01 18:24:04,131 [WARNING] [MainThread] [root/weather.py:610]: Error processing weather data: Weather data is empty.. Retrying fetch in 10 seconds.
2026-09-01 18:24:04,139 [ERROR] [MainThread] [root/api.py:84]: Weather response error 403: API key has reached maximum calls per month allowed limit.
2026-09-01 18:24:04,161 [ERROR] [MainThread] [root/api.py:84]: Weather response error 403: API key has reached maximum calls per month allowed limit.
2026-09-01 18:24:14,356 [ERROR] [MainThread] [root/api.py:84]: Weather response error 403: API key has reached maximum calls per month allowed limit.
2026-09-01 18:24:14,356 [WARNING] [MainThread] [root/weather.py:610]: Error processing weather data: Weather data is empty.. Retrying fetch in 10 seconds.
2026-09-01 18:24:14,364 [WARNING] [MainThread] [root/weather.py:610]: Error processing weather data: Weather data is empty.. Retrying fetch in 10 seconds.
2026-09-01 18:24:14,371 [WARNING] [MainThread] [root/weather.py:610]: Error processing weather data: Weather data is empty.. Retrying fetch in 10 seconds.
2026-09-01 18:24:14,378 [ERROR] [MainThread] [root/api.py:84]: Weather response error 403: API key has reached maximum calls per month allowed limit.
2026-09-01 18:24:14,402 [ERROR] [MainThread] [root/api.py:84]: Weather response error 403: API key has reached maximum calls per month allowed limit.
2026-09-01 18:24:24,506 [ERROR] [MainThread] [root/api.py:84]: Weather response error 403: API key has reached maximum calls per month allowed limit.
2026-09-01 18:24:24,507 [WARNING] [MainThread] [root/weather.py:610]: Error processing weather data: Weather data is empty.. Retrying fetch in 10 seconds.
2026-09-01 18:24:24,514 [WARNING] [MainThread] [root/weather.py:610]: Error processing weather data: Weather data is empty.. Retrying fetch in 10 seconds.
2026-09-01 18:24:24,521 [WARNING] [MainThread] [root/weather.py:610]: Error processing weather data: Weather data is empty.. Retrying fetch in 10 seconds.
2026-09-01 18:24:24,529 [ERROR] [MainThread] [root/api.py:84]: Weather response error 403: API key has reached maximum calls per month allowed limit.
2026-09-01 18:24:24,551 [ERROR] [MainThread] [root/api.py:84]: Weather response error 403: API key has reached maximum calls per month allowed limit.
2026-09-01 18:24:34,657 [ERROR] [MainThread] [root/api.py:84]: Weather response error 403: API key has reached maximum calls per month allowed limit.
2026-09-01 18:24:34,657 [WARNING] [MainThread] [root/weather.py:610]: Error processing weather data: Weather data is empty.. Retrying fetch in 10 seconds.
2026-09-01 18:24:34,665 [WARNING] [MainThread] [root/weather.py:610]: Error processing weather data: Weather data is empty.. Retrying fetch in 10 seconds.
2026-09-01 18:24:34,672 [WARNING] [MainThread] [root/weather.py:610]: Error processing weather data: Weather data is empty.. Retrying fetch in 10 seconds.
2026-09-01 18:24:34,680 [ERROR] [MainThread] [root/api.py:84]: Weather response error 403: API key has reached maximum calls per month allowed limit.
2026-09-01 18:24:34,753 [ERROR] [MainThread] [root/api.py:84]: Weather response error 403: API key has reached maximum calls per month allowed limit.
2026-09-01 18:24:44,842 [ERROR] [MainThread] [root/api.py:84]: Weather response error 403: API key has reached maximum calls per month allowed limit.
2026-09-01 18:24:44,842 [WARNING] [MainThread] [root/weather.py:610]: Error processing weather data: Weather data is empty.. Retrying fetch in 10 seconds.
2026-09-01 18:24:44,849 [WARNING] [MainThread] [root/weather.py:610]: Error processing weather data: Weather data is empty.. Retrying fetch in 10 seconds.
2026-09-01 18:24:44,856 [WARNING] [MainThread] [root/weather.py:610]: Error processing weather data: Weather data is empty.. Retrying fetch in 10 seconds.
2026-09-01 18:24:44,864 [ERROR] [MainThread] [root/api.py:84]: Weather response error 403: API key has reached maximum calls per month allowed limit.
2026-09-01 18:24:44,885 [ERROR] [MainThread] [root/api.py:84]: Weather response error 403: API key has reached maximum calls per month allowed limit.
2026-09-01 18:24:54,988 [ERROR] [MainThread] [root/api.py:84]: Weather response error 403: API key has reached maximum calls per month allowed limit.
2026-09-01 18:24:54,989 [WARNING] [MainThread] [root/weather.py:610]: Error processing weather data: Weather data is empty.. Retrying fetch in 10 seconds.
2026-09-01 18:24:54,996 [WARNING] [MainThread] [root/weather.py:610]: Error processing weather data: Weather data is empty.. Retrying fetch in 10 seconds.
2026-09-01 18:24:55,003 [WARNING] [MainThread] [root/weather.py:610]: Error processing weather data: Weather data is empty.. Retrying fetch in 10 seconds.
2026-09-01 18:24:55,011 [ERROR] [MainThread] [root/api.py:84]: Weather response error 403: API key has reached maximum calls per month allowed limit.
2026-09-01 18:24:55,034 [ERROR] [MainThread] [root/api.py:84]: Weather response error 403: API key has reached maximum calls per month allowed limit.
2026-09-01 18:25:05,146 [ERROR] [MainThread] [root/api.py:84]: Weather response error 403: API key has reached maximum calls per month allowed limit.
2026-09-01 18:25:05,146 [WARNING] [MainThread] [root/weather.py:610]: Error processing weather data: Weather data is empty.. Retrying fetch in 10 seconds.
2026-09-01 18:25:05,153 [WARNING] [MainThread] [root/weather.py:610]: Error processing weather data: Weather data is empty.. Retrying fetch in 10 seconds.
2026-09-01 18:25:05,161 [WARNING] [MainThread] [root/weather.py:610]: Error processing weather data: Weather data is empty.. Retrying fetch in 10 seconds.
2026-09-01 18:25:05,168 [ERROR] [MainThread] [root/api.py:84]: Weather response error 403: API key has reached maximum calls per month allowed limit.
2026-09-01 18:25:05,250 [ERROR] [MainThread] [root/api.py:84]: Weather response error 403: API key has reached maximum calls per month allowed limit.
2026-09-01 18:25:15,291 [ERROR] [MainThread] [root/api.py:84]: Weather response error 403: API key has reached maximum calls per month allowed limit.
2026-09-01 18:25:15,292 [WARNING] [MainThread] [root/weather.py:610]: Error processing weather data: Weather data is empty.. Retrying fetch in 10 seconds.
2026-09-01 18:25:15,299 [WARNING] [MainThread] [root/weather.py:610]: Error processing weather data: Weather data is empty.. Retrying fetch in 10 seconds.
2026-09-01 18:25:15,306 [WARNING] [MainThread] [root/weather.py:610]: Error processing weather data: Weather data is empty.. Retrying fetch in 10 seconds.
2026-09-01 18:25:15,313 [ERROR] [MainThread] [root/api.py:84]: Weather response error 403: API key has reached maximum calls per month allowed limit.
2026-09-01 18:25:15,338 [ERROR] [MainThread] [root/api.py:84]: Weather response error 403: API key has reached maximum calls per month allowed limit.
2026-09-01 18:25:25,443 [ERROR] [MainThread] [root/api.py:84]: Weather response error 403: API key has reached maximum calls per month allowed limit.
2026-09-01 18:25:25,443 [WARNING] [MainThread] [root/weather.py:610]: Error processing weather data: Weather data is empty.. Retrying fetch in 10 seconds.
2026-09-01 18:25:25,451 [WARNING] [MainThread] [root/weather.py:610]: Error processing weather data: Weather data is empty.. Retrying fetch in 10 seconds.
2026-09-01 18:25:25,459 [WARNING] [MainThread] [root/weather.py:610]: Error processing weather data: Weather data is empty.. Retrying fetch in 10 seconds.
2026-09-01 18:25:25,466 [ERROR] [MainThread] [root/api.py:84]: Weather response error 403: API key has reached maximum calls per month allowed limit.
2026-09-01 18:25:25,488 [ERROR] [MainThread] [root/api.py:84]: Weather response error 403: API key has reached maximum calls per month allowed limit.
2026-09-01 18:25:35,595 [ERROR] [MainThread] [root/api.py:84]: Weather response error 403: API key has reached maximum calls per month allowed limit.
2026-09-01 18:25:35,595 [WARNING] [MainThread] [root/weather.py:610]: Error processing weather data: Weather data is empty.. Retrying fetch in 10 seconds.
2026-09-01 18:25:35,602 [WARNING] [MainThread] [root/weather.py:610]: Error processing weather data: Weather data is empty.. Retrying fetch in 10 seconds.
2026-09-01 18:25:35,610 [WARNING] [MainThread] [root/weather.py:610]: Error processing weather data: Weather data is empty.. Retrying fetch in 10 seconds.
2026-09-01 18:25:35,618 [ERROR] [MainThread] [root/api.py:84]: Weather response error 403: API key has reached maximum calls per month allowed limit.
2026-09-01 18:25:35,642 [ERROR] [MainThread] [root/api.py:84]: Weather response error 403: API key has reached maximum calls per month allowed limit.
2026-09-01 18:25:45,732 [ERROR] [MainThread] [root/api.py:84]: Weather response error 403: API key has reached maximum calls per month allowed limit.
2026-09-01 18:25:45,733 [WARNING] [MainThread] [root/weather.py:610]: Error processing weather data: Weather data is empty.. Retrying fetch in 10 seconds.
2026-09-01 18:25:45,740 [WARNING] [MainThread] [root/weather.py:610]: Error processing weather data: Weather data is empty.. Retrying fetch in 10 seconds.
2026-09-01 18:25:45,748 [WARNING] [MainThread] [root/weather.py:610]: Error processing weather data: Weather data is empty.. Retrying fetch in 10 seconds.
2026-09-01 18:25:45,756 [ERROR] [MainThread] [root/api.py:84]: Weather response error 403: API key has reached maximum calls per month allowed limit.
2026-09-01 18:25:45,778 [ERROR] [MainThread] [root/api.py:84]: Weather response error 403: API key has reached maximum calls per month allowed limit.
2026-09-01 18:25:55,883 [ERROR] [MainThread] [root/api.py:84]: Weather response error 403: API key has reached maximum calls per month allowed limit.
2026-09-01 18:25:55,883 [WARNING] [MainThread] [root/weather.py:610]: Error processing weather data: Weather data is empty.. Retrying fetch in 10 seconds.
2026-09-01 18:25:55,891 [WARNING] [MainThread] [root/weather.py:610]: Error processing weather data: Weather data is empty.. Retrying fetch in 10 seconds.
2026-09-01 18:25:55,898 [WARNING] [MainThread] [root/weather.py:610]: Error processing weather data: Weather data is empty.. Retrying fetch in 10 seconds.
2026-09-01 18:25:55,906 [ERROR] [MainThread] [root/api.py:84]: Weather response error 403: API key has reached maximum calls per month allowed limit.
2026-09-01 18:25:55,929 [ERROR] [MainThread] [root/api.py:84]: Weather response error 403: API key has reached maximum calls per month allowed limit.
2026-09-01 18:26:06,037 [ERROR] [MainThread] [root/api.py:84]: Weather response error 403: API key has reached maximum calls per month allowed limit.
2026-09-01 18:26:06,037 [WARNING] [MainThread] [root/weather.py:610]: Error processing weather data: Weather data is empty.. Retrying fetch in 10 seconds.
2026-09-01 18:26:06,044 [WARNING] [MainThread] [root/weather.py:610]: Error processing weather data: Weather data is empty.. Retrying fetch in 10 seconds.
2026-09-01 18:26:06,052 [WARNING] [MainThread] [root/weather.py:610]: Error processing weather data: Weather data is empty.. Retrying fetch in 10 seconds.
2026-09-01 18:26:06,060 [ERROR] [MainThread] [root/api.py:84]: Weather response error 403: API key has reached maximum calls per month allowed limit.
2026-09-01 18:26:06,082 [ERROR] [MainThread] [root/api.py:84]: Weather response error 403: API key has reached maximum calls per month allowed limit.
2026-09-01 18:26:16,191 [ERROR] [MainThread] [root/api.py:84]: Weather response error 403: API key has reached maximum calls per month allowed limit.
2026-09-01 18:26:16,191 [WARNING] [MainThread] [root/weather.py:610]: Error processing weather data: Weather data is empty.. Retrying fetch in 10 seconds.
2026-09-01 18:26:16,199 [WARNING] [MainThread] [root/weather.py:610]: Error processing weather data: Weather data is empty.. Retrying fetch in 10 seconds.
2026-09-01 18:26:16,206 [WARNING] [MainThread] [root/weather.py:610]: Error processing weather data: Weather data is empty.. Retrying fetch in 10 seconds.
2026-09-01 18:26:16,213 [ERROR] [MainThread] [root/api.py:84]: Weather response error 403: API key has reached maximum calls per month allowed limit.
2026-09-01 18:26:16,235 [ERROR] [MainThread] [root/api.py:84]: Weather response error 403: API key has reached maximum calls per month allowed limit.
2026-09-01 18:26:26,336 [ERROR] [MainThread] [root/api.py:84]: Weather response error 403: API key has reached maximum calls per month allowed limit.
2026-09-01 18:26:26,336 [WARNING] [MainThread] [root/weather.py:610]: Error processing weather data: Weather data is empty.. Retrying fetch in 10 seconds.
2026-09-01 18:26:26,343 [WARNING] [MainThread] [root/weather.py:610]: Error processing weather data: Weather data is empty.. Retrying fetch in 10 seconds.
2026-09-01 18:26:26,350 [WARNING] [MainThread] [root/weather.py:610]: Error processing weather data: Weather data is empty.. Retrying fetch in 10 seconds.
2026-09-01 18:26:26,358 [ERROR] [MainThread] [root/api.py:84]: Weather response error 403: API key has reached maximum calls per month allowed limit.
2026-09-01 18:26:26,379 [ERROR] [MainThread] [root/api.py:84]: Weather response error 403: API key has reached maximum calls per month allowed limit.
2026-09-01 18:26:36,491 [ERROR] [MainThread] [root/api.py:84]: Weather response error 403: API key has reached maximum calls per month allowed limit.
2026-09-01 18:26:36,491 [WARNING] [MainThread] [root/weather.py:610]: Error processing weather data: Weather data is empty.. Retrying fetch in 10 seconds.
2026-09-01 18:26:36,498 [WARNING] [MainThread] [root/weather.py:610]: Error processing weather data: Weather data is empty.. Retrying fetch in 10 seconds.
2026-09-01 18:26:36,506 [WARNING] [MainThread] [root/weather.py:610]: Error processing weather data: Weather data is empty.. Retrying fetch in 10 seconds.
2026-09-01 18:26:36,513 [ERROR] [MainThread] [root/api.py:84]: Weather response error 403: API key has reached maximum calls per month allowed limit.
2026-09-01 18:26:36,608 [ERROR] [MainThread] [root/api.py:84]: Weather response error 403: API key has reached maximum calls per month allowed limit.
2026-09-01 18:26:46,643 [ERROR] [MainThread] [root/api.py:84]: Weather response error 403: API key has reached maximum calls per month allowed limit.
2026-09-01 18:26:46,643 [WARNING] [MainThread] [root/weather.py:610]: Error processing weather data: Weather data is empty.. Retrying fetch in 10 seconds.
2026-09-01 18:26:46,651 [WARNING] [MainThread] [root/weather.py:610]: Error processing weather data: Weather data is empty.. Retrying fetch in 10 seconds.
2026-09-01 18:26:46,658 [WARNING] [MainThread] [root/weather.py:610]: Error processing weather data: Weather data is empty.. Retrying fetch in 10 seconds.
2026-09-01 18:26:46,666 [ERROR] [MainThread] [root/api.py:84]: Weather response error 403: API key has reached maximum calls per month allowed limit.
2026-09-01 18:26:46,688 [ERROR] [MainThread] [root/api.py:84]: Weather response error 403: API key has reached maximum calls per month allowed limit.
2026-09-01 18:26:56,775 [ERROR] [MainThread] [root/api.py:84]: Weather response error 403: API key has reached maximum calls per month allowed limit.
2026-09-01 18:26:56,775 [WARNING] [MainThread] [root/weather.py:610]: Error processing weather data: Weather data is empty.. Retrying fetch in 10 seconds.
2026-09-01 18:26:56,783 [WARNING] [MainThread] [root/weather.py:610]: Error processing weather data: Weather data is empty.. Retrying fetch in 10 seconds.
2026-09-01 18:26:56,790 [WARNING] [MainThread] [root/weather.py:610]: Error processing weather data: Weather data is empty.. Retrying fetch in 10 seconds.
2026-09-01 18:26:56,810 [ERROR] [MainThread] [root/api.py:84]: Weather response error 403: API key has reached maximum calls per month allowed limit.
2026-09-01 18:26:56,877 [ERROR] [MainThread] [root/api.py:84]: Weather response error 403: API key has reached maximum calls per month allowed limit.
2026-09-01 18:27:06,925 [ERROR] [MainThread] [root/api.py:84]: Weather response error 403: API key has reached maximum calls per month allowed limit.
2026-09-01 18:27:06,926 [WARNING] [MainThread] [root/weather.py:610]: Error processing weather data: Weather data is empty.. Retrying fetch in 10 seconds.
2026-09-01 18:27:06,933 [WARNING] [MainThread] [root/weather.py:610]: Error processing weather data: Weather data is empty.. Retrying fetch in 10 seconds.
2026-09-01 18:27:06,940 [WARNING] [MainThread] [root/weather.py:610]: Error processing weather data: Weather data is empty.. Retrying fetch in 10 seconds.
2026-09-01 18:27:06,948 [ERROR] [MainThread] [root/api.py:84]: Weather response error 403: API key has reached maximum calls per month allowed limit.
2026-09-01 18:27:07,030 [ERROR] [MainThread] [root/api.py:84]: Weather response error 403: API key has reached maximum calls per month allowed limit.
2026-09-01 18:27:17,079 [ERROR] [MainThread] [root/api.py:84]: Weather response error 403: API key has reached maximum calls per month allowed limit.
2026-09-01 18:27:17,079 [WARNING] [MainThread] [root/weather.py:610]: Error processing weather data: Weather data is empty.. Retrying fetch in 10 seconds.
2026-09-01 18:27:17,086 [WARNING] [MainThread] [root/weather.py:610]: Error processing weather data: Weather data is empty.. Retrying fetch in 10 seconds.
2026-09-01 18:27:17,095 [WARNING] [MainThread] [root/weather.py:610]: Error processing weather data: Weather data is empty.. Retrying fetch in 10 seconds.
2026-09-01 18:27:17,105 [ERROR] [MainThread] [root/api.py:84]: Weather response error 403: API key has reached maximum calls per month allowed limit.
2026-09-01 18:27:17,181 [ERROR] [MainThread] [root/api.py:84]: Weather response error 403: API key has reached maximum calls per month allowed limit.
2026-09-01 18:27:27,188 [ERROR] [MainThread] [root/api.py:86]: Weather response error 408: UnknownContentError 299.
Traceback (most recent call last):
  File "D:\a\yasb\yasb\src\core\utils\widgets\weather\api.py", line 80, in handle_response
Exception: Weather response error 408: UnknownContentError 299.

2026-09-01 18:27:27,188 [WARNING] [MainThread] [root/weather.py:610]: Error processing weather data: Weather data is empty.. Retrying fetch in 10 seconds.
2026-09-01 18:27:27,195 [WARNING] [MainThread] [root/weather.py:610]: Error processing weather data: Weather data is empty.. Retrying fetch in 10 seconds.
2026-09-01 18:27:27,203 [WARNING] [MainThread] [root/weather.py:610]: Error processing weather data: Weather data is empty.. Retrying fetch in 10 seconds.
2026-09-01 18:27:27,228 [ERROR] [MainThread] [root/api.py:84]: Weather response error 403: API key has reached maximum calls per month allowed limit.
2026-09-01 18:27:27,251 [ERROR] [MainThread] [root/api.py:84]: Weather response error 403: API key has reached maximum calls per month allowed limit.
2026-09-01 18:27:37,331 [ERROR] [MainThread] [root/api.py:84]: Weather response error 403: API key has reached maximum calls per month allowed limit.
2026-09-01 18:27:37,332 [WARNING] [MainThread] [root/weather.py:610]: Error processing weather data: Weather data is empty.. Retrying fetch in 10 seconds.
2026-09-01 18:27:37,339 [WARNING] [MainThread] [root/weather.py:610]: Error processing weather data: Weather data is empty.. Retrying fetch in 10 seconds.
2026-09-01 18:27:37,346 [WARNING] [MainThread] [root/weather.py:610]: Error processing weather data: Weather data is empty.. Retrying fetch in 10 seconds.
2026-09-01 18:27:37,354 [ERROR] [MainThread] [root/api.py:84]: Weather response error 403: API key has reached maximum calls per month allowed limit.
2026-09-01 18:27:37,376 [ERROR] [MainThread] [root/api.py:84]: Weather response error 403: API key has reached maximum calls per month allowed limit.
2026-09-01 18:27:47,490 [ERROR] [MainThread] [root/api.py:84]: Weather response error 403: API key has reached maximum calls per month allowed limit.
2026-09-01 18:27:47,490 [WARNING] [MainThread] [root/weather.py:610]: Error processing weather data: Weather data is empty.. Retrying fetch in 10 seconds.
2026-09-01 18:27:47,498 [WARNING] [MainThread] [root/weather.py:610]: Error processing weather data: Weather data is empty.. Retrying fetch in 10 seconds.
2026-09-01 18:27:47,506 [WARNING] [MainThread] [root/weather.py:610]: Error processing weather data: Weather data is empty.. Retrying fetch in 10 seconds.
2026-09-01 18:27:47,513 [ERROR] [MainThread] [root/api.py:84]: Weather response error 403: API key has reached maximum calls per month allowed limit.
2026-09-01 18:27:47,537 [ERROR] [MainThread] [root/api.py:84]: Weather response error 403: API key has reached maximum calls per month allowed limit.
2026-09-01 18:27:57,639 [ERROR] [MainThread] [root/api.py:84]: Weather response error 403: API key has reached maximum calls per month allowed limit.
2026-09-01 18:27:57,640 [WARNING] [MainThread] [root/weather.py:610]: Error processing weather data: Weather data is empty.. Retrying fetch in 10 seconds.
2026-09-01 18:27:57,647 [WARNING] [MainThread] [root/weather.py:610]: Error processing weather data: Weather data is empty.. Retrying fetch in 10 seconds.
2026-09-01 18:27:57,655 [WARNING] [MainThread] [root/weather.py:610]: Error processing weather data: Weather data is empty.. Retrying fetch in 10 seconds.
2026-09-01 18:27:57,663 [ERROR] [MainThread] [root/api.py:84]: Weather response error 403: API key has reached maximum calls per month allowed limit.
2026-09-01 18:27:57,685 [ERROR] [MainThread] [root/api.py:84]: Weather response error 403: API key has reached maximum calls per month allowed limit.
2026-09-01 18:28:07,780 [ERROR] [MainThread] [root/api.py:84]: Weather response error 403: API key has reached maximum calls per month allowed limit.
2026-09-01 18:28:07,780 [WARNING] [MainThread] [root/weather.py:610]: Error processing weather data: Weather data is empty.. Retrying fetch in 10 seconds.
2026-09-01 18:28:07,787 [WARNING] [MainThread] [root/weather.py:610]: Error processing weather data: Weather data is empty.. Retrying fetch in 10 seconds.
2026-09-01 18:28:07,795 [WARNING] [MainThread] [root/weather.py:610]: Error processing weather data: Weather data is empty.. Retrying fetch in 10 seconds.
2026-09-01 18:28:07,803 [ERROR] [MainThread] [root/api.py:84]: Weather response error 403: API key has reached maximum calls per month allowed limit.
2026-09-01 18:28:07,825 [ERROR] [MainThread] [root/api.py:84]: Weather response error 403: API key has reached maximum calls per month allowed limit.
2026-09-01 18:28:17,931 [ERROR] [MainThread] [root/api.py:84]: Weather response error 403: API key has reached maximum calls per month allowed limit.
2026-09-01 18:28:17,932 [WARNING] [MainThread] [root/weather.py:610]: Error processing weather data: Weather data is empty.. Retrying fetch in 10 seconds.
2026-09-01 18:28:17,939 [WARNING] [MainThread] [root/weather.py:610]: Error processing weather data: Weather data is empty.. Retrying fetch in 10 seconds.
2026-09-01 18:28:17,947 [WARNING] [MainThread] [root/weather.py:610]: Error processing weather data: Weather data is empty.. Retrying fetch in 10 seconds.
2026-09-01 18:28:17,954 [ERROR] [MainThread] [root/api.py:84]: Weather response error 403: API key has reached maximum calls per month allowed limit.
2026-09-01 18:28:17,976 [ERROR] [MainThread] [root/api.py:84]: Weather response error 403: API key has reached maximum calls per month allowed limit.
2026-09-01 18:28:28,077 [ERROR] [MainThread] [root/api.py:84]: Weather response error 403: API key has reached maximum calls per month allowed limit.
2026-09-01 18:28:28,078 [WARNING] [MainThread] [root/weather.py:610]: Error processing weather data: Weather data is empty.. Retrying fetch in 10 seconds.
2026-09-01 18:28:28,085 [WARNING] [MainThread] [root/weather.py:610]: Error processing weather data: Weather data is empty.. Retrying fetch in 10 seconds.
2026-09-01 18:28:28,092 [WARNING] [MainThread] [root/weather.py:610]: Error processing weather data: Weather data is empty.. Retrying fetch in 10 seconds.
2026-09-01 18:28:28,100 [ERROR] [MainThread] [root/api.py:84]: Weather response error 403: API key has reached maximum calls per month allowed limit.
2026-09-01 18:28:28,125 [ERROR] [MainThread] [root/api.py:84]: Weather response error 403: API key has reached maximum calls per month allowed limit.
2026-09-01 18:28:38,216 [ERROR] [MainThread] [root/api.py:84]: Weather response error 403: API key has reached maximum calls per month allowed limit.
2026-09-01 18:28:38,216 [WARNING] [MainThread] [root/weather.py:610]: Error processing weather data: Weather data is empty.. Retrying fetch in 10 seconds.
2026-09-01 18:28:38,223 [WARNING] [MainThread] [root/weather.py:610]: Error processing weather data: Weather data is empty.. Retrying fetch in 10 seconds.
2026-09-01 18:28:38,231 [WARNING] [MainThread] [root/weather.py:610]: Error processing weather data: Weather data is empty.. Retrying fetch in 10 seconds.
2026-09-01 18:28:38,239 [ERROR] [MainThread] [root/api.py:84]: Weather response error 403: API key has reached maximum calls per month allowed limit.
2026-09-01 18:28:38,261 [ERROR] [MainThread] [root/api.py:84]: Weather response error 403: API key has reached maximum calls per month allowed limit.
2026-09-01 18:28:48,359 [ERROR] [MainThread] [root/api.py:84]: Weather response error 403: API key has reached maximum calls per month allowed limit.
2026-09-01 18:28:48,359 [WARNING] [MainThread] [root/weather.py:610]: Error processing weather data: Weather data is empty.. Retrying fetch in 10 seconds.
2026-09-01 18:28:48,366 [WARNING] [MainThread] [root/weather.py:610]: Error processing weather data: Weather data is empty.. Retrying fetch in 10 seconds.
2026-09-01 18:28:48,374 [WARNING] [MainThread] [root/weather.py:610]: Error processing weather data: Weather data is empty.. Retrying fetch in 10 seconds.
2026-09-01 18:28:48,381 [ERROR] [MainThread] [root/api.py:84]: Weather response error 403: API key has reached maximum calls per month allowed limit.
2026-09-01 18:28:48,404 [ERROR] [MainThread] [root/api.py:84]: Weather response error 403: API key has reached maximum calls per month allowed limit.
2026-09-01 18:28:58,529 [ERROR] [MainThread] [root/api.py:84]: Weather response error 403: API key has reached maximum calls per month allowed limit.
2026-09-01 18:28:58,530 [WARNING] [MainThread] [root/weather.py:610]: Error processing weather data: Weather data is empty.. Retrying fetch in 10 seconds.
2026-09-01 18:28:58,537 [WARNING] [MainThread] [root/weather.py:610]: Error processing weather data: Weather data is empty.. Retrying fetch in 10 seconds.
2026-09-01 18:28:58,544 [WARNING] [MainThread] [root/weather.py:610]: Error processing weather data: Weather data is empty.. Retrying fetch in 10 seconds.
2026-09-01 18:28:58,552 [ERROR] [MainThread] [root/api.py:84]: Weather response error 403: API key has reached maximum calls per month allowed limit.
2026-09-01 18:28:58,574 [ERROR] [MainThread] [root/api.py:84]: Weather response error 403: API key has reached maximum calls per month allowed limit.
2026-09-01 18:29:08,676 [ERROR] [MainThread] [root/api.py:84]: Weather response error 403: API key has reached maximum calls per month allowed limit.
2026-09-01 18:29:08,676 [WARNING] [MainThread] [root/weather.py:610]: Error processing weather data: Weather data is empty.. Retrying fetch in 10 seconds.
2026-09-01 18:29:08,684 [WARNING] [MainThread] [root/weather.py:610]: Error processing weather data: Weather data is empty.. Retrying fetch in 10 seconds.
2026-09-01 18:29:08,691 [WARNING] [MainThread] [root/weather.py:610]: Error processing weather data: Weather data is empty.. Retrying fetch in 10 seconds.
2026-09-01 18:29:08,698 [ERROR] [MainThread] [root/api.py:84]: Weather response error 403: API key has reached maximum calls per month allowed limit.
2026-09-01 18:29:08,721 [ERROR] [MainThread] [root/api.py:84]: Weather response error 403: API key has reached maximum calls per month allowed limit.
2026-09-01 18:29:18,826 [ERROR] [MainThread] [root/api.py:84]: Weather response error 403: API key has reached maximum calls per month allowed limit.
2026-09-01 18:29:18,827 [WARNING] [MainThread] [root/weather.py:610]: Error processing weather data: Weather data is empty.. Retrying fetch in 10 seconds.
2026-09-01 18:29:18,834 [WARNING] [MainThread] [root/weather.py:610]: Error processing weather data: Weather data is empty.. Retrying fetch in 10 seconds.
2026-09-01 18:29:18,842 [WARNING] [MainThread] [root/weather.py:610]: Error processing weather data: Weather data is empty.. Retrying fetch in 10 seconds.
2026-09-01 18:29:18,850 [ERROR] [MainThread] [root/api.py:84]: Weather response error 403: API key has reached maximum calls per month allowed limit.
2026-09-01 18:29:18,871 [ERROR] [MainThread] [root/api.py:84]: Weather response error 403: API key has reached maximum calls per month allowed limit.
2026-09-01 18:29:28,984 [ERROR] [MainThread] [root/api.py:84]: Weather response error 403: API key has reached maximum calls per month allowed limit.
2026-09-01 18:29:28,985 [WARNING] [MainThread] [root/weather.py:610]: Error processing weather data: Weather data is empty.. Retrying fetch in 10 seconds.
2026-09-01 18:29:28,993 [WARNING] [MainThread] [root/weather.py:610]: Error processing weather data: Weather data is empty.. Retrying fetch in 10 seconds.
2026-09-01 18:29:29,001 [WARNING] [MainThread] [root/weather.py:610]: Error processing weather data: Weather data is empty.. Retrying fetch in 10 seconds.
2026-09-01 18:29:29,010 [ERROR] [MainThread] [root/api.py:84]: Weather response error 403: API key has reached maximum calls per month allowed limit.
2026-09-01 18:29:29,033 [ERROR] [MainThread] [root/api.py:84]: Weather response error 403: API key has reached maximum calls per month allowed limit.
2026-09-01 18:29:39,137 [ERROR] [MainThread] [root/api.py:84]: Weather response error 403: API key has reached maximum calls per month allowed limit.
2026-09-01 18:29:39,138 [WARNING] [MainThread] [root/weather.py:610]: Error processing weather data: Weather data is empty.. Retrying fetch in 10 seconds.
2026-09-01 18:29:39,145 [WARNING] [MainThread] [root/weather.py:610]: Error processing weather data: Weather data is empty.. Retrying fetch in 10 seconds.
2026-09-01 18:29:39,153 [WARNING] [MainThread] [root/weather.py:610]: Error processing weather data: Weather data is empty.. Retrying fetch in 10 seconds.
2026-09-01 18:29:39,160 [ERROR] [MainThread] [root/api.py:84]: Weather response error 403: API key has reached maximum calls per month allowed limit.
2026-09-01 18:29:39,182 [ERROR] [MainThread] [root/api.py:84]: Weather response error 403: API key has reached maximum calls per month allowed limit.
2026-09-01 18:29:49,305 [ERROR] [MainThread] [root/api.py:84]: Weather response error 403: API key has reached maximum calls per month allowed limit.
2026-09-01 18:29:49,305 [WARNING] [MainThread] [root/weather.py:610]: Error processing weather data: Weather data is empty.. Retrying fetch in 10 seconds.
2026-09-01 18:29:49,313 [WARNING] [MainThread] [root/weather.py:610]: Error processing weather data: Weather data is empty.. Retrying fetch in 10 seconds.
2026-09-01 18:29:49,321 [WARNING] [MainThread] [root/weather.py:610]: Error processing weather data: Weather data is empty.. Retrying fetch in 10 seconds.
2026-09-01 18:29:49,328 [ERROR] [MainThread] [root/api.py:84]: Weather response error 403: API key has reached maximum calls per month allowed limit.
2026-09-01 18:29:49,351 [ERROR] [MainThread] [root/api.py:84]: Weather response error 403: API key has reached maximum calls per month allowed limit.
2026-09-01 18:29:59,456 [ERROR] [MainThread] [root/api.py:84]: Weather response error 403: API key has reached maximum calls per month allowed limit.
2026-09-01 18:29:59,457 [WARNING] [MainThread] [root/weather.py:610]: Error processing weather data: Weather data is empty.. Retrying fetch in 10 seconds.
2026-09-01 18:29:59,464 [WARNING] [MainThread] [root/weather.py:610]: Error processing weather data: Weather data is empty.. Retrying fetch in 10 seconds.
2026-09-01 18:29:59,472 [WARNING] [MainThread] [root/weather.py:610]: Error processing weather data: Weather data is empty.. Retrying fetch in 10 seconds.
2026-09-01 18:29:59,480 [ERROR] [MainThread] [root/api.py:84]: Weather response error 403: API key has reached maximum calls per month allowed limit.
2026-09-01 18:29:59,502 [ERROR] [MainThread] [root/api.py:84]: Weather response error 403: API key has reached maximum calls per month allowed limit.
2026-09-01 18:30:09,616 [ERROR] [MainThread] [root/api.py:84]: Weather response error 403: API key has reached maximum calls per month allowed limit.
2026-09-01 18:30:09,616 [WARNING] [MainThread] [root/weather.py:610]: Error processing weather data: Weather data is empty.. Retrying fetch in 10 seconds.
2026-09-01 18:30:09,624 [WARNING] [MainThread] [root/weather.py:610]: Error processing weather data: Weather data is empty.. Retrying fetch in 10 seconds.
2026-09-01 18:30:09,631 [WARNING] [MainThread] [root/weather.py:610]: Error processing weather data: Weather data is empty.. Retrying fetch in 10 seconds.
2026-09-01 18:30:09,639 [ERROR] [MainThread] [root/api.py:84]: Weather response error 403: API key has reached maximum calls per month allowed limit.
2026-09-01 18:30:09,661 [ERROR] [MainThread] [root/api.py:84]: Weather response error 403: API key has reached maximum calls per month allowed limit.
2026-09-01 18:30:19,777 [ERROR] [MainThread] [root/api.py:84]: Weather response error 403: API key has reached maximum calls per month allowed limit.
2026-09-01 18:30:19,778 [WARNING] [MainThread] [root/weather.py:610]: Error processing weather data: Weather data is empty.. Retrying fetch in 10 seconds.
2026-09-01 18:30:19,786 [WARNING] [MainThread] [root/weather.py:610]: Error processing weather data: Weather data is empty.. Retrying fetch in 10 seconds.
2026-09-01 18:30:19,793 [WARNING] [MainThread] [root/weather.py:610]: Error processing weather data: Weather data is empty.. Retrying fetch in 10 seconds.
2026-09-01 18:30:19,801 [ERROR] [MainThread] [root/api.py:84]: Weather response error 403: API key has reached maximum calls per month allowed limit.
2026-09-01 18:30:19,853 [ERROR] [MainThread] [root/api.py:84]: Weather response error 403: API key has reached maximum calls per month allowed limit.
2026-09-01 18:30:29,923 [ERROR] [MainThread] [root/api.py:84]: Weather response error 403: API key has reached maximum calls per month allowed limit.
2026-09-01 18:30:29,923 [WARNING] [MainThread] [root/weather.py:610]: Error processing weather data: Weather data is empty.. Retrying fetch in 10 seconds.
2026-09-01 18:30:29,930 [WARNING] [MainThread] [root/weather.py:610]: Error processing weather data: Weather data is empty.. Retrying fetch in 10 seconds.
2026-09-01 18:30:29,938 [WARNING] [MainThread] [root/weather.py:610]: Error processing weather data: Weather data is empty.. Retrying fetch in 10 seconds.
2026-09-01 18:30:29,946 [ERROR] [MainThread] [root/api.py:84]: Weather response error 403: API key has reached maximum calls per month allowed limit.
2026-09-01 18:30:29,971 [ERROR] [MainThread] [root/api.py:84]: Weather response error 403: API key has reached maximum calls per month allowed limit.
2026-09-01 18:30:40,062 [ERROR] [MainThread] [root/api.py:84]: Weather response error 403: API key has reached maximum calls per month allowed limit.
2026-09-01 18:30:40,063 [WARNING] [MainThread] [root/weather.py:610]: Error processing weather data: Weather data is empty.. Retrying fetch in 10 seconds.
2026-09-01 18:30:40,071 [WARNING] [MainThread] [root/weather.py:610]: Error processing weather data: Weather data is empty.. Retrying fetch in 10 seconds.
2026-09-01 18:30:40,079 [WARNING] [MainThread] [root/weather.py:610]: Error processing weather data: Weather data is empty.. Retrying fetch in 10 seconds.
2026-09-01 18:30:40,087 [ERROR] [MainThread] [root/api.py:84]: Weather response error 403: API key has reached maximum calls per month allowed limit.
2026-09-01 18:30:40,111 [ERROR] [MainThread] [root/api.py:84]: Weather response error 403: API key has reached maximum calls per month allowed limit.
2026-09-01 18:30:50,242 [ERROR] [MainThread] [root/api.py:84]: Weather response error 403: API key has reached maximum calls per month allowed limit.
2026-09-01 18:30:50,243 [WARNING] [MainThread] [root/weather.py:610]: Error processing weather data: Weather data is empty.. Retrying fetch in 10 seconds.
2026-09-01 18:30:50,250 [WARNING] [MainThread] [root/weather.py:610]: Error processing weather data: Weather data is empty.. Retrying fetch in 10 seconds.
2026-09-01 18:30:50,258 [WARNING] [MainThread] [root/weather.py:610]: Error processing weather data: Weather data is empty.. Retrying fetch in 10 seconds.
2026-09-01 18:30:50,266 [ERROR] [MainThread] [root/api.py:84]: Weather response error 403: API key has reached maximum calls per month allowed limit.
2026-09-01 18:30:50,288 [ERROR] [MainThread] [root/api.py:84]: Weather response error 403: API key has reached maximum calls per month allowed limit.
2026-09-01 18:31:00,400 [ERROR] [MainThread] [root/api.py:84]: Weather response error 403: API key has reached maximum calls per month allowed limit.
2026-09-01 18:31:00,401 [WARNING] [MainThread] [root/weather.py:610]: Error processing weather data: Weather data is empty.. Retrying fetch in 10 seconds.
2026-09-01 18:31:00,408 [WARNING] [MainThread] [root/weather.py:610]: Error processing weather data: Weather data is empty.. Retrying fetch in 10 seconds.
2026-09-01 18:31:00,415 [WARNING] [MainThread] [root/weather.py:610]: Error processing weather data: Weather data is empty.. Retrying fetch in 10 seconds.
2026-09-01 18:31:00,423 [ERROR] [MainThread] [root/api.py:84]: Weather response error 403: API key has reached maximum calls per month allowed limit.
2026-09-01 18:31:00,445 [ERROR] [MainThread] [root/api.py:84]: Weather response error 403: API key has reached maximum calls per month allowed limit.
2026-09-01 18:31:10,553 [ERROR] [MainThread] [root/api.py:84]: Weather response error 403: API key has reached maximum calls per month allowed limit.
2026-09-01 18:31:10,553 [WARNING] [MainThread] [root/weather.py:610]: Error processing weather data: Weather data is empty.. Retrying fetch in 10 seconds.
2026-09-01 18:31:10,561 [WARNING] [MainThread] [root/weather.py:610]: Error processing weather data: Weather data is empty.. Retrying fetch in 10 seconds.
2026-09-01 18:31:10,569 [WARNING] [MainThread] [root/weather.py:610]: Error processing weather data: Weather data is empty.. Retrying fetch in 10 seconds.
2026-09-01 18:31:10,576 [ERROR] [MainThread] [root/api.py:84]: Weather response error 403: API key has reached maximum calls per month allowed limit.
2026-09-01 18:31:10,599 [ERROR] [MainThread] [root/api.py:84]: Weather response error 403: API key has reached maximum calls per month allowed limit.
2026-09-01 18:31:20,702 [ERROR] [MainThread] [root/api.py:84]: Weather response error 403: API key has reached maximum calls per month allowed limit.
2026-09-01 18:31:20,702 [WARNING] [MainThread] [root/weather.py:610]: Error processing weather data: Weather data is empty.. Retrying fetch in 10 seconds.
2026-09-01 18:31:20,710 [WARNING] [MainThread] [root/weather.py:610]: Error processing weather data: Weather data is empty.. Retrying fetch in 10 seconds.
2026-09-01 18:31:20,718 [WARNING] [MainThread] [root/weather.py:610]: Error processing weather data: Weather data is empty.. Retrying fetch in 10 seconds.
2026-09-01 18:31:20,725 [ERROR] [MainThread] [root/api.py:84]: Weather response error 403: API key has reached maximum calls per month allowed limit.
2026-09-01 18:31:20,805 [ERROR] [MainThread] [root/api.py:84]: Weather response error 403: API key has reached maximum calls per month allowed limit.
2026-09-01 18:31:30,841 [ERROR] [MainThread] [root/api.py:84]: Weather response error 403: API key has reached maximum calls per month allowed limit.
2026-09-01 18:31:30,841 [WARNING] [MainThread] [root/weather.py:610]: Error processing weather data: Weather data is empty.. Retrying fetch in 10 seconds.
2026-09-01 18:31:30,848 [WARNING] [MainThread] [root/weather.py:610]: Error processing weather data: Weather data is empty.. Retrying fetch in 10 seconds.
2026-09-01 18:31:30,856 [WARNING] [MainThread] [root/weather.py:610]: Error processing weather data: Weather data is empty.. Retrying fetch in 10 seconds.
2026-09-01 18:31:30,863 [ERROR] [MainThread] [root/api.py:84]: Weather response error 403: API key has reached maximum calls per month allowed limit.
2026-09-01 18:31:30,886 [ERROR] [MainThread] [root/api.py:84]: Weather response error 403: API key has reached maximum calls per month allowed limit.
2026-09-01 18:31:41,000 [ERROR] [MainThread] [root/api.py:84]: Weather response error 403: API key has reached maximum calls per month allowed limit.
2026-09-01 18:31:41,000 [WARNING] [MainThread] [root/weather.py:610]: Error processing weather data: Weather data is empty.. Retrying fetch in 10 seconds.
2026-09-01 18:31:41,008 [WARNING] [MainThread] [root/weather.py:610]: Error processing weather data: Weather data is empty.. Retrying fetch in 10 seconds.
2026-09-01 18:31:41,016 [WARNING] [MainThread] [root/weather.py:610]: Error processing weather data: Weather data is empty.. Retrying fetch in 10 seconds.
2026-09-01 18:31:41,024 [ERROR] [MainThread] [root/api.py:84]: Weather response error 403: API key has reached maximum calls per month allowed limit.
2026-09-01 18:31:41,046 [ERROR] [MainThread] [root/api.py:84]: Weather response error 403: API key has reached maximum calls per month allowed limit.
2026-09-01 18:31:51,144 [ERROR] [MainThread] [root/api.py:84]: Weather response error 403: API key has reached maximum calls per month allowed limit.
2026-09-01 18:31:51,144 [WARNING] [MainThread] [root/weather.py:610]: Error processing weather data: Weather data is empty.. Retrying fetch in 10 seconds.
2026-09-01 18:31:51,152 [WARNING] [MainThread] [root/weather.py:610]: Error processing weather data: Weather data is empty.. Retrying fetch in 10 seconds.
2026-09-01 18:31:51,160 [WARNING] [MainThread] [root/weather.py:610]: Error processing weather data: Weather data is empty.. Retrying fetch in 10 seconds.
2026-09-01 18:31:51,168 [ERROR] [MainThread] [root/api.py:84]: Weather response error 403: API key has reached maximum calls per month allowed limit.
2026-09-01 18:31:51,190 [ERROR] [MainThread] [root/api.py:84]: Weather response error 403: API key has reached maximum calls per month allowed limit.
2026-09-01 18:32:01,279 [ERROR] [MainThread] [root/api.py:84]: Weather response error 403: API key has reached maximum calls per month allowed limit.
2026-09-01 18:32:01,280 [WARNING] [MainThread] [root/weather.py:610]: Error processing weather data: Weather data is empty.. Retrying fetch in 10 seconds.
2026-09-01 18:32:01,287 [WARNING] [MainThread] [root/weather.py:610]: Error processing weather data: Weather data is empty.. Retrying fetch in 10 seconds.
2026-09-01 18:32:01,295 [WARNING] [MainThread] [root/weather.py:610]: Error processing weather data: Weather data is empty.. Retrying fetch in 10 seconds.
2026-09-01 18:32:01,303 [ERROR] [MainThread] [root/api.py:84]: Weather response error 403: API key has reached maximum calls per month allowed limit.
2026-09-01 18:32:01,327 [ERROR] [MainThread] [root/api.py:84]: Weather response error 403: API key has reached maximum calls per month allowed limit.
2026-09-01 18:32:11,425 [ERROR] [MainThread] [root/api.py:84]: Weather response error 403: API key has reached maximum calls per month allowed limit.
2026-09-01 18:32:11,425 [WARNING] [MainThread] [root/weather.py:610]: Error processing weather data: Weather data is empty.. Retrying fetch in 10 seconds.
2026-09-01 18:32:11,433 [WARNING] [MainThread] [root/weather.py:610]: Error processing weather data: Weather data is empty.. Retrying fetch in 10 seconds.
2026-09-01 18:32:11,441 [WARNING] [MainThread] [root/weather.py:610]: Error processing weather data: Weather data is empty.. Retrying fetch in 10 seconds.
2026-09-01 18:32:11,449 [ERROR] [MainThread] [root/api.py:84]: Weather response error 403: API key has reached maximum calls per month allowed limit.
2026-09-01 18:32:11,471 [ERROR] [MainThread] [root/api.py:84]: Weather response error 403: API key has reached maximum calls per month allowed limit.
2026-09-01 18:32:21,558 [ERROR] [MainThread] [root/api.py:84]: Weather response error 403: API key has reached maximum calls per month allowed limit.
2026-09-01 18:32:21,558 [WARNING] [MainThread] [root/weather.py:610]: Error processing weather data: Weather data is empty.. Retrying fetch in 10 seconds.
2026-09-01 18:32:21,566 [WARNING] [MainThread] [root/weather.py:610]: Error processing weather data: Weather data is empty.. Retrying fetch in 10 seconds.
2026-09-01 18:32:21,573 [WARNING] [MainThread] [root/weather.py:610]: Error processing weather data: Weather data is empty.. Retrying fetch in 10 seconds.
2026-09-01 18:32:21,581 [ERROR] [MainThread] [root/api.py:84]: Weather response error 403: API key has reached maximum calls per month allowed limit.
2026-09-01 18:32:21,659 [ERROR] [MainThread] [root/api.py:84]: Weather response error 403: API key has reached maximum calls per month allowed limit.
2026-09-01 18:32:31,698 [ERROR] [MainThread] [root/api.py:84]: Weather response error 403: API key has reached maximum calls per month allowed limit.
2026-09-01 18:32:31,698 [WARNING] [MainThread] [root/weather.py:610]: Error processing weather data: Weather data is empty.. Retrying fetch in 10 seconds.
2026-09-01 18:32:31,706 [WARNING] [MainThread] [root/weather.py:610]: Error processing weather data: Weather data is empty.. Retrying fetch in 10 seconds.
2026-09-01 18:32:31,713 [WARNING] [MainThread] [root/weather.py:610]: Error processing weather data: Weather data is empty.. Retrying fetch in 10 seconds.
2026-09-01 18:32:31,721 [ERROR] [MainThread] [root/api.py:84]: Weather response error 403: API key has reached maximum calls per month allowed limit.
2026-09-01 18:32:31,746 [ERROR] [MainThread] [root/api.py:84]: Weather response error 403: API key has reached maximum calls per month allowed limit.
2026-09-01 18:32:41,851 [ERROR] [MainThread] [root/api.py:84]: Weather response error 403: API key has reached maximum calls per month allowed limit.
2026-09-01 18:32:41,852 [WARNING] [MainThread] [root/weather.py:610]: Error processing weather data: Weather data is empty.. Retrying fetch in 10 seconds.
2026-09-01 18:32:41,859 [WARNING] [MainThread] [root/weather.py:610]: Error processing weather data: Weather data is empty.. Retrying fetch in 10 seconds.
2026-09-01 18:32:41,867 [WARNING] [MainThread] [root/weather.py:610]: Error processing weather data: Weather data is empty.. Retrying fetch in 10 seconds.
2026-09-01 18:32:41,874 [ERROR] [MainThread] [root/api.py:84]: Weather response error 403: API key has reached maximum calls per month allowed limit.
2026-09-01 18:32:41,898 [ERROR] [MainThread] [root/api.py:84]: Weather response error 403: API key has reached maximum calls per month allowed limit.
2026-09-01 18:32:52,010 [ERROR] [MainThread] [root/api.py:84]: Weather response error 403: API key has reached maximum calls per month allowed limit.
2026-09-01 18:32:52,010 [WARNING] [MainThread] [root/weather.py:610]: Error processing weather data: Weather data is empty.. Retrying fetch in 10 seconds.
2026-09-01 18:32:52,018 [WARNING] [MainThread] [root/weather.py:610]: Error processing weather data: Weather data is empty.. Retrying fetch in 10 seconds.
2026-09-01 18:32:52,026 [WARNING] [MainThread] [root/weather.py:610]: Error processing weather data: Weather data is empty.. Retrying fetch in 10 seconds.
2026-09-01 18:32:52,034 [ERROR] [MainThread] [root/api.py:84]: Weather response error 403: API key has reached maximum calls per month allowed limit.
2026-09-01 18:32:52,062 [ERROR] [MainThread] [root/api.py:84]: Weather response error 403: API key has reached maximum calls per month allowed limit.
2026-09-01 18:32:52,825 [ERROR] [MainThread] [root/api.py:84]: Weather response error 403: API key has reached maximum calls per month allowed limit.
2026-09-01 18:33:02,154 [ERROR] [MainThread] [root/api.py:84]: Weather response error 403: API key has reached maximum calls per month allowed limit.
2026-09-01 18:33:02,155 [WARNING] [MainThread] [root/weather.py:610]: Error processing weather data: Weather data is empty.. Retrying fetch in 10 seconds.
2026-09-01 18:33:02,163 [WARNING] [MainThread] [root/weather.py:610]: Error processing weather data: Weather data is empty.. Retrying fetch in 10 seconds.
2026-09-01 18:33:02,171 [WARNING] [MainThread] [root/weather.py:610]: Error processing weather data: Weather data is empty.. Retrying fetch in 10 seconds.
2026-09-01 18:33:02,180 [ERROR] [MainThread] [root/api.py:84]: Weather response error 403: API key has reached maximum calls per month allowed limit.
2026-09-01 18:33:02,263 [ERROR] [MainThread] [root/api.py:84]: Weather response error 403: API key has reached maximum calls per month allowed limit.
2026-09-01 18:33:12,308 [ERROR] [MainThread] [root/api.py:84]: Weather response error 403: API key has reached maximum calls per month allowed limit.
2026-09-01 18:33:12,308 [WARNING] [MainThread] [root/weather.py:610]: Error processing weather data: Weather data is empty.. Retrying fetch in 10 seconds.
2026-09-01 18:33:12,316 [WARNING] [MainThread] [root/weather.py:610]: Error processing weather data: Weather data is empty.. Retrying fetch in 10 seconds.
2026-09-01 18:33:12,323 [WARNING] [MainThread] [root/weather.py:610]: Error processing weather data: Weather data is empty.. Retrying fetch in 10 seconds.
2026-09-01 18:33:12,332 [ERROR] [MainThread] [root/api.py:84]: Weather response error 403: API key has reached maximum calls per month allowed limit.
2026-09-01 18:33:12,355 [ERROR] [MainThread] [root/api.py:84]: Weather response error 403: API key has reached maximum calls per month allowed limit.
2026-09-01 18:33:22,460 [ERROR] [MainThread] [root/api.py:84]: Weather response error 403: API key has reached maximum calls per month allowed limit.
2026-09-01 18:33:22,460 [WARNING] [MainThread] [root/weather.py:610]: Error processing weather data: Weather data is empty.. Retrying fetch in 10 seconds.
2026-09-01 18:33:22,468 [WARNING] [MainThread] [root/weather.py:610]: Error processing weather data: Weather data is empty.. Retrying fetch in 10 seconds.
2026-09-01 18:33:22,475 [WARNING] [MainThread] [root/weather.py:610]: Error processing weather data: Weather data is empty.. Retrying fetch in 10 seconds.
2026-09-01 18:33:22,484 [ERROR] [MainThread] [root/api.py:84]: Weather response error 403: API key has reached maximum calls per month allowed limit.
2026-09-01 18:33:22,507 [ERROR] [MainThread] [root/api.py:84]: Weather response error 403: API key has reached maximum calls per month allowed limit.
2026-09-01 18:33:32,606 [ERROR] [MainThread] [root/api.py:84]: Weather response error 403: API key has reached maximum calls per month allowed limit.
2026-09-01 18:33:32,606 [WARNING] [MainThread] [root/weather.py:610]: Error processing weather data: Weather data is empty.. Retrying fetch in 10 seconds.
2026-09-01 18:33:32,614 [WARNING] [MainThread] [root/weather.py:610]: Error processing weather data: Weather data is empty.. Retrying fetch in 10 seconds.
2026-09-01 18:33:32,621 [WARNING] [MainThread] [root/weather.py:610]: Error processing weather data: Weather data is empty.. Retrying fetch in 10 seconds.
2026-09-01 18:33:32,632 [ERROR] [MainThread] [root/api.py:84]: Weather response error 403: API key has reached maximum calls per month allowed limit.
2026-09-01 18:33:32,715 [ERROR] [MainThread] [root/api.py:84]: Weather response error 403: API key has reached maximum calls per month allowed limit.
2026-09-01 18:33:42,753 [ERROR] [MainThread] [root/api.py:84]: Weather response error 403: API key has reached maximum calls per month allowed limit.
2026-09-01 18:33:42,753 [WARNING] [MainThread] [root/weather.py:610]: Error processing weather data: Weather data is empty.. Retrying fetch in 10 seconds.
2026-09-01 18:33:42,761 [WARNING] [MainThread] [root/weather.py:610]: Error processing weather data: Weather data is empty.. Retrying fetch in 10 seconds.
2026-09-01 18:33:42,769 [WARNING] [MainThread] [root/weather.py:610]: Error processing weather data: Weather data is empty.. Retrying fetch in 10 seconds.
2026-09-01 18:33:42,777 [ERROR] [MainThread] [root/api.py:84]: Weather response error 403: API key has reached maximum calls per month allowed limit.
2026-09-01 18:33:42,799 [ERROR] [MainThread] [root/api.py:84]: Weather response error 403: API key has reached maximum calls per month allowed limit.
2026-09-01 18:33:52,893 [ERROR] [MainThread] [root/api.py:84]: Weather response error 403: API key has reached maximum calls per month allowed limit.
2026-09-01 18:33:52,894 [WARNING] [MainThread] [root/weather.py:610]: Error processing weather data: Weather data is empty.. Retrying fetch in 10 seconds.
2026-09-01 18:33:52,901 [WARNING] [MainThread] [root/weather.py:610]: Error processing weather data: Weather data is empty.. Retrying fetch in 10 seconds.
2026-09-01 18:33:52,909 [WARNING] [MainThread] [root/weather.py:610]: Error processing weather data: Weather data is empty.. Retrying fetch in 10 seconds.
2026-09-01 18:33:52,952 [ERROR] [MainThread] [root/api.py:84]: Weather response error 403: API key has reached maximum calls per month allowed limit.
2026-09-01 18:33:52,996 [ERROR] [MainThread] [root/api.py:84]: Weather response error 403: API key has reached maximum calls per month allowed limit.
2026-09-01 18:34:03,045 [ERROR] [MainThread] [root/api.py:84]: Weather response error 403: API key has reached maximum calls per month allowed limit.
2026-09-01 18:34:03,045 [WARNING] [MainThread] [root/weather.py:610]: Error processing weather data: Weather data is empty.. Retrying fetch in 10 seconds.
2026-09-01 18:34:03,053 [WARNING] [MainThread] [root/weather.py:610]: Error processing weather data: Weather data is empty.. Retrying fetch in 10 seconds.
2026-09-01 18:34:03,061 [WARNING] [MainThread] [root/weather.py:610]: Error processing weather data: Weather data is empty.. Retrying fetch in 10 seconds.
2026-09-01 18:34:03,069 [ERROR] [MainThread] [root/api.py:84]: Weather response error 403: API key has reached maximum calls per month allowed limit.
2026-09-01 18:34:03,092 [ERROR] [MainThread] [root/api.py:84]: Weather response error 403: API key has reached maximum calls per month allowed limit.
2026-09-01 18:34:13,187 [ERROR] [MainThread] [root/api.py:84]: Weather response error 403: API key has reached maximum calls per month allowed limit.
2026-09-01 18:34:13,187 [WARNING] [MainThread] [root/weather.py:610]: Error processing weather data: Weather data is empty.. Retrying fetch in 10 seconds.
2026-09-01 18:34:13,195 [WARNING] [MainThread] [root/weather.py:610]: Error processing weather data: Weather data is empty.. Retrying fetch in 10 seconds.
2026-09-01 18:34:13,203 [WARNING] [MainThread] [root/weather.py:610]: Error processing weather data: Weather data is empty.. Retrying fetch in 10 seconds.
2026-09-01 18:34:13,211 [ERROR] [MainThread] [root/api.py:84]: Weather response error 403: API key has reached maximum calls per month allowed limit.
2026-09-01 18:34:13,234 [ERROR] [MainThread] [root/api.py:84]: Weather response error 403: API key has reached maximum calls per month allowed limit.
2026-09-01 18:34:23,331 [ERROR] [MainThread] [root/api.py:84]: Weather response error 403: API key has reached maximum calls per month allowed limit.
2026-09-01 18:34:23,332 [WARNING] [MainThread] [root/weather.py:610]: Error processing weather data: Weather data is empty.. Retrying fetch in 10 seconds.
2026-09-01 18:34:23,339 [WARNING] [MainThread] [root/weather.py:610]: Error processing weather data: Weather data is empty.. Retrying fetch in 10 seconds.
2026-09-01 18:34:23,347 [WARNING] [MainThread] [root/weather.py:610]: Error processing weather data: Weather data is empty.. Retrying fetch in 10 seconds.
2026-09-01 18:34:23,355 [ERROR] [MainThread] [root/api.py:84]: Weather response error 403: API key has reached maximum calls per month allowed limit.
2026-09-01 18:34:23,377 [ERROR] [MainThread] [root/api.py:84]: Weather response error 403: API key has reached maximum calls per month allowed limit.
2026-09-01 18:34:33,472 [ERROR] [MainThread] [root/api.py:84]: Weather response error 403: API key has reached maximum calls per month allowed limit.
2026-09-01 18:34:33,472 [WARNING] [MainThread] [root/weather.py:610]: Error processing weather data: Weather data is empty.. Retrying fetch in 10 seconds.
2026-09-01 18:34:33,480 [WARNING] [MainThread] [root/weather.py:610]: Error processing weather data: Weather data is empty.. Retrying fetch in 10 seconds.
2026-09-01 18:34:33,487 [WARNING] [MainThread] [root/weather.py:610]: Error processing weather data: Weather data is empty.. Retrying fetch in 10 seconds.
2026-09-01 18:34:33,495 [ERROR] [MainThread] [root/api.py:84]: Weather response error 403: API key has reached maximum calls per month allowed limit.
2026-09-01 18:34:33,584 [ERROR] [MainThread] [root/api.py:84]: Weather response error 403: API key has reached maximum calls per month allowed limit.
2026-09-01 18:34:43,626 [ERROR] [MainThread] [root/api.py:84]: Weather response error 403: API key has reached maximum calls per month allowed limit.
2026-09-01 18:34:43,626 [WARNING] [MainThread] [root/weather.py:610]: Error processing weather data: Weather data is empty.. Retrying fetch in 10 seconds.
2026-09-01 18:34:43,634 [WARNING] [MainThread] [root/weather.py:610]: Error processing weather data: Weather data is empty.. Retrying fetch in 10 seconds.
2026-09-01 18:34:43,642 [WARNING] [MainThread] [root/weather.py:610]: Error processing weather data: Weather data is empty.. Retrying fetch in 10 seconds.
2026-09-01 18:34:43,651 [ERROR] [MainThread] [root/api.py:84]: Weather response error 403: API key has reached maximum calls per month allowed limit.
2026-09-01 18:34:43,725 [ERROR] [MainThread] [root/api.py:84]: Weather response error 403: API key has reached maximum calls per month allowed limit.
2026-09-01 18:34:53,765 [ERROR] [MainThread] [root/api.py:84]: Weather response error 403: API key has reached maximum calls per month allowed limit.
2026-09-01 18:34:53,765 [WARNING] [MainThread] [root/weather.py:610]: Error processing weather data: Weather data is empty.. Retrying fetch in 10 seconds.
2026-09-01 18:34:53,773 [WARNING] [MainThread] [root/weather.py:610]: Error processing weather data: Weather data is empty.. Retrying fetch in 10 seconds.
2026-09-01 18:34:53,781 [WARNING] [MainThread] [root/weather.py:610]: Error processing weather data: Weather data is empty.. Retrying fetch in 10 seconds.
2026-09-01 18:34:53,789 [ERROR] [MainThread] [root/api.py:84]: Weather response error 403: API key has reached maximum calls per month allowed limit.
2026-09-01 18:34:53,813 [ERROR] [MainThread] [root/api.py:84]: Weather response error 403: API key has reached maximum calls per month allowed limit.
2026-09-01 18:35:03,920 [ERROR] [MainThread] [root/api.py:84]: Weather response error 403: API key has reached maximum calls per month allowed limit.
2026-09-01 18:35:03,921 [WARNING] [MainThread] [root/weather.py:610]: Error processing weather data: Weather data is empty.. Retrying fetch in 10 seconds.
2026-09-01 18:35:03,929 [WARNING] [MainThread] [root/weather.py:610]: Error processing weather data: Weather data is empty.. Retrying fetch in 10 seconds.
2026-09-01 18:35:03,936 [WARNING] [MainThread] [root/weather.py:610]: Error processing weather data: Weather data is empty.. Retrying fetch in 10 seconds.
2026-09-01 18:35:03,944 [ERROR] [MainThread] [root/api.py:84]: Weather response error 403: API key has reached maximum calls per month allowed limit.
2026-09-01 18:35:03,967 [ERROR] [MainThread] [root/api.py:84]: Weather response error 403: API key has reached maximum calls per month allowed limit.
2026-09-01 18:35:14,074 [ERROR] [MainThread] [root/api.py:84]: Weather response error 403: API key has reached maximum calls per month allowed limit.
2026-09-01 18:35:14,075 [WARNING] [MainThread] [root/weather.py:610]: Error processing weather data: Weather data is empty.. Retrying fetch in 10 seconds.
2026-09-01 18:35:14,082 [WARNING] [MainThread] [root/weather.py:610]: Error processing weather data: Weather data is empty.. Retrying fetch in 10 seconds.
2026-09-01 18:35:14,091 [WARNING] [MainThread] [root/weather.py:610]: Error processing weather data: Weather data is empty.. Retrying fetch in 10 seconds.
2026-09-01 18:35:14,100 [ERROR] [MainThread] [root/api.py:84]: Weather response error 403: API key has reached maximum calls per month allowed limit.
2026-09-01 18:35:14,123 [ERROR] [MainThread] [root/api.py:84]: Weather response error 403: API key has reached maximum calls per month allowed limit.
2026-09-01 18:35:24,244 [ERROR] [MainThread] [root/api.py:84]: Weather response error 403: API key has reached maximum calls per month allowed limit.
2026-09-01 18:35:24,245 [WARNING] [MainThread] [root/weather.py:610]: Error processing weather data: Weather data is empty.. Retrying fetch in 10 seconds.
2026-09-01 18:35:24,253 [WARNING] [MainThread] [root/weather.py:610]: Error processing weather data: Weather data is empty.. Retrying fetch in 10 seconds.
2026-09-01 18:35:24,261 [WARNING] [MainThread] [root/weather.py:610]: Error processing weather data: Weather data is empty.. Retrying fetch in 10 seconds.
2026-09-01 18:35:24,345 [ERROR] [MainThread] [root/api.py:84]: Weather response error 403: API key has reached maximum calls per month allowed limit.
2026-09-01 18:35:24,368 [ERROR] [MainThread] [root/api.py:84]: Weather response error 403: API key has reached maximum calls per month allowed limit.
2026-09-01 18:35:34,385 [ERROR] [MainThread] [root/api.py:84]: Weather response error 403: API key has reached maximum calls per month allowed limit.
2026-09-01 18:35:34,385 [WARNING] [MainThread] [root/weather.py:610]: Error processing weather data: Weather data is empty.. Retrying fetch in 10 seconds.
2026-09-01 18:35:34,393 [WARNING] [MainThread] [root/weather.py:610]: Error processing weather data: Weather data is empty.. Retrying fetch in 10 seconds.
2026-09-01 18:35:34,401 [WARNING] [MainThread] [root/weather.py:610]: Error processing weather data: Weather data is empty.. Retrying fetch in 10 seconds.
2026-09-01 18:35:34,409 [ERROR] [MainThread] [root/api.py:84]: Weather response error 403: API key has reached maximum calls per month allowed limit.
2026-09-01 18:35:34,434 [ERROR] [MainThread] [root/api.py:84]: Weather response error 403: API key has reached maximum calls per month allowed limit.
2026-09-01 18:35:44,535 [ERROR] [MainThread] [root/api.py:84]: Weather response error 403: API key has reached maximum calls per month allowed limit.
2026-09-01 18:35:44,535 [WARNING] [MainThread] [root/weather.py:610]: Error processing weather data: Weather data is empty.. Retrying fetch in 10 seconds.
2026-09-01 18:35:44,543 [WARNING] [MainThread] [root/weather.py:610]: Error processing weather data: Weather data is empty.. Retrying fetch in 10 seconds.
2026-09-01 18:35:44,551 [WARNING] [MainThread] [root/weather.py:610]: Error processing weather data: Weather data is empty.. Retrying fetch in 10 seconds.
2026-09-01 18:35:44,559 [ERROR] [MainThread] [root/api.py:84]: Weather response error 403: API key has reached maximum calls per month allowed limit.
2026-09-01 18:35:44,582 [ERROR] [MainThread] [root/api.py:84]: Weather response error 403: API key has reached maximum calls per month allowed limit.
2026-09-01 18:35:54,674 [ERROR] [MainThread] [root/api.py:84]: Weather response error 403: API key has reached maximum calls per month allowed limit.
2026-09-01 18:35:54,675 [WARNING] [MainThread] [root/weather.py:610]: Error processing weather data: Weather data is empty.. Retrying fetch in 10 seconds.
2026-09-01 18:35:54,682 [WARNING] [MainThread] [root/weather.py:610]: Error processing weather data: Weather data is empty.. Retrying fetch in 10 seconds.
2026-09-01 18:35:54,690 [WARNING] [MainThread] [root/weather.py:610]: Error processing weather data: Weather data is empty.. Retrying fetch in 10 seconds.
2026-09-01 18:35:54,698 [ERROR] [MainThread] [root/api.py:84]: Weather response error 403: API key has reached maximum calls per month allowed limit.
2026-09-01 18:35:54,721 [ERROR] [MainThread] [root/api.py:84]: Weather response error 403: API key has reached maximum calls per month allowed limit.
2026-09-01 18:36:04,813 [ERROR] [MainThread] [root/api.py:84]: Weather response error 403: API key has reached maximum calls per month allowed limit.
2026-09-01 18:36:04,813 [WARNING] [MainThread] [root/weather.py:610]: Error processing weather data: Weather data is empty.. Retrying fetch in 10 seconds.
2026-09-01 18:36:04,820 [WARNING] [MainThread] [root/weather.py:610]: Error processing weather data: Weather data is empty.. Retrying fetch in 10 seconds.
2026-09-01 18:36:04,828 [WARNING] [MainThread] [root/weather.py:610]: Error processing weather data: Weather data is empty.. Retrying fetch in 10 seconds.
2026-09-01 18:36:04,836 [ERROR] [MainThread] [root/api.py:84]: Weather response error 403: API key has reached maximum calls per month allowed limit.
2026-09-01 18:36:04,860 [ERROR] [MainThread] [root/api.py:84]: Weather response error 403: API key has reached maximum calls per month allowed limit.
2026-09-01 18:36:14,953 [ERROR] [MainThread] [root/api.py:84]: Weather response error 403: API key has reached maximum calls per month allowed limit.
2026-09-01 18:36:14,953 [WARNING] [MainThread] [root/weather.py:610]: Error processing weather data: Weather data is empty.. Retrying fetch in 10 seconds.
2026-09-01 18:36:14,961 [WARNING] [MainThread] [root/weather.py:610]: Error processing weather data: Weather data is empty.. Retrying fetch in 10 seconds.
2026-09-01 18:36:14,969 [WARNING] [MainThread] [root/weather.py:610]: Error processing weather data: Weather data is empty.. Retrying fetch in 10 seconds.
2026-09-01 18:36:14,978 [ERROR] [MainThread] [root/api.py:84]: Weather response error 403: API key has reached maximum calls per month allowed limit.
2026-09-01 18:36:15,001 [ERROR] [MainThread] [root/api.py:84]: Weather response error 403: API key has reached maximum calls per month allowed limit.
2026-09-01 18:36:25,105 [ERROR] [MainThread] [root/api.py:84]: Weather response error 403: API key has reached maximum calls per month allowed limit.
2026-09-01 18:36:25,106 [WARNING] [MainThread] [root/weather.py:610]: Error processing weather data: Weather data is empty.. Retrying fetch in 10 seconds.
2026-09-01 18:36:25,113 [WARNING] [MainThread] [root/weather.py:610]: Error processing weather data: Weather data is empty.. Retrying fetch in 10 seconds.
2026-09-01 18:36:25,121 [WARNING] [MainThread] [root/weather.py:610]: Error processing weather data: Weather data is empty.. Retrying fetch in 10 seconds.
2026-09-01 18:36:25,129 [ERROR] [MainThread] [root/api.py:84]: Weather response error 403: API key has reached maximum calls per month allowed limit.
2026-09-01 18:36:25,207 [ERROR] [MainThread] [root/api.py:84]: Weather response error 403: API key has reached maximum calls per month allowed limit.
2026-09-01 18:36:35,259 [ERROR] [MainThread] [root/api.py:84]: Weather response error 403: API key has reached maximum calls per month allowed limit.
2026-09-01 18:36:35,260 [WARNING] [MainThread] [root/weather.py:610]: Error processing weather data: Weather data is empty.. Retrying fetch in 10 seconds.
2026-09-01 18:36:35,267 [WARNING] [MainThread] [root/weather.py:610]: Error processing weather data: Weather data is empty.. Retrying fetch in 10 seconds.
2026-09-01 18:36:35,275 [WARNING] [MainThread] [root/weather.py:610]: Error processing weather data: Weather data is empty.. Retrying fetch in 10 seconds.
2026-09-01 18:36:35,284 [ERROR] [MainThread] [root/api.py:84]: Weather response error 403: API key has reached maximum calls per month allowed limit.
2026-09-01 18:36:35,308 [ERROR] [MainThread] [root/api.py:84]: Weather response error 403: API key has reached maximum calls per month allowed limit.
2026-09-01 18:36:45,415 [ERROR] [MainThread] [root/api.py:84]: Weather response error 403: API key has reached maximum calls per month allowed limit.
2026-09-01 18:36:45,415 [WARNING] [MainThread] [root/weather.py:610]: Error processing weather data: Weather data is empty.. Retrying fetch in 10 seconds.
2026-09-01 18:36:45,424 [WARNING] [MainThread] [root/weather.py:610]: Error processing weather data: Weather data is empty.. Retrying fetch in 10 seconds.
2026-09-01 18:36:45,431 [WARNING] [MainThread] [root/weather.py:610]: Error processing weather data: Weather data is empty.. Retrying fetch in 10 seconds.
2026-09-01 18:36:45,439 [ERROR] [MainThread] [root/api.py:84]: Weather response error 403: API key has reached maximum calls per month allowed limit.
2026-09-01 18:36:45,463 [ERROR] [MainThread] [root/api.py:84]: Weather response error 403: API key has reached maximum calls per month allowed limit.
2026-09-01 18:36:55,562 [ERROR] [MainThread] [root/api.py:84]: Weather response error 403: API key has reached maximum calls per month allowed limit.
2026-09-01 18:36:55,563 [WARNING] [MainThread] [root/weather.py:610]: Error processing weather data: Weather data is empty.. Retrying fetch in 10 seconds.
2026-09-01 18:36:55,572 [WARNING] [MainThread] [root/weather.py:610]: Error processing weather data: Weather data is empty.. Retrying fetch in 10 seconds.
2026-09-01 18:36:55,579 [WARNING] [MainThread] [root/weather.py:610]: Error processing weather data: Weather data is empty.. Retrying fetch in 10 seconds.
2026-09-01 18:36:55,587 [ERROR] [MainThread] [root/api.py:84]: Weather response error 403: API key has reached maximum calls per month allowed limit.
2026-09-01 18:36:55,610 [ERROR] [MainThread] [root/api.py:84]: Weather response error 403: API key has reached maximum calls per month allowed limit.
2026-09-01 18:37:05,711 [ERROR] [MainThread] [root/api.py:84]: Weather response error 403: API key has reached maximum calls per month allowed limit.
2026-09-01 18:37:05,711 [WARNING] [MainThread] [root/weather.py:610]: Error processing weather data: Weather data is empty.. Retrying fetch in 10 seconds.
2026-09-01 18:37:05,719 [WARNING] [MainThread] [root/weather.py:610]: Error processing weather data: Weather data is empty.. Retrying fetch in 10 seconds.
2026-09-01 18:37:05,727 [WARNING] [MainThread] [root/weather.py:610]: Error processing weather data: Weather data is empty.. Retrying fetch in 10 seconds.
2026-09-01 18:37:05,735 [ERROR] [MainThread] [root/api.py:84]: Weather response error 403: API key has reached maximum calls per month allowed limit.
2026-09-01 18:37:05,760 [ERROR] [MainThread] [root/api.py:84]: Weather response error 403: API key has reached maximum calls per month allowed limit.
2026-09-01 18:37:15,865 [ERROR] [MainThread] [root/api.py:84]: Weather response error 403: API key has reached maximum calls per month allowed limit.
2026-09-01 18:37:15,865 [WARNING] [MainThread] [root/weather.py:610]: Error processing weather data: Weather data is empty.. Retrying fetch in 10 seconds.
2026-09-01 18:37:15,873 [WARNING] [MainThread] [root/weather.py:610]: Error processing weather data: Weather data is empty.. Retrying fetch in 10 seconds.
2026-09-01 18:37:15,881 [WARNING] [MainThread] [root/weather.py:610]: Error processing weather data: Weather data is empty.. Retrying fetch in 10 seconds.
2026-09-01 18:37:15,889 [ERROR] [MainThread] [root/api.py:84]: Weather response error 403: API key has reached maximum calls per month allowed limit.
2026-09-01 18:37:15,912 [ERROR] [MainThread] [root/api.py:84]: Weather response error 403: API key has reached maximum calls per month allowed limit.
2026-09-01 18:37:26,018 [ERROR] [MainThread] [root/api.py:84]: Weather response error 403: API key has reached maximum calls per month allowed limit.
2026-09-01 18:37:26,019 [WARNING] [MainThread] [root/weather.py:610]: Error processing weather data: Weather data is empty.. Retrying fetch in 10 seconds.
2026-09-01 18:37:26,027 [WARNING] [MainThread] [root/weather.py:610]: Error processing weather data: Weather data is empty.. Retrying fetch in 10 seconds.
2026-09-01 18:37:26,035 [WARNING] [MainThread] [root/weather.py:610]: Error processing weather data: Weather data is empty.. Retrying fetch in 10 seconds.
2026-09-01 18:37:26,046 [ERROR] [MainThread] [root/api.py:84]: Weather response error 403: API key has reached maximum calls per month allowed limit.
2026-09-01 18:37:26,116 [ERROR] [MainThread] [root/api.py:84]: Weather response error 403: API key has reached maximum calls per month allowed limit.
2026-09-01 18:37:36,160 [ERROR] [MainThread] [root/api.py:84]: Weather response error 403: API key has reached maximum calls per month allowed limit.
2026-09-01 18:37:36,161 [WARNING] [MainThread] [root/weather.py:610]: Error processing weather data: Weather data is empty.. Retrying fetch in 10 seconds.
2026-09-01 18:37:36,169 [WARNING] [MainThread] [root/weather.py:610]: Error processing weather data: Weather data is empty.. Retrying fetch in 10 seconds.
2026-09-01 18:37:36,177 [WARNING] [MainThread] [root/weather.py:610]: Error processing weather data: Weather data is empty.. Retrying fetch in 10 seconds.
2026-09-01 18:37:36,185 [ERROR] [MainThread] [root/api.py:84]: Weather response error 403: API key has reached maximum calls per month allowed limit.
2026-09-01 18:37:36,265 [ERROR] [MainThread] [root/api.py:84]: Weather response error 403: API key has reached maximum calls per month allowed limit.
2026-09-01 18:37:46,319 [ERROR] [MainThread] [root/api.py:84]: Weather response error 403: API key has reached maximum calls per month allowed limit.
2026-09-01 18:37:46,319 [WARNING] [MainThread] [root/weather.py:610]: Error processing weather data: Weather data is empty.. Retrying fetch in 10 seconds.
2026-09-01 18:37:46,327 [WARNING] [MainThread] [root/weather.py:610]: Error processing weather data: Weather data is empty.. Retrying fetch in 10 seconds.
2026-09-01 18:37:46,335 [WARNING] [MainThread] [root/weather.py:610]: Error processing weather data: Weather data is empty.. Retrying fetch in 10 seconds.
2026-09-01 18:37:46,343 [ERROR] [MainThread] [root/api.py:84]: Weather response error 403: API key has reached maximum calls per month allowed limit.
2026-09-01 18:37:46,366 [ERROR] [MainThread] [root/api.py:84]: Weather response error 403: API key has reached maximum calls per month allowed limit.
2026-09-01 18:37:56,471 [ERROR] [MainThread] [root/api.py:84]: Weather response error 403: API key has reached maximum calls per month allowed limit.
2026-09-01 18:37:56,471 [WARNING] [MainThread] [root/weather.py:610]: Error processing weather data: Weather data is empty.. Retrying fetch in 10 seconds.
2026-09-01 18:37:56,479 [WARNING] [MainThread] [root/weather.py:610]: Error processing weather data: Weather data is empty.. Retrying fetch in 10 seconds.
2026-09-01 18:37:56,488 [WARNING] [MainThread] [root/weather.py:610]: Error processing weather data: Weather data is empty.. Retrying fetch in 10 seconds.
2026-09-01 18:37:56,496 [ERROR] [MainThread] [root/api.py:84]: Weather response error 403: API key has reached maximum calls per month allowed limit.
2026-09-01 18:37:56,525 [ERROR] [MainThread] [root/api.py:84]: Weather response error 403: API key has reached maximum calls per month allowed limit.
2026-09-01 18:38:06,622 [ERROR] [MainThread] [root/api.py:84]: Weather response error 403: API key has reached maximum calls per month allowed limit.
2026-09-01 18:38:06,622 [WARNING] [MainThread] [root/weather.py:610]: Error processing weather data: Weather data is empty.. Retrying fetch in 10 seconds.
2026-09-01 18:38:06,629 [WARNING] [MainThread] [root/weather.py:610]: Error processing weather data: Weather data is empty.. Retrying fetch in 10 seconds.
2026-09-01 18:38:06,637 [WARNING] [MainThread] [root/weather.py:610]: Error processing weather data: Weather data is empty.. Retrying fetch in 10 seconds.
2026-09-01 18:38:06,645 [ERROR] [MainThread] [root/api.py:84]: Weather response error 403: API key has reached maximum calls per month allowed limit.
2026-09-01 18:38:06,723 [ERROR] [MainThread] [root/api.py:84]: Weather response error 403: API key has reached maximum calls per month allowed limit.
2026-09-01 18:38:16,767 [ERROR] [MainThread] [root/api.py:84]: Weather response error 403: API key has reached maximum calls per month allowed limit.
2026-09-01 18:38:16,767 [WARNING] [MainThread] [root/weather.py:610]: Error processing weather data: Weather data is empty.. Retrying fetch in 10 seconds.
2026-09-01 18:38:16,774 [WARNING] [MainThread] [root/weather.py:610]: Error processing weather data: Weather data is empty.. Retrying fetch in 10 seconds.
2026-09-01 18:38:16,782 [WARNING] [MainThread] [root/weather.py:610]: Error processing weather data: Weather data is empty.. Retrying fetch in 10 seconds.
2026-09-01 18:38:16,790 [ERROR] [MainThread] [root/api.py:84]: Weather response error 403: API key has reached maximum calls per month allowed limit.
2026-09-01 18:38:16,871 [ERROR] [MainThread] [root/api.py:84]: Weather response error 403: API key has reached maximum calls per month allowed limit.
2026-09-01 18:38:26,895 [ERROR] [MainThread] [root/api.py:86]: Weather response error 408: UnknownContentError 299.
Traceback (most recent call last):
  File "D:\a\yasb\yasb\src\core\utils\widgets\weather\api.py", line 80, in handle_response
Exception: Weather response error 408: UnknownContentError 299.

2026-09-01 18:38:26,896 [WARNING] [MainThread] [root/weather.py:610]: Error processing weather data: Weather data is empty.. Retrying fetch in 10 seconds.
2026-09-01 18:38:26,904 [WARNING] [MainThread] [root/weather.py:610]: Error processing weather data: Weather data is empty.. Retrying fetch in 10 seconds.
2026-09-01 18:38:26,912 [WARNING] [MainThread] [root/weather.py:610]: Error processing weather data: Weather data is empty.. Retrying fetch in 10 seconds.
2026-09-01 18:38:26,921 [ERROR] [MainThread] [root/api.py:84]: Weather response error 403: API key has reached maximum calls per month allowed limit.
2026-09-01 18:38:26,947 [ERROR] [MainThread] [root/api.py:84]: Weather response error 403: API key has reached maximum calls per month allowed limit.
2026-09-01 18:38:37,033 [ERROR] [MainThread] [root/api.py:84]: Weather response error 403: API key has reached maximum calls per month allowed limit.
2026-09-01 18:38:37,033 [WARNING] [MainThread] [root/weather.py:610]: Error processing weather data: Weather data is empty.. Retrying fetch in 10 seconds.
2026-09-01 18:38:37,041 [WARNING] [MainThread] [root/weather.py:610]: Error processing weather data: Weather data is empty.. Retrying fetch in 10 seconds.
2026-09-01 18:38:37,048 [WARNING] [MainThread] [root/weather.py:610]: Error processing weather data: Weather data is empty.. Retrying fetch in 10 seconds.
2026-09-01 18:38:37,057 [ERROR] [MainThread] [root/api.py:84]: Weather response error 403: API key has reached maximum calls per month allowed limit.
2026-09-01 18:38:37,082 [ERROR] [MainThread] [root/api.py:84]: Weather response error 403: API key has reached maximum calls per month allowed limit.
2026-09-01 18:38:47,192 [ERROR] [MainThread] [root/api.py:84]: Weather response error 403: API key has reached maximum calls per month allowed limit.
2026-09-01 18:38:47,193 [WARNING] [MainThread] [root/weather.py:610]: Error processing weather data: Weather data is empty.. Retrying fetch in 10 seconds.
2026-09-01 18:38:47,201 [WARNING] [MainThread] [root/weather.py:610]: Error processing weather data: Weather data is empty.. Retrying fetch in 10 seconds.
2026-09-01 18:38:47,208 [WARNING] [MainThread] [root/weather.py:610]: Error processing weather data: Weather data is empty.. Retrying fetch in 10 seconds.
2026-09-01 18:38:47,216 [ERROR] [MainThread] [root/api.py:84]: Weather response error 403: API key has reached maximum calls per month allowed limit.
2026-09-01 18:38:47,240 [ERROR] [MainThread] [root/api.py:84]: Weather response error 403: API key has reached maximum calls per month allowed limit.
2026-09-01 18:38:57,351 [ERROR] [MainThread] [root/api.py:84]: Weather response error 403: API key has reached maximum calls per month allowed limit.
2026-09-01 18:38:57,351 [WARNING] [MainThread] [root/weather.py:610]: Error processing weather data: Weather data is empty.. Retrying fetch in 10 seconds.
2026-09-01 18:38:57,359 [WARNING] [MainThread] [root/weather.py:610]: Error processing weather data: Weather data is empty.. Retrying fetch in 10 seconds.
2026-09-01 18:38:57,367 [WARNING] [MainThread] [root/weather.py:610]: Error processing weather data: Weather data is empty.. Retrying fetch in 10 seconds.
2026-09-01 18:38:57,374 [ERROR] [MainThread] [root/api.py:84]: Weather response error 403: API key has reached maximum calls per month allowed limit.
2026-09-01 18:38:57,428 [ERROR] [MainThread] [root/api.py:84]: Weather response error 403: API key has reached maximum calls per month allowed limit.
2026-09-01 18:39:07,514 [ERROR] [MainThread] [root/api.py:84]: Weather response error 403: API key has reached maximum calls per month allowed limit.
2026-09-01 18:39:07,515 [WARNING] [MainThread] [root/weather.py:610]: Error processing weather data: Weather data is empty.. Retrying fetch in 10 seconds.
2026-09-01 18:39:07,523 [WARNING] [MainThread] [root/weather.py:610]: Error processing weather data: Weather data is empty.. Retrying fetch in 10 seconds.
2026-09-01 18:39:07,532 [WARNING] [MainThread] [root/weather.py:610]: Error processing weather data: Weather data is empty.. Retrying fetch in 10 seconds.
2026-09-01 18:39:07,542 [ERROR] [MainThread] [root/api.py:84]: Weather response error 403: API key has reached maximum calls per month allowed limit.
2026-09-01 18:39:07,569 [ERROR] [MainThread] [root/api.py:84]: Weather response error 403: API key has reached maximum calls per month allowed limit.
2026-09-01 18:39:17,658 [ERROR] [MainThread] [root/api.py:84]: Weather response error 403: API key has reached maximum calls per month allowed limit.
2026-09-01 18:39:17,659 [WARNING] [MainThread] [root/weather.py:610]: Error processing weather data: Weather data is empty.. Retrying fetch in 10 seconds.
2026-09-01 18:39:17,666 [WARNING] [MainThread] [root/weather.py:610]: Error processing weather data: Weather data is empty.. Retrying fetch in 10 seconds.
2026-09-01 18:39:17,675 [WARNING] [MainThread] [root/weather.py:610]: Error processing weather data: Weather data is empty.. Retrying fetch in 10 seconds.
2026-09-01 18:39:17,683 [ERROR] [MainThread] [root/api.py:84]: Weather response error 403: API key has reached maximum calls per month allowed limit.
2026-09-01 18:39:17,707 [ERROR] [MainThread] [root/api.py:84]: Weather response error 403: API key has reached maximum calls per month allowed limit.
2026-09-01 18:39:27,806 [ERROR] [MainThread] [root/api.py:84]: Weather response error 403: API key has reached maximum calls per month allowed limit.
2026-09-01 18:39:27,806 [WARNING] [MainThread] [root/weather.py:610]: Error processing weather data: Weather data is empty.. Retrying fetch in 10 seconds.
2026-09-01 18:39:27,814 [WARNING] [MainThread] [root/weather.py:610]: Error processing weather data: Weather data is empty.. Retrying fetch in 10 seconds.
2026-09-01 18:39:27,822 [WARNING] [MainThread] [root/weather.py:610]: Error processing weather data: Weather data is empty.. Retrying fetch in 10 seconds.
2026-09-01 18:39:27,831 [ERROR] [MainThread] [root/api.py:84]: Weather response error 403: API key has reached maximum calls per month allowed limit.
2026-09-01 18:39:27,854 [ERROR] [MainThread] [root/api.py:84]: Weather response error 403: API key has reached maximum calls per month allowed limit.
2026-09-01 18:39:37,956 [ERROR] [MainThread] [root/api.py:84]: Weather response error 403: API key has reached maximum calls per month allowed limit.
2026-09-01 18:39:37,956 [WARNING] [MainThread] [root/weather.py:610]: Error processing weather data: Weather data is empty.. Retrying fetch in 10 seconds.
2026-09-01 18:39:37,964 [WARNING] [MainThread] [root/weather.py:610]: Error processing weather data: Weather data is empty.. Retrying fetch in 10 seconds.
2026-09-01 18:39:37,972 [WARNING] [MainThread] [root/weather.py:610]: Error processing weather data: Weather data is empty.. Retrying fetch in 10 seconds.
2026-09-01 18:39:37,980 [ERROR] [MainThread] [root/api.py:84]: Weather response error 403: API key has reached maximum calls per month allowed limit.
2026-09-01 18:39:38,003 [ERROR] [MainThread] [root/api.py:84]: Weather response error 403: API key has reached maximum calls per month allowed limit.
2026-09-01 18:39:48,099 [ERROR] [MainThread] [root/api.py:84]: Weather response error 403: API key has reached maximum calls per month allowed limit.
2026-09-01 18:39:48,099 [WARNING] [MainThread] [root/weather.py:610]: Error processing weather data: Weather data is empty.. Retrying fetch in 10 seconds.
2026-09-01 18:39:48,107 [WARNING] [MainThread] [root/weather.py:610]: Error processing weather data: Weather data is empty.. Retrying fetch in 10 seconds.
2026-09-01 18:39:48,115 [WARNING] [MainThread] [root/weather.py:610]: Error processing weather data: Weather data is empty.. Retrying fetch in 10 seconds.
2026-09-01 18:39:48,123 [ERROR] [MainThread] [root/api.py:84]: Weather response error 403: API key has reached maximum calls per month allowed limit.
2026-09-01 18:39:48,147 [ERROR] [MainThread] [root/api.py:84]: Weather response error 403: API key has reached maximum calls per month allowed limit.
2026-09-01 18:39:58,276 [ERROR] [MainThread] [root/api.py:84]: Weather response error 403: API key has reached maximum calls per month allowed limit.
2026-09-01 18:39:58,276 [WARNING] [MainThread] [root/weather.py:610]: Error processing weather data: Weather data is empty.. Retrying fetch in 10 seconds.
2026-09-01 18:39:58,284 [WARNING] [MainThread] [root/weather.py:610]: Error processing weather data: Weather data is empty.. Retrying fetch in 10 seconds.
2026-09-01 18:39:58,292 [WARNING] [MainThread] [root/weather.py:610]: Error processing weather data: Weather data is empty.. Retrying fetch in 10 seconds.
2026-09-01 18:39:58,300 [ERROR] [MainThread] [root/api.py:84]: Weather response error 403: API key has reached maximum calls per month allowed limit.
2026-09-01 18:39:58,323 [ERROR] [MainThread] [root/api.py:84]: Weather response error 403: API key has reached maximum calls per month allowed limit.
2026-09-01 18:40:08,422 [ERROR] [MainThread] [root/api.py:84]: Weather response error 403: API key has reached maximum calls per month allowed limit.
2026-09-01 18:40:08,422 [WARNING] [MainThread] [root/weather.py:610]: Error processing weather data: Weather data is empty.. Retrying fetch in 10 seconds.
2026-09-01 18:40:08,431 [WARNING] [MainThread] [root/weather.py:610]: Error processing weather data: Weather data is empty.. Retrying fetch in 10 seconds.
2026-09-01 18:40:08,438 [WARNING] [MainThread] [root/weather.py:610]: Error processing weather data: Weather data is empty.. Retrying fetch in 10 seconds.
2026-09-01 18:40:08,447 [ERROR] [MainThread] [root/api.py:84]: Weather response error 403: API key has reached maximum calls per month allowed limit.
2026-09-01 18:40:08,470 [ERROR] [MainThread] [root/api.py:84]: Weather response error 403: API key has reached maximum calls per month allowed limit.
2026-09-01 18:40:18,573 [ERROR] [MainThread] [root/api.py:84]: Weather response error 403: API key has reached maximum calls per month allowed limit.
2026-09-01 18:40:18,574 [WARNING] [MainThread] [root/weather.py:610]: Error processing weather data: Weather data is empty.. Retrying fetch in 10 seconds.
2026-09-01 18:40:18,581 [WARNING] [MainThread] [root/weather.py:610]: Error processing weather data: Weather data is empty.. Retrying fetch in 10 seconds.
2026-09-01 18:40:18,589 [WARNING] [MainThread] [root/weather.py:610]: Error processing weather data: Weather data is empty.. Retrying fetch in 10 seconds.
2026-09-01 18:40:18,597 [ERROR] [MainThread] [root/api.py:84]: Weather response error 403: API key has reached maximum calls per month allowed limit.
2026-09-01 18:40:18,621 [ERROR] [MainThread] [root/api.py:84]: Weather response error 403: API key has reached maximum calls per month allowed limit.
2026-09-01 18:40:28,715 [ERROR] [MainThread] [root/api.py:84]: Weather response error 403: API key has reached maximum calls per month allowed limit.
2026-09-01 18:40:28,715 [WARNING] [MainThread] [root/weather.py:610]: Error processing weather data: Weather data is empty.. Retrying fetch in 10 seconds.
2026-09-01 18:40:28,723 [WARNING] [MainThread] [root/weather.py:610]: Error processing weather data: Weather data is empty.. Retrying fetch in 10 seconds.
2026-09-01 18:40:28,732 [WARNING] [MainThread] [root/weather.py:610]: Error processing weather data: Weather data is empty.. Retrying fetch in 10 seconds.
2026-09-01 18:40:28,742 [ERROR] [MainThread] [root/api.py:84]: Weather response error 403: API key has reached maximum calls per month allowed limit.
2026-09-01 18:40:28,768 [ERROR] [MainThread] [root/api.py:84]: Weather response error 403: API key has reached maximum calls per month allowed limit.
2026-09-01 18:40:38,868 [ERROR] [MainThread] [root/api.py:84]: Weather response error 403: API key has reached maximum calls per month allowed limit.
2026-09-01 18:40:38,868 [WARNING] [MainThread] [root/weather.py:610]: Error processing weather data: Weather data is empty.. Retrying fetch in 10 seconds.
2026-09-01 18:40:38,876 [WARNING] [MainThread] [root/weather.py:610]: Error processing weather data: Weather data is empty.. Retrying fetch in 10 seconds.
2026-09-01 18:40:38,884 [WARNING] [MainThread] [root/weather.py:610]: Error processing weather data: Weather data is empty.. Retrying fetch in 10 seconds.
2026-09-01 18:40:38,893 [ERROR] [MainThread] [root/api.py:84]: Weather response error 403: API key has reached maximum calls per month allowed limit.
2026-09-01 18:40:38,916 [ERROR] [MainThread] [root/api.py:84]: Weather response error 403: API key has reached maximum calls per month allowed limit.
2026-09-01 18:40:49,013 [ERROR] [MainThread] [root/api.py:84]: Weather response error 403: API key has reached maximum calls per month allowed limit.
2026-09-01 18:40:49,013 [WARNING] [MainThread] [root/weather.py:610]: Error processing weather data: Weather data is empty.. Retrying fetch in 10 seconds.
2026-09-01 18:40:49,021 [WARNING] [MainThread] [root/weather.py:610]: Error processing weather data: Weather data is empty.. Retrying fetch in 10 seconds.
2026-09-01 18:40:49,029 [WARNING] [MainThread] [root/weather.py:610]: Error processing weather data: Weather data is empty.. Retrying fetch in 10 seconds.
2026-09-01 18:40:49,037 [ERROR] [MainThread] [root/api.py:84]: Weather response error 403: API key has reached maximum calls per month allowed limit.
2026-09-01 18:40:49,061 [ERROR] [MainThread] [root/api.py:84]: Weather response error 403: API key has reached maximum calls per month allowed limit.
2026-09-01 18:40:59,156 [ERROR] [MainThread] [root/api.py:84]: Weather response error 403: API key has reached maximum calls per month allowed limit.
2026-09-01 18:40:59,157 [WARNING] [MainThread] [root/weather.py:610]: Error processing weather data: Weather data is empty.. Retrying fetch in 10 seconds.
2026-09-01 18:40:59,165 [WARNING] [MainThread] [root/weather.py:610]: Error processing weather data: Weather data is empty.. Retrying fetch in 10 seconds.
2026-09-01 18:40:59,173 [WARNING] [MainThread] [root/weather.py:610]: Error processing weather data: Weather data is empty.. Retrying fetch in 10 seconds.
2026-09-01 18:40:59,182 [ERROR] [MainThread] [root/api.py:84]: Weather response error 403: API key has reached maximum calls per month allowed limit.
2026-09-01 18:40:59,208 [ERROR] [MainThread] [root/api.py:84]: Weather response error 403: API key has reached maximum calls per month allowed limit.
2026-09-01 18:41:09,297 [ERROR] [MainThread] [root/api.py:84]: Weather response error 403: API key has reached maximum calls per month allowed limit.
2026-09-01 18:41:09,298 [WARNING] [MainThread] [root/weather.py:610]: Error processing weather data: Weather data is empty.. Retrying fetch in 10 seconds.
2026-09-01 18:41:09,306 [WARNING] [MainThread] [root/weather.py:610]: Error processing weather data: Weather data is empty.. Retrying fetch in 10 seconds.
2026-09-01 18:41:09,313 [WARNING] [MainThread] [root/weather.py:610]: Error processing weather data: Weather data is empty.. Retrying fetch in 10 seconds.
2026-09-01 18:41:09,322 [ERROR] [MainThread] [root/api.py:84]: Weather response error 403: API key has reached maximum calls per month allowed limit.
2026-09-01 18:41:09,348 [ERROR] [MainThread] [root/api.py:84]: Weather response error 403: API key has reached maximum calls per month allowed limit.
2026-09-01 18:41:19,444 [ERROR] [MainThread] [root/api.py:84]: Weather response error 403: API key has reached maximum calls per month allowed limit.
2026-09-01 18:41:19,445 [WARNING] [MainThread] [root/weather.py:610]: Error processing weather data: Weather data is empty.. Retrying fetch in 10 seconds.
2026-09-01 18:41:19,453 [WARNING] [MainThread] [root/weather.py:610]: Error processing weather data: Weather data is empty.. Retrying fetch in 10 seconds.
2026-09-01 18:41:19,461 [WARNING] [MainThread] [root/weather.py:610]: Error processing weather data: Weather data is empty.. Retrying fetch in 10 seconds.
2026-09-01 18:41:19,470 [ERROR] [MainThread] [root/api.py:84]: Weather response error 403: API key has reached maximum calls per month allowed limit.
2026-09-01 18:41:19,493 [ERROR] [MainThread] [root/api.py:84]: Weather response error 403: API key has reached maximum calls per month allowed limit.
2026-09-01 18:41:29,600 [ERROR] [MainThread] [root/api.py:84]: Weather response error 403: API key has reached maximum calls per month allowed limit.
2026-09-01 18:41:29,600 [WARNING] [MainThread] [root/weather.py:610]: Error processing weather data: Weather data is empty.. Retrying fetch in 10 seconds.
2026-09-01 18:41:29,609 [WARNING] [MainThread] [root/weather.py:610]: Error processing weather data: Weather data is empty.. Retrying fetch in 10 seconds.
2026-09-01 18:41:29,617 [WARNING] [MainThread] [root/weather.py:610]: Error processing weather data: Weather data is empty.. Retrying fetch in 10 seconds.
2026-09-01 18:41:29,625 [ERROR] [MainThread] [root/api.py:84]: Weather response error 403: API key has reached maximum calls per month allowed limit.
2026-09-01 18:41:29,649 [ERROR] [MainThread] [root/api.py:84]: Weather response error 403: API key has reached maximum calls per month allowed limit.
2026-09-01 18:41:39,749 [ERROR] [MainThread] [root/api.py:84]: Weather response error 403: API key has reached maximum calls per month allowed limit.
2026-09-01 18:41:39,749 [WARNING] [MainThread] [root/weather.py:610]: Error processing weather data: Weather data is empty.. Retrying fetch in 10 seconds.
2026-09-01 18:41:39,757 [WARNING] [MainThread] [root/weather.py:610]: Error processing weather data: Weather data is empty.. Retrying fetch in 10 seconds.
2026-09-01 18:41:39,765 [WARNING] [MainThread] [root/weather.py:610]: Error processing weather data: Weather data is empty.. Retrying fetch in 10 seconds.
2026-09-01 18:41:39,774 [ERROR] [MainThread] [root/api.py:84]: Weather response error 403: API key has reached maximum calls per month allowed limit.
2026-09-01 18:41:39,854 [ERROR] [MainThread] [root/api.py:84]: Weather response error 403: API key has reached maximum calls per month allowed limit.
2026-09-01 18:41:49,894 [ERROR] [MainThread] [root/api.py:84]: Weather response error 403: API key has reached maximum calls per month allowed limit.
2026-09-01 18:41:49,894 [WARNING] [MainThread] [root/weather.py:610]: Error processing weather data: Weather data is empty.. Retrying fetch in 10 seconds.
2026-09-01 18:41:49,902 [WARNING] [MainThread] [root/weather.py:610]: Error processing weather data: Weather data is empty.. Retrying fetch in 10 seconds.
2026-09-01 18:41:49,910 [WARNING] [MainThread] [root/weather.py:610]: Error processing weather data: Weather data is empty.. Retrying fetch in 10 seconds.
2026-09-01 18:41:49,919 [ERROR] [MainThread] [root/api.py:84]: Weather response error 403: API key has reached maximum calls per month allowed limit.
2026-09-01 18:41:49,942 [ERROR] [MainThread] [root/api.py:84]: Weather response error 403: API key has reached maximum calls per month allowed limit.
2026-09-01 18:42:00,058 [ERROR] [MainThread] [root/api.py:84]: Weather response error 403: API key has reached maximum calls per month allowed limit.
2026-09-01 18:42:00,059 [WARNING] [MainThread] [root/weather.py:610]: Error processing weather data: Weather data is empty.. Retrying fetch in 10 seconds.
2026-09-01 18:42:00,067 [WARNING] [MainThread] [root/weather.py:610]: Error processing weather data: Weather data is empty.. Retrying fetch in 10 seconds.
2026-09-01 18:42:00,076 [WARNING] [MainThread] [root/weather.py:610]: Error processing weather data: Weather data is empty.. Retrying fetch in 10 seconds.
2026-09-01 18:42:00,085 [ERROR] [MainThread] [root/api.py:84]: Weather response error 403: API key has reached maximum calls per month allowed limit.
2026-09-01 18:42:00,109 [ERROR] [MainThread] [root/api.py:84]: Weather response error 403: API key has reached maximum calls per month allowed limit.
2026-09-01 18:42:10,203 [ERROR] [MainThread] [root/api.py:84]: Weather response error 403: API key has reached maximum calls per month allowed limit.
2026-09-01 18:42:10,203 [WARNING] [MainThread] [root/weather.py:610]: Error processing weather data: Weather data is empty.. Retrying fetch in 10 seconds.
2026-09-01 18:42:10,211 [WARNING] [MainThread] [root/weather.py:610]: Error processing weather data: Weather data is empty.. Retrying fetch in 10 seconds.
2026-09-01 18:42:10,220 [WARNING] [MainThread] [root/weather.py:610]: Error processing weather data: Weather data is empty.. Retrying fetch in 10 seconds.
2026-09-01 18:42:10,228 [ERROR] [MainThread] [root/api.py:84]: Weather response error 403: API key has reached maximum calls per month allowed limit.
2026-09-01 18:42:10,251 [ERROR] [MainThread] [root/api.py:84]: Weather response error 403: API key has reached maximum calls per month allowed limit.
2026-09-01 18:42:20,346 [ERROR] [MainThread] [root/api.py:84]: Weather response error 403: API key has reached maximum calls per month allowed limit.
2026-09-01 18:42:20,347 [WARNING] [MainThread] [root/weather.py:610]: Error processing weather data: Weather data is empty.. Retrying fetch in 10 seconds.
2026-09-01 18:42:20,355 [WARNING] [MainThread] [root/weather.py:610]: Error processing weather data: Weather data is empty.. Retrying fetch in 10 seconds.
2026-09-01 18:42:20,363 [WARNING] [MainThread] [root/weather.py:610]: Error processing weather data: Weather data is empty.. Retrying fetch in 10 seconds.
2026-09-01 18:42:20,371 [ERROR] [MainThread] [root/api.py:84]: Weather response error 403: API key has reached maximum calls per month allowed limit.
2026-09-01 18:42:20,399 [ERROR] [MainThread] [root/api.py:84]: Weather response error 403: API key has reached maximum calls per month allowed limit.
2026-09-01 18:42:30,487 [ERROR] [MainThread] [root/api.py:84]: Weather response error 403: API key has reached maximum calls per month allowed limit.
2026-09-01 18:42:30,488 [WARNING] [MainThread] [root/weather.py:610]: Error processing weather data: Weather data is empty.. Retrying fetch in 10 seconds.
2026-09-01 18:42:30,496 [WARNING] [MainThread] [root/weather.py:610]: Error processing weather data: Weather data is empty.. Retrying fetch in 10 seconds.
2026-09-01 18:42:30,504 [WARNING] [MainThread] [root/weather.py:610]: Error processing weather data: Weather data is empty.. Retrying fetch in 10 seconds.
2026-09-01 18:42:30,513 [ERROR] [MainThread] [root/api.py:84]: Weather response error 403: API key has reached maximum calls per month allowed limit.
2026-09-01 18:42:30,542 [ERROR] [MainThread] [root/api.py:84]: Weather response error 403: API key has reached maximum calls per month allowed limit.
2026-09-01 18:42:40,653 [ERROR] [MainThread] [root/api.py:84]: Weather response error 403: API key has reached maximum calls per month allowed limit.
2026-09-01 18:42:40,653 [WARNING] [MainThread] [root/weather.py:610]: Error processing weather data: Weather data is empty.. Retrying fetch in 10 seconds.
2026-09-01 18:42:40,661 [WARNING] [MainThread] [root/weather.py:610]: Error processing weather data: Weather data is empty.. Retrying fetch in 10 seconds.
2026-09-01 18:42:40,669 [WARNING] [MainThread] [root/weather.py:610]: Error processing weather data: Weather data is empty.. Retrying fetch in 10 seconds.
2026-09-01 18:42:40,690 [ERROR] [MainThread] [root/api.py:84]: Weather response error 403: API key has reached maximum calls per month allowed limit.
2026-09-01 18:42:40,747 [ERROR] [MainThread] [root/api.py:84]: Weather response error 403: API key has reached maximum calls per month allowed limit.
2026-09-01 18:42:50,794 [ERROR] [MainThread] [root/api.py:84]: Weather response error 403: API key has reached maximum calls per month allowed limit.
2026-09-01 18:42:50,795 [WARNING] [MainThread] [root/weather.py:610]: Error processing weather data: Weather data is empty.. Retrying fetch in 10 seconds.
2026-09-01 18:42:50,803 [WARNING] [MainThread] [root/weather.py:610]: Error processing weather data: Weather data is empty.. Retrying fetch in 10 seconds.
2026-09-01 18:42:50,811 [WARNING] [MainThread] [root/weather.py:610]: Error processing weather data: Weather data is empty.. Retrying fetch in 10 seconds.
2026-09-01 18:42:50,819 [ERROR] [MainThread] [root/api.py:84]: Weather response error 403: API key has reached maximum calls per month allowed limit.
2026-09-01 18:42:50,845 [ERROR] [MainThread] [root/api.py:84]: Weather response error 403: API key has reached maximum calls per month allowed limit.
2026-09-01 18:42:52,831 [ERROR] [MainThread] [root/api.py:84]: Weather response error 403: API key has reached maximum calls per month allowed limit.
2026-09-01 18:43:01,025 [ERROR] [MainThread] [root/api.py:84]: Weather response error 403: API key has reached maximum calls per month allowed limit.
2026-09-01 18:43:01,026 [WARNING] [MainThread] [root/weather.py:610]: Error processing weather data: Weather data is empty.. Retrying fetch in 10 seconds.
2026-09-01 18:43:01,034 [WARNING] [MainThread] [root/weather.py:610]: Error processing weather data: Weather data is empty.. Retrying fetch in 10 seconds.
2026-09-01 18:43:01,042 [WARNING] [MainThread] [root/weather.py:610]: Error processing weather data: Weather data is empty.. Retrying fetch in 10 seconds.
2026-09-01 18:43:01,052 [ERROR] [MainThread] [root/api.py:84]: Weather response error 403: API key has reached maximum calls per month allowed limit.
2026-09-01 18:43:01,076 [ERROR] [MainThread] [root/api.py:84]: Weather response error 403: API key has reached maximum calls per month allowed limit.
2026-09-01 18:43:11,176 [ERROR] [MainThread] [root/api.py:84]: Weather response error 403: API key has reached maximum calls per month allowed limit.
2026-09-01 18:43:11,177 [WARNING] [MainThread] [root/weather.py:610]: Error processing weather data: Weather data is empty.. Retrying fetch in 10 seconds.
2026-09-01 18:43:11,186 [WARNING] [MainThread] [root/weather.py:610]: Error processing weather data: Weather data is empty.. Retrying fetch in 10 seconds.
2026-09-01 18:43:11,194 [WARNING] [MainThread] [root/weather.py:610]: Error processing weather data: Weather data is empty.. Retrying fetch in 10 seconds.
2026-09-01 18:43:11,202 [ERROR] [MainThread] [root/api.py:84]: Weather response error 403: API key has reached maximum calls per month allowed limit.
2026-09-01 18:43:11,226 [ERROR] [MainThread] [root/api.py:84]: Weather response error 403: API key has reached maximum calls per month allowed limit.
2026-09-01 18:43:21,313 [ERROR] [MainThread] [root/api.py:84]: Weather response error 403: API key has reached maximum calls per month allowed limit.
2026-09-01 18:43:21,314 [WARNING] [MainThread] [root/weather.py:610]: Error processing weather data: Weather data is empty.. Retrying fetch in 10 seconds.
2026-09-01 18:43:21,322 [WARNING] [MainThread] [root/weather.py:610]: Error processing weather data: Weather data is empty.. Retrying fetch in 10 seconds.
2026-09-01 18:43:21,330 [WARNING] [MainThread] [root/weather.py:610]: Error processing weather data: Weather data is empty.. Retrying fetch in 10 seconds.
2026-09-01 18:43:21,342 [ERROR] [MainThread] [root/api.py:84]: Weather response error 403: API key has reached maximum calls per month allowed limit.
2026-09-01 18:43:21,379 [ERROR] [MainThread] [root/api.py:84]: Weather response error 403: API key has reached maximum calls per month allowed limit.
2026-09-01 18:43:31,454 [ERROR] [MainThread] [root/api.py:84]: Weather response error 403: API key has reached maximum calls per month allowed limit.
2026-09-01 18:43:31,454 [WARNING] [MainThread] [root/weather.py:610]: Error processing weather data: Weather data is empty.. Retrying fetch in 10 seconds.
2026-09-01 18:43:31,462 [WARNING] [MainThread] [root/weather.py:610]: Error processing weather data: Weather data is empty.. Retrying fetch in 10 seconds.
2026-09-01 18:43:31,470 [WARNING] [MainThread] [root/weather.py:610]: Error processing weather data: Weather data is empty.. Retrying fetch in 10 seconds.
2026-09-01 18:43:31,479 [ERROR] [MainThread] [root/api.py:84]: Weather response error 403: API key has reached maximum calls per month allowed limit.
2026-09-01 18:43:31,505 [ERROR] [MainThread] [root/api.py:84]: Weather response error 403: API key has reached maximum calls per month allowed limit.
2026-09-01 18:43:41,606 [ERROR] [MainThread] [root/api.py:84]: Weather response error 403: API key has reached maximum calls per month allowed limit.
2026-09-01 18:43:41,607 [WARNING] [MainThread] [root/weather.py:610]: Error processing weather data: Weather data is empty.. Retrying fetch in 10 seconds.
2026-09-01 18:43:41,614 [WARNING] [MainThread] [root/weather.py:610]: Error processing weather data: Weather data is empty.. Retrying fetch in 10 seconds.
2026-09-01 18:43:41,623 [WARNING] [MainThread] [root/weather.py:610]: Error processing weather data: Weather data is empty.. Retrying fetch in 10 seconds.
2026-09-01 18:43:41,685 [ERROR] [MainThread] [root/api.py:84]: Weather response error 403: API key has reached maximum calls per month allowed limit.
2026-09-01 18:43:41,712 [ERROR] [MainThread] [root/api.py:84]: Weather response error 403: API key has reached maximum calls per month allowed limit.
2026-09-01 18:43:51,761 [ERROR] [MainThread] [root/api.py:84]: Weather response error 403: API key has reached maximum calls per month allowed limit.
2026-09-01 18:43:51,762 [WARNING] [MainThread] [root/weather.py:610]: Error processing weather data: Weather data is empty.. Retrying fetch in 10 seconds.
2026-09-01 18:43:51,770 [WARNING] [MainThread] [root/weather.py:610]: Error processing weather data: Weather data is empty.. Retrying fetch in 10 seconds.
2026-09-01 18:43:51,778 [WARNING] [MainThread] [root/weather.py:610]: Error processing weather data: Weather data is empty.. Retrying fetch in 10 seconds.
2026-09-01 18:43:51,786 [ERROR] [MainThread] [root/api.py:84]: Weather response error 403: API key has reached maximum calls per month allowed limit.
2026-09-01 18:43:51,809 [ERROR] [MainThread] [root/api.py:84]: Weather response error 403: API key has reached maximum calls per month allowed limit.
2026-09-01 18:44:01,923 [ERROR] [MainThread] [root/api.py:84]: Weather response error 403: API key has reached maximum calls per month allowed limit.
2026-09-01 18:44:01,923 [WARNING] [MainThread] [root/weather.py:610]: Error processing weather data: Weather data is empty.. Retrying fetch in 10 seconds.
2026-09-01 18:44:01,931 [WARNING] [MainThread] [root/weather.py:610]: Error processing weather data: Weather data is empty.. Retrying fetch in 10 seconds.
2026-09-01 18:44:01,939 [WARNING] [MainThread] [root/weather.py:610]: Error processing weather data: Weather data is empty.. Retrying fetch in 10 seconds.
2026-09-01 18:44:01,947 [ERROR] [MainThread] [root/api.py:84]: Weather response error 403: API key has reached maximum calls per month allowed limit.
2026-09-01 18:44:02,017 [ERROR] [MainThread] [root/api.py:84]: Weather response error 403: API key has reached maximum calls per month allowed limit.
2026-09-01 18:44:12,061 [ERROR] [MainThread] [root/api.py:84]: Weather response error 403: API key has reached maximum calls per month allowed limit.
2026-09-01 18:44:12,061 [WARNING] [MainThread] [root/weather.py:610]: Error processing weather data: Weather data is empty.. Retrying fetch in 10 seconds.
2026-09-01 18:44:12,069 [WARNING] [MainThread] [root/weather.py:610]: Error processing weather data: Weather data is empty.. Retrying fetch in 10 seconds.
2026-09-01 18:44:12,078 [WARNING] [MainThread] [root/weather.py:610]: Error processing weather data: Weather data is empty.. Retrying fetch in 10 seconds.
2026-09-01 18:44:12,087 [ERROR] [MainThread] [root/api.py:84]: Weather response error 403: API key has reached maximum calls per month allowed limit.
2026-09-01 18:44:12,112 [ERROR] [MainThread] [root/api.py:84]: Weather response error 403: API key has reached maximum calls per month allowed limit.
2026-09-01 18:44:22,229 [ERROR] [MainThread] [root/api.py:84]: Weather response error 403: API key has reached maximum calls per month allowed limit.
2026-09-01 18:44:22,229 [WARNING] [MainThread] [root/weather.py:610]: Error processing weather data: Weather data is empty.. Retrying fetch in 10 seconds.
2026-09-01 18:44:22,237 [WARNING] [MainThread] [root/weather.py:610]: Error processing weather data: Weather data is empty.. Retrying fetch in 10 seconds.
2026-09-01 18:44:22,245 [WARNING] [MainThread] [root/weather.py:610]: Error processing weather data: Weather data is empty.. Retrying fetch in 10 seconds.
2026-09-01 18:44:22,253 [ERROR] [MainThread] [root/api.py:84]: Weather response error 403: API key has reached maximum calls per month allowed limit.
2026-09-01 18:44:22,277 [ERROR] [MainThread] [root/api.py:84]: Weather response error 403: API key has reached maximum calls per month allowed limit.
2026-09-01 18:44:32,372 [ERROR] [MainThread] [root/api.py:84]: Weather response error 403: API key has reached maximum calls per month allowed limit.
2026-09-01 18:44:32,373 [WARNING] [MainThread] [root/weather.py:610]: Error processing weather data: Weather data is empty.. Retrying fetch in 10 seconds.
2026-09-01 18:44:32,381 [WARNING] [MainThread] [root/weather.py:610]: Error processing weather data: Weather data is empty.. Retrying fetch in 10 seconds.
2026-09-01 18:44:32,389 [WARNING] [MainThread] [root/weather.py:610]: Error processing weather data: Weather data is empty.. Retrying fetch in 10 seconds.
2026-09-01 18:44:32,397 [ERROR] [MainThread] [root/api.py:84]: Weather response error 403: API key has reached maximum calls per month allowed limit.
2026-09-01 18:44:32,422 [ERROR] [MainThread] [root/api.py:84]: Weather response error 403: API key has reached maximum calls per month allowed limit.
2026-09-01 18:44:42,521 [ERROR] [MainThread] [root/api.py:84]: Weather response error 403: API key has reached maximum calls per month allowed limit.
2026-09-01 18:44:42,521 [WARNING] [MainThread] [root/weather.py:610]: Error processing weather data: Weather data is empty.. Retrying fetch in 10 seconds.
2026-09-01 18:44:42,530 [WARNING] [MainThread] [root/weather.py:610]: Error processing weather data: Weather data is empty.. Retrying fetch in 10 seconds.
2026-09-01 18:44:42,538 [WARNING] [MainThread] [root/weather.py:610]: Error processing weather data: Weather data is empty.. Retrying fetch in 10 seconds.
2026-09-01 18:44:42,547 [ERROR] [MainThread] [root/api.py:84]: Weather response error 403: API key has reached maximum calls per month allowed limit.
2026-09-01 18:44:42,575 [ERROR] [MainThread] [root/api.py:84]: Weather response error 403: API key has reached maximum calls per month allowed limit.
2026-09-01 18:44:52,677 [ERROR] [MainThread] [root/api.py:84]: Weather response error 403: API key has reached maximum calls per month allowed limit.
2026-09-01 18:44:52,678 [WARNING] [MainThread] [root/weather.py:610]: Error processing weather data: Weather data is empty.. Retrying fetch in 10 seconds.
2026-09-01 18:44:52,686 [WARNING] [MainThread] [root/weather.py:610]: Error processing weather data: Weather data is empty.. Retrying fetch in 10 seconds.
2026-09-01 18:44:52,694 [WARNING] [MainThread] [root/weather.py:610]: Error processing weather data: Weather data is empty.. Retrying fetch in 10 seconds.
2026-09-01 18:44:52,702 [ERROR] [MainThread] [root/api.py:84]: Weather response error 403: API key has reached maximum calls per month allowed limit.
2026-09-01 18:44:52,726 [ERROR] [MainThread] [root/api.py:84]: Weather response error 403: API key has reached maximum calls per month allowed limit.
2026-09-01 18:45:02,817 [ERROR] [MainThread] [root/api.py:84]: Weather response error 403: API key has reached maximum calls per month allowed limit.
2026-09-01 18:45:02,817 [WARNING] [MainThread] [root/weather.py:610]: Error processing weather data: Weather data is empty.. Retrying fetch in 10 seconds.
2026-09-01 18:45:02,825 [WARNING] [MainThread] [root/weather.py:610]: Error processing weather data: Weather data is empty.. Retrying fetch in 10 seconds.
2026-09-01 18:45:02,833 [WARNING] [MainThread] [root/weather.py:610]: Error processing weather data: Weather data is empty.. Retrying fetch in 10 seconds.
2026-09-01 18:45:02,842 [ERROR] [MainThread] [root/api.py:84]: Weather response error 403: API key has reached maximum calls per month allowed limit.
2026-09-01 18:45:02,867 [ERROR] [MainThread] [root/api.py:84]: Weather response error 403: API key has reached maximum calls per month allowed limit.
2026-09-01 18:45:12,952 [ERROR] [MainThread] [root/api.py:84]: Weather response error 403: API key has reached maximum calls per month allowed limit.
2026-09-01 18:45:12,953 [WARNING] [MainThread] [root/weather.py:610]: Error processing weather data: Weather data is empty.. Retrying fetch in 10 seconds.
2026-09-01 18:45:12,960 [WARNING] [MainThread] [root/weather.py:610]: Error processing weather data: Weather data is empty.. Retrying fetch in 10 seconds.
2026-09-01 18:45:12,969 [WARNING] [MainThread] [root/weather.py:610]: Error processing weather data: Weather data is empty.. Retrying fetch in 10 seconds.
2026-09-01 18:45:12,978 [ERROR] [MainThread] [root/api.py:84]: Weather response error 403: API key has reached maximum calls per month allowed limit.
2026-09-01 18:45:13,005 [ERROR] [MainThread] [root/api.py:84]: Weather response error 403: API key has reached maximum calls per month allowed limit.
2026-09-01 18:45:23,091 [ERROR] [MainThread] [root/api.py:84]: Weather response error 403: API key has reached maximum calls per month allowed limit.
2026-09-01 18:45:23,091 [WARNING] [MainThread] [root/weather.py:610]: Error processing weather data: Weather data is empty.. Retrying fetch in 10 seconds.
2026-09-01 18:45:23,100 [WARNING] [MainThread] [root/weather.py:610]: Error processing weather data: Weather data is empty.. Retrying fetch in 10 seconds.
2026-09-01 18:45:23,108 [WARNING] [MainThread] [root/weather.py:610]: Error processing weather data: Weather data is empty.. Retrying fetch in 10 seconds.
2026-09-01 18:45:23,120 [ERROR] [MainThread] [root/api.py:84]: Weather response error 403: API key has reached maximum calls per month allowed limit.
2026-09-01 18:45:23,144 [ERROR] [MainThread] [root/api.py:84]: Weather response error 403: API key has reached maximum calls per month allowed limit.
2026-09-01 18:45:33,247 [ERROR] [MainThread] [root/api.py:84]: Weather response error 403: API key has reached maximum calls per month allowed limit.
2026-09-01 18:45:33,248 [WARNING] [MainThread] [root/weather.py:610]: Error processing weather data: Weather data is empty.. Retrying fetch in 10 seconds.
2026-09-01 18:45:33,257 [WARNING] [MainThread] [root/weather.py:610]: Error processing weather data: Weather data is empty.. Retrying fetch in 10 seconds.
2026-09-01 18:45:33,265 [WARNING] [MainThread] [root/weather.py:610]: Error processing weather data: Weather data is empty.. Retrying fetch in 10 seconds.
2026-09-01 18:45:33,275 [ERROR] [MainThread] [root/api.py:84]: Weather response error 403: API key has reached maximum calls per month allowed limit.
2026-09-01 18:45:33,300 [ERROR] [MainThread] [root/api.py:84]: Weather response error 403: API key has reached maximum calls per month allowed limit.
2026-09-01 18:45:43,397 [ERROR] [MainThread] [root/api.py:84]: Weather response error 403: API key has reached maximum calls per month allowed limit.
2026-09-01 18:45:43,397 [WARNING] [MainThread] [root/weather.py:610]: Error processing weather data: Weather data is empty.. Retrying fetch in 10 seconds.
2026-09-01 18:45:43,406 [WARNING] [MainThread] [root/weather.py:610]: Error processing weather data: Weather data is empty.. Retrying fetch in 10 seconds.
2026-09-01 18:45:43,414 [WARNING] [MainThread] [root/weather.py:610]: Error processing weather data: Weather data is empty.. Retrying fetch in 10 seconds.
2026-09-01 18:45:43,423 [ERROR] [MainThread] [root/api.py:84]: Weather response error 403: API key has reached maximum calls per month allowed limit.
2026-09-01 18:45:43,450 [ERROR] [MainThread] [root/api.py:84]: Weather response error 403: API key has reached maximum calls per month allowed limit.
2026-09-01 18:45:53,549 [ERROR] [MainThread] [root/api.py:84]: Weather response error 403: API key has reached maximum calls per month allowed limit.
2026-09-01 18:45:53,550 [WARNING] [MainThread] [root/weather.py:610]: Error processing weather data: Weather data is empty.. Retrying fetch in 10 seconds.
2026-09-01 18:45:53,558 [WARNING] [MainThread] [root/weather.py:610]: Error processing weather data: Weather data is empty.. Retrying fetch in 10 seconds.
2026-09-01 18:45:53,566 [WARNING] [MainThread] [root/weather.py:610]: Error processing weather data: Weather data is empty.. Retrying fetch in 10 seconds.
2026-09-01 18:45:53,574 [ERROR] [MainThread] [root/api.py:84]: Weather response error 403: API key has reached maximum calls per month allowed limit.
2026-09-01 18:45:53,599 [ERROR] [MainThread] [root/api.py:84]: Weather response error 403: API key has reached maximum calls per month allowed limit.
2026-09-01 18:46:03,705 [ERROR] [MainThread] [root/api.py:84]: Weather response error 403: API key has reached maximum calls per month allowed limit.
2026-09-01 18:46:03,705 [WARNING] [MainThread] [root/weather.py:610]: Error processing weather data: Weather data is empty.. Retrying fetch in 10 seconds.
2026-09-01 18:46:03,713 [WARNING] [MainThread] [root/weather.py:610]: Error processing weather data: Weather data is empty.. Retrying fetch in 10 seconds.
2026-09-01 18:46:03,722 [WARNING] [MainThread] [root/weather.py:610]: Error processing weather data: Weather data is empty.. Retrying fetch in 10 seconds.
2026-09-01 18:46:03,731 [ERROR] [MainThread] [root/api.py:84]: Weather response error 403: API key has reached maximum calls per month allowed limit.
2026-09-01 18:46:03,758 [ERROR] [MainThread] [root/api.py:84]: Weather response error 403: API key has reached maximum calls per month allowed limit.
2026-09-01 18:46:13,843 [ERROR] [MainThread] [root/api.py:84]: Weather response error 403: API key has reached maximum calls per month allowed limit.
2026-09-01 18:46:13,844 [WARNING] [MainThread] [root/weather.py:610]: Error processing weather data: Weather data is empty.. Retrying fetch in 10 seconds.
2026-09-01 18:46:13,853 [WARNING] [MainThread] [root/weather.py:610]: Error processing weather data: Weather data is empty.. Retrying fetch in 10 seconds.
2026-09-01 18:46:13,861 [WARNING] [MainThread] [root/weather.py:610]: Error processing weather data: Weather data is empty.. Retrying fetch in 10 seconds.
2026-09-01 18:46:13,870 [ERROR] [MainThread] [root/api.py:84]: Weather response error 403: API key has reached maximum calls per month allowed limit.
2026-09-01 18:46:13,895 [ERROR] [MainThread] [root/api.py:84]: Weather response error 403: API key has reached maximum calls per month allowed limit.
2026-09-01 18:46:24,000 [ERROR] [MainThread] [root/api.py:84]: Weather response error 403: API key has reached maximum calls per month allowed limit.
2026-09-01 18:46:24,001 [WARNING] [MainThread] [root/weather.py:610]: Error processing weather data: Weather data is empty.. Retrying fetch in 10 seconds.
2026-09-01 18:46:24,009 [WARNING] [MainThread] [root/weather.py:610]: Error processing weather data: Weather data is empty.. Retrying fetch in 10 seconds.
2026-09-01 18:46:24,018 [WARNING] [MainThread] [root/weather.py:610]: Error processing weather data: Weather data is empty.. Retrying fetch in 10 seconds.
2026-09-01 18:46:24,027 [ERROR] [MainThread] [root/api.py:84]: Weather response error 403: API key has reached maximum calls per month allowed limit.
2026-09-01 18:46:24,052 [ERROR] [MainThread] [root/api.py:84]: Weather response error 403: API key has reached maximum calls per month allowed limit.
2026-09-01 18:46:34,141 [ERROR] [MainThread] [root/api.py:84]: Weather response error 403: API key has reached maximum calls per month allowed limit.
2026-09-01 18:46:34,141 [WARNING] [MainThread] [root/weather.py:610]: Error processing weather data: Weather data is empty.. Retrying fetch in 10 seconds.
2026-09-01 18:46:34,150 [WARNING] [MainThread] [root/weather.py:610]: Error processing weather data: Weather data is empty.. Retrying fetch in 10 seconds.
2026-09-01 18:46:34,158 [WARNING] [MainThread] [root/weather.py:610]: Error processing weather data: Weather data is empty.. Retrying fetch in 10 seconds.
2026-09-01 18:46:34,168 [ERROR] [MainThread] [root/api.py:84]: Weather response error 403: API key has reached maximum calls per month allowed limit.
2026-09-01 18:46:34,193 [ERROR] [MainThread] [root/api.py:84]: Weather response error 403: API key has reached maximum calls per month allowed limit.
2026-09-01 18:46:44,308 [ERROR] [MainThread] [root/api.py:84]: Weather response error 403: API key has reached maximum calls per month allowed limit.
2026-09-01 18:46:44,308 [WARNING] [MainThread] [root/weather.py:610]: Error processing weather data: Weather data is empty.. Retrying fetch in 10 seconds.
2026-09-01 18:46:44,316 [WARNING] [MainThread] [root/weather.py:610]: Error processing weather data: Weather data is empty.. Retrying fetch in 10 seconds.
2026-09-01 18:46:44,325 [WARNING] [MainThread] [root/weather.py:610]: Error processing weather data: Weather data is empty.. Retrying fetch in 10 seconds.
2026-09-01 18:46:44,333 [ERROR] [MainThread] [root/api.py:84]: Weather response error 403: API key has reached maximum calls per month allowed limit.
2026-09-01 18:46:44,392 [ERROR] [MainThread] [root/api.py:84]: Weather response error 403: API key has reached maximum calls per month allowed limit.
2026-09-01 18:46:54,465 [ERROR] [MainThread] [root/api.py:84]: Weather response error 403: API key has reached maximum calls per month allowed limit.
2026-09-01 18:46:54,465 [WARNING] [MainThread] [root/weather.py:610]: Error processing weather data: Weather data is empty.. Retrying fetch in 10 seconds.
2026-09-01 18:46:54,473 [WARNING] [MainThread] [root/weather.py:610]: Error processing weather data: Weather data is empty.. Retrying fetch in 10 seconds.
2026-09-01 18:46:54,481 [WARNING] [MainThread] [root/weather.py:610]: Error processing weather data: Weather data is empty.. Retrying fetch in 10 seconds.
2026-09-01 18:46:54,489 [ERROR] [MainThread] [root/api.py:84]: Weather response error 403: API key has reached maximum calls per month allowed limit.
2026-09-01 18:46:54,515 [ERROR] [MainThread] [root/api.py:84]: Weather response error 403: API key has reached maximum calls per month allowed limit.
2026-09-01 18:47:04,610 [ERROR] [MainThread] [root/api.py:84]: Weather response error 403: API key has reached maximum calls per month allowed limit.
2026-09-01 18:47:04,610 [WARNING] [MainThread] [root/weather.py:610]: Error processing weather data: Weather data is empty.. Retrying fetch in 10 seconds.
2026-09-01 18:47:04,618 [WARNING] [MainThread] [root/weather.py:610]: Error processing weather data: Weather data is empty.. Retrying fetch in 10 seconds.
2026-09-01 18:47:04,626 [WARNING] [MainThread] [root/weather.py:610]: Error processing weather data: Weather data is empty.. Retrying fetch in 10 seconds.
2026-09-01 18:47:04,635 [ERROR] [MainThread] [root/api.py:84]: Weather response error 403: API key has reached maximum calls per month allowed limit.
2026-09-01 18:47:04,661 [ERROR] [MainThread] [root/api.py:84]: Weather response error 403: API key has reached maximum calls per month allowed limit.
2026-09-01 18:47:14,760 [ERROR] [MainThread] [root/api.py:84]: Weather response error 403: API key has reached maximum calls per month allowed limit.
2026-09-01 18:47:14,760 [WARNING] [MainThread] [root/weather.py:610]: Error processing weather data: Weather data is empty.. Retrying fetch in 10 seconds.
2026-09-01 18:47:14,769 [WARNING] [MainThread] [root/weather.py:610]: Error processing weather data: Weather data is empty.. Retrying fetch in 10 seconds.
2026-09-01 18:47:14,777 [WARNING] [MainThread] [root/weather.py:610]: Error processing weather data: Weather data is empty.. Retrying fetch in 10 seconds.
2026-09-01 18:47:14,785 [ERROR] [MainThread] [root/api.py:84]: Weather response error 403: API key has reached maximum calls per month allowed limit.
2026-09-01 18:47:14,809 [ERROR] [MainThread] [root/api.py:84]: Weather response error 403: API key has reached maximum calls per month allowed limit.
2026-09-01 18:47:24,910 [ERROR] [MainThread] [root/api.py:84]: Weather response error 403: API key has reached maximum calls per month allowed limit.
2026-09-01 18:47:24,910 [WARNING] [MainThread] [root/weather.py:610]: Error processing weather data: Weather data is empty.. Retrying fetch in 10 seconds.
2026-09-01 18:47:24,918 [WARNING] [MainThread] [root/weather.py:610]: Error processing weather data: Weather data is empty.. Retrying fetch in 10 seconds.
2026-09-01 18:47:24,927 [WARNING] [MainThread] [root/weather.py:610]: Error processing weather data: Weather data is empty.. Retrying fetch in 10 seconds.
2026-09-01 18:47:24,935 [ERROR] [MainThread] [root/api.py:84]: Weather response error 403: API key has reached maximum calls per month allowed limit.
2026-09-01 18:47:24,959 [ERROR] [MainThread] [root/api.py:84]: Weather response error 403: API key has reached maximum calls per month allowed limit.
2026-09-01 18:47:35,067 [ERROR] [MainThread] [root/api.py:84]: Weather response error 403: API key has reached maximum calls per month allowed limit.
2026-09-01 18:47:35,067 [WARNING] [MainThread] [root/weather.py:610]: Error processing weather data: Weather data is empty.. Retrying fetch in 10 seconds.
2026-09-01 18:47:35,076 [WARNING] [MainThread] [root/weather.py:610]: Error processing weather data: Weather data is empty.. Retrying fetch in 10 seconds.
2026-09-01 18:47:35,084 [WARNING] [MainThread] [root/weather.py:610]: Error processing weather data: Weather data is empty.. Retrying fetch in 10 seconds.
2026-09-01 18:47:35,092 [ERROR] [MainThread] [root/api.py:84]: Weather response error 403: API key has reached maximum calls per month allowed limit.
2026-09-01 18:47:35,116 [ERROR] [MainThread] [root/api.py:84]: Weather response error 403: API key has reached maximum calls per month allowed limit.
2026-09-01 18:47:45,205 [ERROR] [MainThread] [root/api.py:84]: Weather response error 403: API key has reached maximum calls per month allowed limit.
2026-09-01 18:47:45,205 [WARNING] [MainThread] [root/weather.py:610]: Error processing weather data: Weather data is empty.. Retrying fetch in 10 seconds.
2026-09-01 18:47:45,213 [WARNING] [MainThread] [root/weather.py:610]: Error processing weather data: Weather data is empty.. Retrying fetch in 10 seconds.
2026-09-01 18:47:45,221 [WARNING] [MainThread] [root/weather.py:610]: Error processing weather data: Weather data is empty.. Retrying fetch in 10 seconds.
2026-09-01 18:47:45,230 [ERROR] [MainThread] [root/api.py:84]: Weather response error 403: API key has reached maximum calls per month allowed limit.
2026-09-01 18:47:45,258 [ERROR] [MainThread] [root/api.py:84]: Weather response error 403: API key has reached maximum calls per month allowed limit.
2026-09-01 18:47:55,341 [ERROR] [MainThread] [root/api.py:84]: Weather response error 403: API key has reached maximum calls per month allowed limit.
2026-09-01 18:47:55,341 [WARNING] [MainThread] [root/weather.py:610]: Error processing weather data: Weather data is empty.. Retrying fetch in 10 seconds.
2026-09-01 18:47:55,350 [WARNING] [MainThread] [root/weather.py:610]: Error processing weather data: Weather data is empty.. Retrying fetch in 10 seconds.
2026-09-01 18:47:55,358 [WARNING] [MainThread] [root/weather.py:610]: Error processing weather data: Weather data is empty.. Retrying fetch in 10 seconds.
2026-09-01 18:47:55,366 [ERROR] [MainThread] [root/api.py:84]: Weather response error 403: API key has reached maximum calls per month allowed limit.
2026-09-01 18:47:55,391 [ERROR] [MainThread] [root/api.py:84]: Weather response error 403: API key has reached maximum calls per month allowed limit.
2026-09-01 18:48:05,489 [ERROR] [MainThread] [root/api.py:84]: Weather response error 403: API key has reached maximum calls per month allowed limit.
2026-09-01 18:48:05,489 [WARNING] [MainThread] [root/weather.py:610]: Error processing weather data: Weather data is empty.. Retrying fetch in 10 seconds.
2026-09-01 18:48:05,497 [WARNING] [MainThread] [root/weather.py:610]: Error processing weather data: Weather data is empty.. Retrying fetch in 10 seconds.
2026-09-01 18:48:05,505 [WARNING] [MainThread] [root/weather.py:610]: Error processing weather data: Weather data is empty.. Retrying fetch in 10 seconds.
2026-09-01 18:48:05,591 [ERROR] [MainThread] [root/api.py:84]: Weather response error 403: API key has reached maximum calls per month allowed limit.
2026-09-01 18:48:05,617 [ERROR] [MainThread] [root/api.py:84]: Weather response error 403: API key has reached maximum calls per month allowed limit.
2026-09-01 18:48:15,624 [ERROR] [MainThread] [root/api.py:84]: Weather response error 403: API key has reached maximum calls per month allowed limit.
2026-09-01 18:48:15,624 [WARNING] [MainThread] [root/weather.py:610]: Error processing weather data: Weather data is empty.. Retrying fetch in 10 seconds.
2026-09-01 18:48:15,632 [WARNING] [MainThread] [root/weather.py:610]: Error processing weather data: Weather data is empty.. Retrying fetch in 10 seconds.
2026-09-01 18:48:15,641 [WARNING] [MainThread] [root/weather.py:610]: Error processing weather data: Weather data is empty.. Retrying fetch in 10 seconds.
2026-09-01 18:48:15,650 [ERROR] [MainThread] [root/api.py:84]: Weather response error 403: API key has reached maximum calls per month allowed limit.
2026-09-01 18:48:15,724 [ERROR] [MainThread] [root/api.py:84]: Weather response error 403: API key has reached maximum calls per month allowed limit.
2026-09-01 18:48:25,773 [ERROR] [MainThread] [root/api.py:84]: Weather response error 403: API key has reached maximum calls per month allowed limit.
2026-09-01 18:48:25,774 [WARNING] [MainThread] [root/weather.py:610]: Error processing weather data: Weather data is empty.. Retrying fetch in 10 seconds.
2026-09-01 18:48:25,782 [WARNING] [MainThread] [root/weather.py:610]: Error processing weather data: Weather data is empty.. Retrying fetch in 10 seconds.
2026-09-01 18:48:25,790 [WARNING] [MainThread] [root/weather.py:610]: Error processing weather data: Weather data is empty.. Retrying fetch in 10 seconds.
2026-09-01 18:48:25,799 [ERROR] [MainThread] [root/api.py:84]: Weather response error 403: API key has reached maximum calls per month allowed limit.
2026-09-01 18:48:25,823 [ERROR] [MainThread] [root/api.py:84]: Weather response error 403: API key has reached maximum calls per month allowed limit.
2026-09-01 18:48:35,929 [ERROR] [MainThread] [root/api.py:84]: Weather response error 403: API key has reached maximum calls per month allowed limit.
2026-09-01 18:48:35,929 [WARNING] [MainThread] [root/weather.py:610]: Error processing weather data: Weather data is empty.. Retrying fetch in 10 seconds.
2026-09-01 18:48:35,937 [WARNING] [MainThread] [root/weather.py:610]: Error processing weather data: Weather data is empty.. Retrying fetch in 10 seconds.
2026-09-01 18:48:35,945 [WARNING] [MainThread] [root/weather.py:610]: Error processing weather data: Weather data is empty.. Retrying fetch in 10 seconds.
2026-09-01 18:48:35,954 [ERROR] [MainThread] [root/api.py:84]: Weather response error 403: API key has reached maximum calls per month allowed limit.
2026-09-01 18:48:36,024 [ERROR] [MainThread] [root/api.py:84]: Weather response error 403: API key has reached maximum calls per month allowed limit.
2026-09-01 18:48:46,124 [ERROR] [MainThread] [root/api.py:84]: Weather response error 403: API key has reached maximum calls per month allowed limit.
2026-09-01 18:48:46,125 [WARNING] [MainThread] [root/weather.py:610]: Error processing weather data: Weather data is empty.. Retrying fetch in 10 seconds.
2026-09-01 18:48:46,133 [WARNING] [MainThread] [root/weather.py:610]: Error processing weather data: Weather data is empty.. Retrying fetch in 10 seconds.
2026-09-01 18:48:46,141 [WARNING] [MainThread] [root/weather.py:610]: Error processing weather data: Weather data is empty.. Retrying fetch in 10 seconds.
2026-09-01 18:48:46,150 [ERROR] [MainThread] [root/api.py:84]: Weather response error 403: API key has reached maximum calls per month allowed limit.
2026-09-01 18:48:46,181 [ERROR] [MainThread] [root/api.py:84]: Weather response error 403: API key has reached maximum calls per month allowed limit.
2026-09-01 18:48:56,287 [ERROR] [MainThread] [root/api.py:84]: Weather response error 403: API key has reached maximum calls per month allowed limit.
2026-09-01 18:48:56,287 [WARNING] [MainThread] [root/weather.py:610]: Error processing weather data: Weather data is empty.. Retrying fetch in 10 seconds.
2026-09-01 18:48:56,295 [WARNING] [MainThread] [root/weather.py:610]: Error processing weather data: Weather data is empty.. Retrying fetch in 10 seconds.
2026-09-01 18:48:56,304 [WARNING] [MainThread] [root/weather.py:610]: Error processing weather data: Weather data is empty.. Retrying fetch in 10 seconds.
2026-09-01 18:48:56,312 [ERROR] [MainThread] [root/api.py:84]: Weather response error 403: API key has reached maximum calls per month allowed limit.
2026-09-01 18:48:56,337 [ERROR] [MainThread] [root/api.py:84]: Weather response error 403: API key has reached maximum calls per month allowed limit.
2026-09-01 18:49:06,423 [ERROR] [MainThread] [root/api.py:84]: Weather response error 403: API key has reached maximum calls per month allowed limit.
2026-09-01 18:49:06,423 [WARNING] [MainThread] [root/weather.py:610]: Error processing weather data: Weather data is empty.. Retrying fetch in 10 seconds.
2026-09-01 18:49:06,431 [WARNING] [MainThread] [root/weather.py:610]: Error processing weather data: Weather data is empty.. Retrying fetch in 10 seconds.
2026-09-01 18:49:06,440 [WARNING] [MainThread] [root/weather.py:610]: Error processing weather data: Weather data is empty.. Retrying fetch in 10 seconds.
2026-09-01 18:49:06,448 [ERROR] [MainThread] [root/api.py:84]: Weather response error 403: API key has reached maximum calls per month allowed limit.
2026-09-01 18:49:06,475 [ERROR] [MainThread] [root/api.py:84]: Weather response error 403: API key has reached maximum calls per month allowed limit.
2026-09-01 18:49:16,560 [ERROR] [MainThread] [root/api.py:84]: Weather response error 403: API key has reached maximum calls per month allowed limit.
2026-09-01 18:49:16,561 [WARNING] [MainThread] [root/weather.py:610]: Error processing weather data: Weather data is empty.. Retrying fetch in 10 seconds.
2026-09-01 18:49:16,570 [WARNING] [MainThread] [root/weather.py:610]: Error processing weather data: Weather data is empty.. Retrying fetch in 10 seconds.
2026-09-01 18:49:16,578 [WARNING] [MainThread] [root/weather.py:610]: Error processing weather data: Weather data is empty.. Retrying fetch in 10 seconds.
2026-09-01 18:49:16,588 [ERROR] [MainThread] [root/api.py:84]: Weather response error 403: API key has reached maximum calls per month allowed limit.
2026-09-01 18:49:16,613 [ERROR] [MainThread] [root/api.py:84]: Weather response error 403: API key has reached maximum calls per month allowed limit.
2026-09-01 18:49:26,707 [ERROR] [MainThread] [root/api.py:84]: Weather response error 403: API key has reached maximum calls per month allowed limit.
2026-09-01 18:49:26,707 [WARNING] [MainThread] [root/weather.py:610]: Error processing weather data: Weather data is empty.. Retrying fetch in 10 seconds.
2026-09-01 18:49:26,715 [WARNING] [MainThread] [root/weather.py:610]: Error processing weather data: Weather data is empty.. Retrying fetch in 10 seconds.
2026-09-01 18:49:26,724 [WARNING] [MainThread] [root/weather.py:610]: Error processing weather data: Weather data is empty.. Retrying fetch in 10 seconds.
2026-09-01 18:49:26,732 [ERROR] [MainThread] [root/api.py:84]: Weather response error 403: API key has reached maximum calls per month allowed limit.
2026-09-01 18:49:26,757 [ERROR] [MainThread] [root/api.py:84]: Weather response error 403: API key has reached maximum calls per month allowed limit.
2026-09-01 18:49:36,852 [ERROR] [MainThread] [root/api.py:84]: Weather response error 403: API key has reached maximum calls per month allowed limit.
2026-09-01 18:49:36,852 [WARNING] [MainThread] [root/weather.py:610]: Error processing weather data: Weather data is empty.. Retrying fetch in 10 seconds.
2026-09-01 18:49:36,860 [WARNING] [MainThread] [root/weather.py:610]: Error processing weather data: Weather data is empty.. Retrying fetch in 10 seconds.
2026-09-01 18:49:36,868 [WARNING] [MainThread] [root/weather.py:610]: Error processing weather data: Weather data is empty.. Retrying fetch in 10 seconds.
2026-09-01 18:49:36,877 [ERROR] [MainThread] [root/api.py:84]: Weather response error 403: API key has reached maximum calls per month allowed limit.
2026-09-01 18:49:36,953 [ERROR] [MainThread] [root/api.py:84]: Weather response error 403: API key has reached maximum calls per month allowed limit.
2026-09-01 18:49:47,008 [ERROR] [MainThread] [root/api.py:84]: Weather response error 403: API key has reached maximum calls per month allowed limit.
2026-09-01 18:49:47,008 [WARNING] [MainThread] [root/weather.py:610]: Error processing weather data: Weather data is empty.. Retrying fetch in 10 seconds.
2026-09-01 18:49:47,016 [WARNING] [MainThread] [root/weather.py:610]: Error processing weather data: Weather data is empty.. Retrying fetch in 10 seconds.
2026-09-01 18:49:47,025 [WARNING] [MainThread] [root/weather.py:610]: Error processing weather data: Weather data is empty.. Retrying fetch in 10 seconds.
2026-09-01 18:49:47,033 [ERROR] [MainThread] [root/api.py:84]: Weather response error 403: API key has reached maximum calls per month allowed limit.
2026-09-01 18:49:47,058 [ERROR] [MainThread] [root/api.py:84]: Weather response error 403: API key has reached maximum calls per month allowed limit.
2026-09-01 18:49:57,152 [ERROR] [MainThread] [root/api.py:84]: Weather response error 403: API key has reached maximum calls per month allowed limit.
2026-09-01 18:49:57,153 [WARNING] [MainThread] [root/weather.py:610]: Error processing weather data: Weather data is empty.. Retrying fetch in 10 seconds.
2026-09-01 18:49:57,161 [WARNING] [MainThread] [root/weather.py:610]: Error processing weather data: Weather data is empty.. Retrying fetch in 10 seconds.
2026-09-01 18:49:57,169 [WARNING] [MainThread] [root/weather.py:610]: Error processing weather data: Weather data is empty.. Retrying fetch in 10 seconds.
2026-09-01 18:49:57,177 [ERROR] [MainThread] [root/api.py:84]: Weather response error 403: API key has reached maximum calls per month allowed limit.
2026-09-01 18:49:57,203 [ERROR] [MainThread] [root/api.py:84]: Weather response error 403: API key has reached maximum calls per month allowed limit.
2026-09-01 18:50:07,316 [ERROR] [MainThread] [root/api.py:84]: Weather response error 403: API key has reached maximum calls per month allowed limit.
2026-09-01 18:50:07,316 [WARNING] [MainThread] [root/weather.py:610]: Error processing weather data: Weather data is empty.. Retrying fetch in 10 seconds.
2026-09-01 18:50:07,324 [WARNING] [MainThread] [root/weather.py:610]: Error processing weather data: Weather data is empty.. Retrying fetch in 10 seconds.
2026-09-01 18:50:07,333 [WARNING] [MainThread] [root/weather.py:610]: Error processing weather data: Weather data is empty.. Retrying fetch in 10 seconds.
2026-09-01 18:50:07,343 [ERROR] [MainThread] [root/api.py:84]: Weather response error 403: API key has reached maximum calls per month allowed limit.
2026-09-01 18:50:07,371 [ERROR] [MainThread] [root/api.py:84]: Weather response error 403: API key has reached maximum calls per month allowed limit.
2026-09-01 18:50:17,455 [ERROR] [MainThread] [root/api.py:84]: Weather response error 403: API key has reached maximum calls per month allowed limit.
2026-09-01 18:50:17,455 [WARNING] [MainThread] [root/weather.py:610]: Error processing weather data: Weather data is empty.. Retrying fetch in 10 seconds.
2026-09-01 18:50:17,464 [WARNING] [MainThread] [root/weather.py:610]: Error processing weather data: Weather data is empty.. Retrying fetch in 10 seconds.
2026-09-01 18:50:17,472 [WARNING] [MainThread] [root/weather.py:610]: Error processing weather data: Weather data is empty.. Retrying fetch in 10 seconds.
2026-09-01 18:50:17,481 [ERROR] [MainThread] [root/api.py:84]: Weather response error 403: API key has reached maximum calls per month allowed limit.
2026-09-01 18:50:17,506 [ERROR] [MainThread] [root/api.py:84]: Weather response error 403: API key has reached maximum calls per month allowed limit.
2026-09-01 18:50:27,593 [ERROR] [MainThread] [root/api.py:84]: Weather response error 403: API key has reached maximum calls per month allowed limit.
2026-09-01 18:50:27,594 [WARNING] [MainThread] [root/weather.py:610]: Error processing weather data: Weather data is empty.. Retrying fetch in 10 seconds.
2026-09-01 18:50:27,602 [WARNING] [MainThread] [root/weather.py:610]: Error processing weather data: Weather data is empty.. Retrying fetch in 10 seconds.
2026-09-01 18:50:27,611 [WARNING] [MainThread] [root/weather.py:610]: Error processing weather data: Weather data is empty.. Retrying fetch in 10 seconds.
2026-09-01 18:50:27,620 [ERROR] [MainThread] [root/api.py:84]: Weather response error 403: API key has reached maximum calls per month allowed limit.
2026-09-01 18:50:27,645 [ERROR] [MainThread] [root/api.py:84]: Weather response error 403: API key has reached maximum calls per month allowed limit.
2026-09-01 18:50:37,733 [ERROR] [MainThread] [root/api.py:84]: Weather response error 403: API key has reached maximum calls per month allowed limit.
2026-09-01 18:50:37,733 [WARNING] [MainThread] [root/weather.py:610]: Error processing weather data: Weather data is empty.. Retrying fetch in 10 seconds.
2026-09-01 18:50:37,741 [WARNING] [MainThread] [root/weather.py:610]: Error processing weather data: Weather data is empty.. Retrying fetch in 10 seconds.
2026-09-01 18:50:37,749 [WARNING] [MainThread] [root/weather.py:610]: Error processing weather data: Weather data is empty.. Retrying fetch in 10 seconds.
2026-09-01 18:50:37,758 [ERROR] [MainThread] [root/api.py:84]: Weather response error 403: API key has reached maximum calls per month allowed limit.
2026-09-01 18:50:37,783 [ERROR] [MainThread] [root/api.py:84]: Weather response error 403: API key has reached maximum calls per month allowed limit.
2026-09-01 18:50:47,904 [ERROR] [MainThread] [root/api.py:84]: Weather response error 403: API key has reached maximum calls per month allowed limit.
2026-09-01 18:50:47,904 [WARNING] [MainThread] [root/weather.py:610]: Error processing weather data: Weather data is empty.. Retrying fetch in 10 seconds.
2026-09-01 18:50:47,913 [WARNING] [MainThread] [root/weather.py:610]: Error processing weather data: Weather data is empty.. Retrying fetch in 10 seconds.
2026-09-01 18:50:47,921 [WARNING] [MainThread] [root/weather.py:610]: Error processing weather data: Weather data is empty.. Retrying fetch in 10 seconds.
2026-09-01 18:50:47,930 [ERROR] [MainThread] [root/api.py:84]: Weather response error 403: API key has reached maximum calls per month allowed limit.
2026-09-01 18:50:47,955 [ERROR] [MainThread] [root/api.py:84]: Weather response error 403: API key has reached maximum calls per month allowed limit.
2026-09-01 18:50:58,055 [ERROR] [MainThread] [root/api.py:84]: Weather response error 403: API key has reached maximum calls per month allowed limit.
2026-09-01 18:50:58,056 [WARNING] [MainThread] [root/weather.py:610]: Error processing weather data: Weather data is empty.. Retrying fetch in 10 seconds.
2026-09-01 18:50:58,064 [WARNING] [MainThread] [root/weather.py:610]: Error processing weather data: Weather data is empty.. Retrying fetch in 10 seconds.
2026-09-01 18:50:58,072 [WARNING] [MainThread] [root/weather.py:610]: Error processing weather data: Weather data is empty.. Retrying fetch in 10 seconds.
2026-09-01 18:50:58,081 [ERROR] [MainThread] [root/api.py:84]: Weather response error 403: API key has reached maximum calls per month allowed limit.
2026-09-01 18:50:58,106 [ERROR] [MainThread] [root/api.py:84]: Weather response error 403: API key has reached maximum calls per month allowed limit.
2026-09-01 18:51:08,203 [ERROR] [MainThread] [root/api.py:84]: Weather response error 403: API key has reached maximum calls per month allowed limit.
2026-09-01 18:51:08,203 [WARNING] [MainThread] [root/weather.py:610]: Error processing weather data: Weather data is empty.. Retrying fetch in 10 seconds.
2026-09-01 18:51:08,212 [WARNING] [MainThread] [root/weather.py:610]: Error processing weather data: Weather data is empty.. Retrying fetch in 10 seconds.
2026-09-01 18:51:08,220 [WARNING] [MainThread] [root/weather.py:610]: Error processing weather data: Weather data is empty.. Retrying fetch in 10 seconds.
2026-09-01 18:51:08,229 [ERROR] [MainThread] [root/api.py:84]: Weather response error 403: API key has reached maximum calls per month allowed limit.
2026-09-01 18:51:08,254 [ERROR] [MainThread] [root/api.py:84]: Weather response error 403: API key has reached maximum calls per month allowed limit.
2026-09-01 18:51:18,354 [ERROR] [MainThread] [root/api.py:84]: Weather response error 403: API key has reached maximum calls per month allowed limit.
2026-09-01 18:51:18,354 [WARNING] [MainThread] [root/weather.py:610]: Error processing weather data: Weather data is empty.. Retrying fetch in 10 seconds.
2026-09-01 18:51:18,363 [WARNING] [MainThread] [root/weather.py:610]: Error processing weather data: Weather data is empty.. Retrying fetch in 10 seconds.
2026-09-01 18:51:18,371 [WARNING] [MainThread] [root/weather.py:610]: Error processing weather data: Weather data is empty.. Retrying fetch in 10 seconds.
2026-09-01 18:51:18,381 [ERROR] [MainThread] [root/api.py:84]: Weather response error 403: API key has reached maximum calls per month allowed limit.
2026-09-01 18:51:18,406 [ERROR] [MainThread] [root/api.py:84]: Weather response error 403: API key has reached maximum calls per month allowed limit.
2026-09-01 18:51:28,504 [ERROR] [MainThread] [root/api.py:84]: Weather response error 403: API key has reached maximum calls per month allowed limit.
2026-09-01 18:51:28,504 [WARNING] [MainThread] [root/weather.py:610]: Error processing weather data: Weather data is empty.. Retrying fetch in 10 seconds.
2026-09-01 18:51:28,513 [WARNING] [MainThread] [root/weather.py:610]: Error processing weather data: Weather data is empty.. Retrying fetch in 10 seconds.
2026-09-01 18:51:28,521 [WARNING] [MainThread] [root/weather.py:610]: Error processing weather data: Weather data is empty.. Retrying fetch in 10 seconds.
2026-09-01 18:51:28,529 [ERROR] [MainThread] [root/api.py:84]: Weather response error 403: API key has reached maximum calls per month allowed limit.
2026-09-01 18:51:28,555 [ERROR] [MainThread] [root/api.py:84]: Weather response error 403: API key has reached maximum calls per month allowed limit.
2026-09-01 18:51:38,666 [ERROR] [MainThread] [root/api.py:84]: Weather response error 403: API key has reached maximum calls per month allowed limit.
2026-09-01 18:51:38,666 [WARNING] [MainThread] [root/weather.py:610]: Error processing weather data: Weather data is empty.. Retrying fetch in 10 seconds.
2026-09-01 18:51:38,674 [WARNING] [MainThread] [root/weather.py:610]: Error processing weather data: Weather data is empty.. Retrying fetch in 10 seconds.
2026-09-01 18:51:38,683 [WARNING] [MainThread] [root/weather.py:610]: Error processing weather data: Weather data is empty.. Retrying fetch in 10 seconds.
2026-09-01 18:51:38,691 [ERROR] [MainThread] [root/api.py:84]: Weather response error 403: API key has reached maximum calls per month allowed limit.
2026-09-01 18:51:38,717 [ERROR] [MainThread] [root/api.py:84]: Weather response error 403: API key has reached maximum calls per month allowed limit.
2026-09-01 18:51:48,815 [ERROR] [MainThread] [root/api.py:84]: Weather response error 403: API key has reached maximum calls per month allowed limit.
2026-09-01 18:51:48,815 [WARNING] [MainThread] [root/weather.py:610]: Error processing weather data: Weather data is empty.. Retrying fetch in 10 seconds.
2026-09-01 18:51:48,823 [WARNING] [MainThread] [root/weather.py:610]: Error processing weather data: Weather data is empty.. Retrying fetch in 10 seconds.
2026-09-01 18:51:48,831 [WARNING] [MainThread] [root/weather.py:610]: Error processing weather data: Weather data is empty.. Retrying fetch in 10 seconds.
2026-09-01 18:51:48,840 [ERROR] [MainThread] [root/api.py:84]: Weather response error 403: API key has reached maximum calls per month allowed limit.
2026-09-01 18:51:48,867 [ERROR] [MainThread] [root/api.py:84]: Weather response error 403: API key has reached maximum calls per month allowed limit.
2026-09-01 18:51:58,952 [ERROR] [MainThread] [root/api.py:84]: Weather response error 403: API key has reached maximum calls per month allowed limit.
2026-09-01 18:51:58,952 [WARNING] [MainThread] [root/weather.py:610]: Error processing weather data: Weather data is empty.. Retrying fetch in 10 seconds.
2026-09-01 18:51:58,961 [WARNING] [MainThread] [root/weather.py:610]: Error processing weather data: Weather data is empty.. Retrying fetch in 10 seconds.
2026-09-01 18:51:58,969 [WARNING] [MainThread] [root/weather.py:610]: Error processing weather data: Weather data is empty.. Retrying fetch in 10 seconds.
2026-09-01 18:51:58,980 [ERROR] [MainThread] [root/api.py:84]: Weather response error 403: API key has reached maximum calls per month allowed limit.
2026-09-01 18:51:59,005 [ERROR] [MainThread] [root/api.py:84]: Weather response error 403: API key has reached maximum calls per month allowed limit.
2026-09-01 18:52:09,104 [ERROR] [MainThread] [root/api.py:84]: Weather response error 403: API key has reached maximum calls per month allowed limit.
2026-09-01 18:52:09,104 [WARNING] [MainThread] [root/weather.py:610]: Error processing weather data: Weather data is empty.. Retrying fetch in 10 seconds.
2026-09-01 18:52:09,112 [WARNING] [MainThread] [root/weather.py:610]: Error processing weather data: Weather data is empty.. Retrying fetch in 10 seconds.
2026-09-01 18:52:09,120 [WARNING] [MainThread] [root/weather.py:610]: Error processing weather data: Weather data is empty.. Retrying fetch in 10 seconds.
2026-09-01 18:52:09,129 [ERROR] [MainThread] [root/api.py:84]: Weather response error 403: API key has reached maximum calls per month allowed limit.
2026-09-01 18:52:09,155 [ERROR] [MainThread] [root/api.py:84]: Weather response error 403: API key has reached maximum calls per month allowed limit.
2026-09-01 18:52:19,260 [ERROR] [MainThread] [root/api.py:84]: Weather response error 403: API key has reached maximum calls per month allowed limit.
2026-09-01 18:52:19,260 [WARNING] [MainThread] [root/weather.py:610]: Error processing weather data: Weather data is empty.. Retrying fetch in 10 seconds.
2026-09-01 18:52:19,269 [WARNING] [MainThread] [root/weather.py:610]: Error processing weather data: Weather data is empty.. Retrying fetch in 10 seconds.
2026-09-01 18:52:19,277 [WARNING] [MainThread] [root/weather.py:610]: Error processing weather data: Weather data is empty.. Retrying fetch in 10 seconds.
2026-09-01 18:52:19,362 [ERROR] [MainThread] [root/api.py:84]: Weather response error 403: API key has reached maximum calls per month allowed limit.
2026-09-01 18:52:19,388 [ERROR] [MainThread] [root/api.py:84]: Weather response error 403: API key has reached maximum calls per month allowed limit.
2026-09-01 18:52:29,407 [ERROR] [MainThread] [root/api.py:84]: Weather response error 403: API key has reached maximum calls per month allowed limit.
2026-09-01 18:52:29,407 [WARNING] [MainThread] [root/weather.py:610]: Error processing weather data: Weather data is empty.. Retrying fetch in 10 seconds.
2026-09-01 18:52:29,416 [WARNING] [MainThread] [root/weather.py:610]: Error processing weather data: Weather data is empty.. Retrying fetch in 10 seconds.
2026-09-01 18:52:29,424 [WARNING] [MainThread] [root/weather.py:610]: Error processing weather data: Weather data is empty.. Retrying fetch in 10 seconds.
2026-09-01 18:52:29,433 [ERROR] [MainThread] [root/api.py:84]: Weather response error 403: API key has reached maximum calls per month allowed limit.
2026-09-01 18:52:29,458 [ERROR] [MainThread] [root/api.py:84]: Weather response error 403: API key has reached maximum calls per month allowed limit.
2026-09-01 18:52:39,559 [ERROR] [MainThread] [root/api.py:84]: Weather response error 403: API key has reached maximum calls per month allowed limit.
2026-09-01 18:52:39,559 [WARNING] [MainThread] [root/weather.py:610]: Error processing weather data: Weather data is empty.. Retrying fetch in 10 seconds.
2026-09-01 18:52:39,568 [WARNING] [MainThread] [root/weather.py:610]: Error processing weather data: Weather data is empty.. Retrying fetch in 10 seconds.
2026-09-01 18:52:39,576 [WARNING] [MainThread] [root/weather.py:610]: Error processing weather data: Weather data is empty.. Retrying fetch in 10 seconds.
2026-09-01 18:52:39,585 [ERROR] [MainThread] [root/api.py:84]: Weather response error 403: API key has reached maximum calls per month allowed limit.
2026-09-01 18:52:39,609 [ERROR] [MainThread] [root/api.py:84]: Weather response error 403: API key has reached maximum calls per month allowed limit.
2026-09-01 18:52:49,697 [ERROR] [MainThread] [root/api.py:84]: Weather response error 403: API key has reached maximum calls per month allowed limit.
2026-09-01 18:52:49,698 [WARNING] [MainThread] [root/weather.py:610]: Error processing weather data: Weather data is empty.. Retrying fetch in 10 seconds.
2026-09-01 18:52:49,706 [WARNING] [MainThread] [root/weather.py:610]: Error processing weather data: Weather data is empty.. Retrying fetch in 10 seconds.
2026-09-01 18:52:49,714 [WARNING] [MainThread] [root/weather.py:610]: Error processing weather data: Weather data is empty.. Retrying fetch in 10 seconds.
2026-09-01 18:52:49,723 [ERROR] [MainThread] [root/api.py:84]: Weather response error 403: API key has reached maximum calls per month allowed limit.
2026-09-01 18:52:49,749 [ERROR] [MainThread] [root/api.py:84]: Weather response error 403: API key has reached maximum calls per month allowed limit.
2026-09-01 18:52:52,841 [ERROR] [MainThread] [root/api.py:84]: Weather response error 403: API key has reached maximum calls per month allowed limit.
2026-09-01 18:52:59,844 [ERROR] [MainThread] [root/api.py:84]: Weather response error 403: API key has reached maximum calls per month allowed limit.
2026-09-01 18:52:59,844 [WARNING] [MainThread] [root/weather.py:610]: Error processing weather data: Weather data is empty.. Retrying fetch in 10 seconds.
2026-09-01 18:52:59,853 [WARNING] [MainThread] [root/weather.py:610]: Error processing weather data: Weather data is empty.. Retrying fetch in 10 seconds.
2026-09-01 18:52:59,861 [WARNING] [MainThread] [root/weather.py:610]: Error processing weather data: Weather data is empty.. Retrying fetch in 10 seconds.
2026-09-01 18:52:59,869 [ERROR] [MainThread] [root/api.py:84]: Weather response error 403: API key has reached maximum calls per month allowed limit.
2026-09-01 18:52:59,918 [ERROR] [MainThread] [root/api.py:84]: Weather response error 403: API key has reached maximum calls per month allowed limit.
2026-09-01 18:53:09,989 [ERROR] [MainThread] [root/api.py:84]: Weather response error 403: API key has reached maximum calls per month allowed limit.
2026-09-01 18:53:09,989 [WARNING] [MainThread] [root/weather.py:610]: Error processing weather data: Weather data is empty.. Retrying fetch in 10 seconds.
2026-09-01 18:53:09,998 [WARNING] [MainThread] [root/weather.py:610]: Error processing weather data: Weather data is empty.. Retrying fetch in 10 seconds.
2026-09-01 18:53:10,006 [WARNING] [MainThread] [root/weather.py:610]: Error processing weather data: Weather data is empty.. Retrying fetch in 10 seconds.
2026-09-01 18:53:10,015 [ERROR] [MainThread] [root/api.py:84]: Weather response error 403: API key has reached maximum calls per month allowed limit.
2026-09-01 18:53:10,040 [ERROR] [MainThread] [root/api.py:84]: Weather response error 403: API key has reached maximum calls per month allowed limit.
2026-09-01 18:53:20,122 [ERROR] [MainThread] [root/api.py:84]: Weather response error 403: API key has reached maximum calls per month allowed limit.
2026-09-01 18:53:20,123 [WARNING] [MainThread] [root/weather.py:610]: Error processing weather data: Weather data is empty.. Retrying fetch in 10 seconds.
2026-09-01 18:53:20,132 [WARNING] [MainThread] [root/weather.py:610]: Error processing weather data: Weather data is empty.. Retrying fetch in 10 seconds.
2026-09-01 18:53:20,140 [WARNING] [MainThread] [root/weather.py:610]: Error processing weather data: Weather data is empty.. Retrying fetch in 10 seconds.
2026-09-01 18:53:20,149 [ERROR] [MainThread] [root/api.py:84]: Weather response error 403: API key has reached maximum calls per month allowed limit.
2026-09-01 18:53:20,177 [ERROR] [MainThread] [root/api.py:84]: Weather response error 403: API key has reached maximum calls per month allowed limit.
2026-09-01 18:53:30,272 [ERROR] [MainThread] [root/api.py:84]: Weather response error 403: API key has reached maximum calls per month allowed limit.
2026-09-01 18:53:30,273 [WARNING] [MainThread] [root/weather.py:610]: Error processing weather data: Weather data is empty.. Retrying fetch in 10 seconds.
2026-09-01 18:53:30,281 [WARNING] [MainThread] [root/weather.py:610]: Error processing weather data: Weather data is empty.. Retrying fetch in 10 seconds.
2026-09-01 18:53:30,290 [WARNING] [MainThread] [root/weather.py:610]: Error processing weather data: Weather data is empty.. Retrying fetch in 10 seconds.
2026-09-01 18:53:30,299 [ERROR] [MainThread] [root/api.py:84]: Weather response error 403: API key has reached maximum calls per month allowed limit.
2026-09-01 18:53:30,324 [ERROR] [MainThread] [root/api.py:84]: Weather response error 403: API key has reached maximum calls per month allowed limit.
2026-09-01 18:53:40,443 [ERROR] [MainThread] [root/api.py:84]: Weather response error 403: API key has reached maximum calls per month allowed limit.
2026-09-01 18:53:40,443 [WARNING] [MainThread] [root/weather.py:610]: Error processing weather data: Weather data is empty.. Retrying fetch in 10 seconds.
2026-09-01 18:53:40,452 [WARNING] [MainThread] [root/weather.py:610]: Error processing weather data: Weather data is empty.. Retrying fetch in 10 seconds.
2026-09-01 18:53:40,461 [WARNING] [MainThread] [root/weather.py:610]: Error processing weather data: Weather data is empty.. Retrying fetch in 10 seconds.
2026-09-01 18:53:40,469 [ERROR] [MainThread] [root/api.py:84]: Weather response error 403: API key has reached maximum calls per month allowed limit.
2026-09-01 18:53:40,494 [ERROR] [MainThread] [root/api.py:84]: Weather response error 403: API key has reached maximum calls per month allowed limit.
2026-09-01 18:53:50,593 [ERROR] [MainThread] [root/api.py:84]: Weather response error 403: API key has reached maximum calls per month allowed limit.
2026-09-01 18:53:50,593 [WARNING] [MainThread] [root/weather.py:610]: Error processing weather data: Weather data is empty.. Retrying fetch in 10 seconds.
2026-09-01 18:53:50,602 [WARNING] [MainThread] [root/weather.py:610]: Error processing weather data: Weather data is empty.. Retrying fetch in 10 seconds.
2026-09-01 18:53:50,610 [WARNING] [MainThread] [root/weather.py:610]: Error processing weather data: Weather data is empty.. Retrying fetch in 10 seconds.
2026-09-01 18:53:50,618 [ERROR] [MainThread] [root/api.py:84]: Weather response error 403: API key has reached maximum calls per month allowed limit.
2026-09-01 18:53:50,644 [ERROR] [MainThread] [root/api.py:84]: Weather response error 403: API key has reached maximum calls per month allowed limit.
2026-09-01 18:54:00,736 [ERROR] [MainThread] [root/api.py:84]: Weather response error 403: API key has reached maximum calls per month allowed limit.
2026-09-01 18:54:00,737 [WARNING] [MainThread] [root/weather.py:610]: Error processing weather data: Weather data is empty.. Retrying fetch in 10 seconds.
2026-09-01 18:54:00,745 [WARNING] [MainThread] [root/weather.py:610]: Error processing weather data: Weather data is empty.. Retrying fetch in 10 seconds.
2026-09-01 18:54:00,754 [WARNING] [MainThread] [root/weather.py:610]: Error processing weather data: Weather data is empty.. Retrying fetch in 10 seconds.
2026-09-01 18:54:00,763 [ERROR] [MainThread] [root/api.py:84]: Weather response error 403: API key has reached maximum calls per month allowed limit.
2026-09-01 18:54:00,789 [ERROR] [MainThread] [root/api.py:84]: Weather response error 403: API key has reached maximum calls per month allowed limit.
2026-09-01 18:54:10,884 [ERROR] [MainThread] [root/api.py:84]: Weather response error 403: API key has reached maximum calls per month allowed limit.
2026-09-01 18:54:10,885 [WARNING] [MainThread] [root/weather.py:610]: Error processing weather data: Weather data is empty.. Retrying fetch in 10 seconds.
2026-09-01 18:54:10,894 [WARNING] [MainThread] [root/weather.py:610]: Error processing weather data: Weather data is empty.. Retrying fetch in 10 seconds.
2026-09-01 18:54:10,903 [WARNING] [MainThread] [root/weather.py:610]: Error processing weather data: Weather data is empty.. Retrying fetch in 10 seconds.
2026-09-01 18:54:10,912 [ERROR] [MainThread] [root/api.py:84]: Weather response error 403: API key has reached maximum calls per month allowed limit.
2026-09-01 18:54:10,937 [ERROR] [MainThread] [root/api.py:84]: Weather response error 403: API key has reached maximum calls per month allowed limit.
2026-09-01 18:54:21,036 [ERROR] [MainThread] [root/api.py:84]: Weather response error 403: API key has reached maximum calls per month allowed limit.
2026-09-01 18:54:21,036 [WARNING] [MainThread] [root/weather.py:610]: Error processing weather data: Weather data is empty.. Retrying fetch in 10 seconds.
2026-09-01 18:54:21,045 [WARNING] [MainThread] [root/weather.py:610]: Error processing weather data: Weather data is empty.. Retrying fetch in 10 seconds.
2026-09-01 18:54:21,054 [WARNING] [MainThread] [root/weather.py:610]: Error processing weather data: Weather data is empty.. Retrying fetch in 10 seconds.
2026-09-01 18:54:21,063 [ERROR] [MainThread] [root/api.py:84]: Weather response error 403: API key has reached maximum calls per month allowed limit.
2026-09-01 18:54:21,090 [ERROR] [MainThread] [root/api.py:84]: Weather response error 403: API key has reached maximum calls per month allowed limit.
2026-09-01 18:54:31,193 [ERROR] [MainThread] [root/api.py:84]: Weather response error 403: API key has reached maximum calls per month allowed limit.
2026-09-01 18:54:31,193 [WARNING] [MainThread] [root/weather.py:610]: Error processing weather data: Weather data is empty.. Retrying fetch in 10 seconds.
2026-09-01 18:54:31,203 [WARNING] [MainThread] [root/weather.py:610]: Error processing weather data: Weather data is empty.. Retrying fetch in 10 seconds.
2026-09-01 18:54:31,211 [WARNING] [MainThread] [root/weather.py:610]: Error processing weather data: Weather data is empty.. Retrying fetch in 10 seconds.
2026-09-01 18:54:31,220 [ERROR] [MainThread] [root/api.py:84]: Weather response error 403: API key has reached maximum calls per month allowed limit.
2026-09-01 18:54:31,246 [ERROR] [MainThread] [root/api.py:84]: Weather response error 403: API key has reached maximum calls per month allowed limit.
2026-09-01 18:54:41,345 [ERROR] [MainThread] [root/api.py:84]: Weather response error 403: API key has reached maximum calls per month allowed limit.
2026-09-01 18:54:41,346 [WARNING] [MainThread] [root/weather.py:610]: Error processing weather data: Weather data is empty.. Retrying fetch in 10 seconds.
2026-09-01 18:54:41,354 [WARNING] [MainThread] [root/weather.py:610]: Error processing weather data: Weather data is empty.. Retrying fetch in 10 seconds.
2026-09-01 18:54:41,363 [WARNING] [MainThread] [root/weather.py:610]: Error processing weather data: Weather data is empty.. Retrying fetch in 10 seconds.
2026-09-01 18:54:41,371 [ERROR] [MainThread] [root/api.py:84]: Weather response error 403: API key has reached maximum calls per month allowed limit.
2026-09-01 18:54:41,444 [ERROR] [MainThread] [root/api.py:84]: Weather response error 403: API key has reached maximum calls per month allowed limit.
2026-09-01 18:54:51,504 [ERROR] [MainThread] [root/api.py:84]: Weather response error 403: API key has reached maximum calls per month allowed limit.
2026-09-01 18:54:51,505 [WARNING] [MainThread] [root/weather.py:610]: Error processing weather data: Weather data is empty.. Retrying fetch in 10 seconds.
2026-09-01 18:54:51,513 [WARNING] [MainThread] [root/weather.py:610]: Error processing weather data: Weather data is empty.. Retrying fetch in 10 seconds.
2026-09-01 18:54:51,522 [WARNING] [MainThread] [root/weather.py:610]: Error processing weather data: Weather data is empty.. Retrying fetch in 10 seconds.
2026-09-01 18:54:51,531 [ERROR] [MainThread] [root/api.py:84]: Weather response error 403: API key has reached maximum calls per month allowed limit.
2026-09-01 18:54:51,556 [ERROR] [MainThread] [root/api.py:84]: Weather response error 403: API key has reached maximum calls per month allowed limit.
2026-09-01 18:55:01,652 [ERROR] [MainThread] [root/api.py:84]: Weather response error 403: API key has reached maximum calls per month allowed limit.
2026-09-01 18:55:01,652 [WARNING] [MainThread] [root/weather.py:610]: Error processing weather data: Weather data is empty.. Retrying fetch in 10 seconds.
2026-09-01 18:55:01,661 [WARNING] [MainThread] [root/weather.py:610]: Error processing weather data: Weather data is empty.. Retrying fetch in 10 seconds.
2026-09-01 18:55:01,669 [WARNING] [MainThread] [root/weather.py:610]: Error processing weather data: Weather data is empty.. Retrying fetch in 10 seconds.
2026-09-01 18:55:01,678 [ERROR] [MainThread] [root/api.py:84]: Weather response error 403: API key has reached maximum calls per month allowed limit.
2026-09-01 18:55:01,706 [ERROR] [MainThread] [root/api.py:84]: Weather response error 403: API key has reached maximum calls per month allowed limit.
2026-09-01 18:55:11,797 [ERROR] [MainThread] [root/api.py:84]: Weather response error 403: API key has reached maximum calls per month allowed limit.
2026-09-01 18:55:11,797 [WARNING] [MainThread] [root/weather.py:610]: Error processing weather data: Weather data is empty.. Retrying fetch in 10 seconds.
2026-09-01 18:55:11,806 [WARNING] [MainThread] [root/weather.py:610]: Error processing weather data: Weather data is empty.. Retrying fetch in 10 seconds.
2026-09-01 18:55:11,814 [WARNING] [MainThread] [root/weather.py:610]: Error processing weather data: Weather data is empty.. Retrying fetch in 10 seconds.
2026-09-01 18:55:11,823 [ERROR] [MainThread] [root/api.py:84]: Weather response error 403: API key has reached maximum calls per month allowed limit.
2026-09-01 18:55:11,849 [ERROR] [MainThread] [root/api.py:84]: Weather response error 403: API key has reached maximum calls per month allowed limit.
2026-09-01 18:55:21,955 [ERROR] [MainThread] [root/api.py:84]: Weather response error 403: API key has reached maximum calls per month allowed limit.
2026-09-01 18:55:21,955 [WARNING] [MainThread] [root/weather.py:610]: Error processing weather data: Weather data is empty.. Retrying fetch in 10 seconds.
2026-09-01 18:55:21,964 [WARNING] [MainThread] [root/weather.py:610]: Error processing weather data: Weather data is empty.. Retrying fetch in 10 seconds.
2026-09-01 18:55:21,972 [WARNING] [MainThread] [root/weather.py:610]: Error processing weather data: Weather data is empty.. Retrying fetch in 10 seconds.
2026-09-01 18:55:21,981 [ERROR] [MainThread] [root/api.py:84]: Weather response error 403: API key has reached maximum calls per month allowed limit.
2026-09-01 18:55:22,050 [ERROR] [MainThread] [root/api.py:84]: Weather response error 403: API key has reached maximum calls per month allowed limit.
2026-09-01 18:55:32,102 [ERROR] [MainThread] [root/api.py:84]: Weather response error 403: API key has reached maximum calls per month allowed limit.
2026-09-01 18:55:32,102 [WARNING] [MainThread] [root/weather.py:610]: Error processing weather data: Weather data is empty.. Retrying fetch in 10 seconds.
2026-09-01 18:55:32,111 [WARNING] [MainThread] [root/weather.py:610]: Error processing weather data: Weather data is empty.. Retrying fetch in 10 seconds.
2026-09-01 18:55:32,120 [WARNING] [MainThread] [root/weather.py:610]: Error processing weather data: Weather data is empty.. Retrying fetch in 10 seconds.
2026-09-01 18:55:32,129 [ERROR] [MainThread] [root/api.py:84]: Weather response error 403: API key has reached maximum calls per month allowed limit.
2026-09-01 18:55:32,154 [ERROR] [MainThread] [root/api.py:84]: Weather response error 403: API key has reached maximum calls per month allowed limit.
2026-09-01 18:55:42,238 [ERROR] [MainThread] [root/api.py:84]: Weather response error 403: API key has reached maximum calls per month allowed limit.
2026-09-01 18:55:42,239 [WARNING] [MainThread] [root/weather.py:610]: Error processing weather data: Weather data is empty.. Retrying fetch in 10 seconds.
2026-09-01 18:55:42,247 [WARNING] [MainThread] [root/weather.py:610]: Error processing weather data: Weather data is empty.. Retrying fetch in 10 seconds.
2026-09-01 18:55:42,256 [WARNING] [MainThread] [root/weather.py:610]: Error processing weather data: Weather data is empty.. Retrying fetch in 10 seconds.
2026-09-01 18:55:42,265 [ERROR] [MainThread] [root/api.py:84]: Weather response error 403: API key has reached maximum calls per month allowed limit.
2026-09-01 18:55:42,293 [ERROR] [MainThread] [root/api.py:84]: Weather response error 403: API key has reached maximum calls per month allowed limit.
2026-09-01 18:55:52,383 [ERROR] [MainThread] [root/api.py:84]: Weather response error 403: API key has reached maximum calls per month allowed limit.
2026-09-01 18:55:52,383 [WARNING] [MainThread] [root/weather.py:610]: Error processing weather data: Weather data is empty.. Retrying fetch in 10 seconds.
2026-09-01 18:55:52,392 [WARNING] [MainThread] [root/weather.py:610]: Error processing weather data: Weather data is empty.. Retrying fetch in 10 seconds.
2026-09-01 18:55:52,401 [WARNING] [MainThread] [root/weather.py:610]: Error processing weather data: Weather data is empty.. Retrying fetch in 10 seconds.
2026-09-01 18:55:52,409 [ERROR] [MainThread] [root/api.py:84]: Weather response error 403: API key has reached maximum calls per month allowed limit.
2026-09-01 18:55:52,437 [ERROR] [MainThread] [root/api.py:84]: Weather response error 403: API key has reached maximum calls per month allowed limit.
2026-09-01 18:56:02,534 [ERROR] [MainThread] [root/api.py:84]: Weather response error 403: API key has reached maximum calls per month allowed limit.
2026-09-01 18:56:02,535 [WARNING] [MainThread] [root/weather.py:610]: Error processing weather data: Weather data is empty.. Retrying fetch in 10 seconds.
2026-09-01 18:56:02,543 [WARNING] [MainThread] [root/weather.py:610]: Error processing weather data: Weather data is empty.. Retrying fetch in 10 seconds.
2026-09-01 18:56:02,552 [WARNING] [MainThread] [root/weather.py:610]: Error processing weather data: Weather data is empty.. Retrying fetch in 10 seconds.
2026-09-01 18:56:02,561 [ERROR] [MainThread] [root/api.py:84]: Weather response error 403: API key has reached maximum calls per month allowed limit.
2026-09-01 18:56:02,588 [ERROR] [MainThread] [root/api.py:84]: Weather response error 403: API key has reached maximum calls per month allowed limit.
2026-09-01 18:56:12,679 [ERROR] [MainThread] [root/api.py:84]: Weather response error 403: API key has reached maximum calls per month allowed limit.
2026-09-01 18:56:12,679 [WARNING] [MainThread] [root/weather.py:610]: Error processing weather data: Weather data is empty.. Retrying fetch in 10 seconds.
2026-09-01 18:56:12,688 [WARNING] [MainThread] [root/weather.py:610]: Error processing weather data: Weather data is empty.. Retrying fetch in 10 seconds.
2026-09-01 18:56:12,697 [WARNING] [MainThread] [root/weather.py:610]: Error processing weather data: Weather data is empty.. Retrying fetch in 10 seconds.
2026-09-01 18:56:12,706 [ERROR] [MainThread] [root/api.py:84]: Weather response error 403: API key has reached maximum calls per month allowed limit.
2026-09-01 18:56:12,814 [ERROR] [MainThread] [root/api.py:84]: Weather response error 403: API key has reached maximum calls per month allowed limit.
2026-09-01 18:56:22,818 [ERROR] [MainThread] [root/api.py:84]: Weather response error 403: API key has reached maximum calls per month allowed limit.
2026-09-01 18:56:22,818 [WARNING] [MainThread] [root/weather.py:610]: Error processing weather data: Weather data is empty.. Retrying fetch in 10 seconds.
2026-09-01 18:56:22,827 [WARNING] [MainThread] [root/weather.py:610]: Error processing weather data: Weather data is empty.. Retrying fetch in 10 seconds.
2026-09-01 18:56:22,835 [WARNING] [MainThread] [root/weather.py:610]: Error processing weather data: Weather data is empty.. Retrying fetch in 10 seconds.
2026-09-01 18:56:22,844 [ERROR] [MainThread] [root/api.py:84]: Weather response error 403: API key has reached maximum calls per month allowed limit.
2026-09-01 18:56:22,870 [ERROR] [MainThread] [root/api.py:84]: Weather response error 403: API key has reached maximum calls per month allowed limit.
2026-09-01 18:56:32,962 [ERROR] [MainThread] [root/api.py:84]: Weather response error 403: API key has reached maximum calls per month allowed limit.
2026-09-01 18:56:32,962 [WARNING] [MainThread] [root/weather.py:610]: Error processing weather data: Weather data is empty.. Retrying fetch in 10 seconds.
2026-09-01 18:56:32,971 [WARNING] [MainThread] [root/weather.py:610]: Error processing weather data: Weather data is empty.. Retrying fetch in 10 seconds.
2026-09-01 18:56:32,980 [WARNING] [MainThread] [root/weather.py:610]: Error processing weather data: Weather data is empty.. Retrying fetch in 10 seconds.
2026-09-01 18:56:32,989 [ERROR] [MainThread] [root/api.py:84]: Weather response error 403: API key has reached maximum calls per month allowed limit.
2026-09-01 18:56:33,014 [ERROR] [MainThread] [root/api.py:84]: Weather response error 403: API key has reached maximum calls per month allowed limit.
2026-09-01 18:56:43,112 [ERROR] [MainThread] [root/api.py:84]: Weather response error 403: API key has reached maximum calls per month allowed limit.
2026-09-01 18:56:43,113 [WARNING] [MainThread] [root/weather.py:610]: Error processing weather data: Weather data is empty.. Retrying fetch in 10 seconds.
2026-09-01 18:56:43,121 [WARNING] [MainThread] [root/weather.py:610]: Error processing weather data: Weather data is empty.. Retrying fetch in 10 seconds.
2026-09-01 18:56:43,130 [WARNING] [MainThread] [root/weather.py:610]: Error processing weather data: Weather data is empty.. Retrying fetch in 10 seconds.
2026-09-01 18:56:43,139 [ERROR] [MainThread] [root/api.py:84]: Weather response error 403: API key has reached maximum calls per month allowed limit.
2026-09-01 18:56:43,164 [ERROR] [MainThread] [root/api.py:84]: Weather response error 403: API key has reached maximum calls per month allowed limit.
2026-09-01 18:56:53,261 [ERROR] [MainThread] [root/api.py:84]: Weather response error 403: API key has reached maximum calls per month allowed limit.
2026-09-01 18:56:53,262 [WARNING] [MainThread] [root/weather.py:610]: Error processing weather data: Weather data is empty.. Retrying fetch in 10 seconds.
2026-09-01 18:56:53,270 [WARNING] [MainThread] [root/weather.py:610]: Error processing weather data: Weather data is empty.. Retrying fetch in 10 seconds.
2026-09-01 18:56:53,279 [WARNING] [MainThread] [root/weather.py:610]: Error processing weather data: Weather data is empty.. Retrying fetch in 10 seconds.
2026-09-01 18:56:53,289 [ERROR] [MainThread] [root/api.py:84]: Weather response error 403: API key has reached maximum calls per month allowed limit.
2026-09-01 18:56:53,314 [ERROR] [MainThread] [root/api.py:84]: Weather response error 403: API key has reached maximum calls per month allowed limit.
2026-09-01 18:57:03,409 [ERROR] [MainThread] [root/api.py:84]: Weather response error 403: API key has reached maximum calls per month allowed limit.
2026-09-01 18:57:03,409 [WARNING] [MainThread] [root/weather.py:610]: Error processing weather data: Weather data is empty.. Retrying fetch in 10 seconds.
2026-09-01 18:57:03,418 [WARNING] [MainThread] [root/weather.py:610]: Error processing weather data: Weather data is empty.. Retrying fetch in 10 seconds.
2026-09-01 18:57:03,426 [WARNING] [MainThread] [root/weather.py:610]: Error processing weather data: Weather data is empty.. Retrying fetch in 10 seconds.
2026-09-01 18:57:03,435 [ERROR] [MainThread] [root/api.py:84]: Weather response error 403: API key has reached maximum calls per month allowed limit.
2026-09-01 18:57:03,463 [ERROR] [MainThread] [root/api.py:84]: Weather response error 403: API key has reached maximum calls per month allowed limit.
2026-09-01 18:57:13,548 [ERROR] [MainThread] [root/api.py:84]: Weather response error 403: API key has reached maximum calls per month allowed limit.
2026-09-01 18:57:13,549 [WARNING] [MainThread] [root/weather.py:610]: Error processing weather data: Weather data is empty.. Retrying fetch in 10 seconds.
2026-09-01 18:57:13,557 [WARNING] [MainThread] [root/weather.py:610]: Error processing weather data: Weather data is empty.. Retrying fetch in 10 seconds.
2026-09-01 18:57:13,566 [WARNING] [MainThread] [root/weather.py:610]: Error processing weather data: Weather data is empty.. Retrying fetch in 10 seconds.
2026-09-01 18:57:13,575 [ERROR] [MainThread] [root/api.py:84]: Weather response error 403: API key has reached maximum calls per month allowed limit.
2026-09-01 18:57:13,600 [ERROR] [MainThread] [root/api.py:84]: Weather response error 403: API key has reached maximum calls per month allowed limit.
2026-09-01 18:57:23,699 [ERROR] [MainThread] [root/api.py:84]: Weather response error 403: API key has reached maximum calls per month allowed limit.
2026-09-01 18:57:23,699 [WARNING] [MainThread] [root/weather.py:610]: Error processing weather data: Weather data is empty.. Retrying fetch in 10 seconds.
2026-09-01 18:57:23,707 [WARNING] [MainThread] [root/weather.py:610]: Error processing weather data: Weather data is empty.. Retrying fetch in 10 seconds.
2026-09-01 18:57:23,716 [WARNING] [MainThread] [root/weather.py:610]: Error processing weather data: Weather data is empty.. Retrying fetch in 10 seconds.
2026-09-01 18:57:23,726 [ERROR] [MainThread] [root/api.py:84]: Weather response error 403: API key has reached maximum calls per month allowed limit.
2026-09-01 18:57:23,751 [ERROR] [MainThread] [root/api.py:84]: Weather response error 403: API key has reached maximum calls per month allowed limit.
2026-09-01 18:57:33,854 [ERROR] [MainThread] [root/api.py:84]: Weather response error 403: API key has reached maximum calls per month allowed limit.
2026-09-01 18:57:33,855 [WARNING] [MainThread] [root/weather.py:610]: Error processing weather data: Weather data is empty.. Retrying fetch in 10 seconds.
2026-09-01 18:57:33,863 [WARNING] [MainThread] [root/weather.py:610]: Error processing weather data: Weather data is empty.. Retrying fetch in 10 seconds.
2026-09-01 18:57:33,872 [WARNING] [MainThread] [root/weather.py:610]: Error processing weather data: Weather data is empty.. Retrying fetch in 10 seconds.
2026-09-01 18:57:33,881 [ERROR] [MainThread] [root/api.py:84]: Weather response error 403: API key has reached maximum calls per month allowed limit.
2026-09-01 18:57:33,907 [ERROR] [MainThread] [root/api.py:84]: Weather response error 403: API key has reached maximum calls per month allowed limit.
2026-09-01 18:57:44,008 [ERROR] [MainThread] [root/api.py:84]: Weather response error 403: API key has reached maximum calls per month allowed limit.
2026-09-01 18:57:44,008 [WARNING] [MainThread] [root/weather.py:610]: Error processing weather data: Weather data is empty.. Retrying fetch in 10 seconds.
2026-09-01 18:57:44,017 [WARNING] [MainThread] [root/weather.py:610]: Error processing weather data: Weather data is empty.. Retrying fetch in 10 seconds.
2026-09-01 18:57:44,026 [WARNING] [MainThread] [root/weather.py:610]: Error processing weather data: Weather data is empty.. Retrying fetch in 10 seconds.
2026-09-01 18:57:44,035 [ERROR] [MainThread] [root/api.py:84]: Weather response error 403: API key has reached maximum calls per month allowed limit.
2026-09-01 18:57:44,063 [ERROR] [MainThread] [root/api.py:84]: Weather response error 403: API key has reached maximum calls per month allowed limit.
2026-09-01 18:57:54,142 [ERROR] [MainThread] [root/api.py:84]: Weather response error 403: API key has reached maximum calls per month allowed limit.
2026-09-01 18:57:54,143 [WARNING] [MainThread] [root/weather.py:610]: Error processing weather data: Weather data is empty.. Retrying fetch in 10 seconds.
2026-09-01 18:57:54,151 [WARNING] [MainThread] [root/weather.py:610]: Error processing weather data: Weather data is empty.. Retrying fetch in 10 seconds.
2026-09-01 18:57:54,159 [WARNING] [MainThread] [root/weather.py:610]: Error processing weather data: Weather data is empty.. Retrying fetch in 10 seconds.
2026-09-01 18:57:54,171 [ERROR] [MainThread] [root/api.py:84]: Weather response error 403: API key has reached maximum calls per month allowed limit.
2026-09-01 18:57:54,234 [ERROR] [MainThread] [root/api.py:84]: Weather response error 403: API key has reached maximum calls per month allowed limit.
2026-09-01 18:58:04,289 [ERROR] [MainThread] [root/api.py:84]: Weather response error 403: API key has reached maximum calls per month allowed limit.
2026-09-01 18:58:04,289 [WARNING] [MainThread] [root/weather.py:610]: Error processing weather data: Weather data is empty.. Retrying fetch in 10 seconds.
2026-09-01 18:58:04,298 [WARNING] [MainThread] [root/weather.py:610]: Error processing weather data: Weather data is empty.. Retrying fetch in 10 seconds.
2026-09-01 18:58:04,307 [WARNING] [MainThread] [root/weather.py:610]: Error processing weather data: Weather data is empty.. Retrying fetch in 10 seconds.
2026-09-01 18:58:04,316 [ERROR] [MainThread] [root/api.py:84]: Weather response error 403: API key has reached maximum calls per month allowed limit.
2026-09-01 18:58:04,344 [ERROR] [MainThread] [root/api.py:84]: Weather response error 403: API key has reached maximum calls per month allowed limit.
2026-09-01 18:58:14,426 [ERROR] [MainThread] [root/api.py:84]: Weather response error 403: API key has reached maximum calls per month allowed limit.
2026-09-01 18:58:14,427 [WARNING] [MainThread] [root/weather.py:610]: Error processing weather data: Weather data is empty.. Retrying fetch in 10 seconds.
2026-09-01 18:58:14,435 [WARNING] [MainThread] [root/weather.py:610]: Error processing weather data: Weather data is empty.. Retrying fetch in 10 seconds.
2026-09-01 18:58:14,444 [WARNING] [MainThread] [root/weather.py:610]: Error processing weather data: Weather data is empty.. Retrying fetch in 10 seconds.
2026-09-01 18:58:14,453 [ERROR] [MainThread] [root/api.py:84]: Weather response error 403: API key has reached maximum calls per month allowed limit.
2026-09-01 18:58:14,482 [ERROR] [MainThread] [root/api.py:84]: Weather response error 403: API key has reached maximum calls per month allowed limit.
2026-09-01 18:58:24,576 [ERROR] [MainThread] [root/api.py:84]: Weather response error 403: API key has reached maximum calls per month allowed limit.
2026-09-01 18:58:24,576 [WARNING] [MainThread] [root/weather.py:610]: Error processing weather data: Weather data is empty.. Retrying fetch in 10 seconds.
2026-09-01 18:58:24,585 [WARNING] [MainThread] [root/weather.py:610]: Error processing weather data: Weather data is empty.. Retrying fetch in 10 seconds.
2026-09-01 18:58:24,594 [WARNING] [MainThread] [root/weather.py:610]: Error processing weather data: Weather data is empty.. Retrying fetch in 10 seconds.
2026-09-01 18:58:24,603 [ERROR] [MainThread] [root/api.py:84]: Weather response error 403: API key has reached maximum calls per month allowed limit.
2026-09-01 18:58:24,629 [ERROR] [MainThread] [root/api.py:84]: Weather response error 403: API key has reached maximum calls per month allowed limit.
2026-09-01 18:58:34,816 [ERROR] [MainThread] [root/api.py:84]: Weather response error 403: API key has reached maximum calls per month allowed limit.
2026-09-01 18:58:34,816 [WARNING] [MainThread] [root/weather.py:610]: Error processing weather data: Weather data is empty.. Retrying fetch in 10 seconds.
2026-09-01 18:58:34,825 [WARNING] [MainThread] [root/weather.py:610]: Error processing weather data: Weather data is empty.. Retrying fetch in 10 seconds.
2026-09-01 18:58:34,834 [WARNING] [MainThread] [root/weather.py:610]: Error processing weather data: Weather data is empty.. Retrying fetch in 10 seconds.
2026-09-01 18:58:34,842 [ERROR] [MainThread] [root/api.py:84]: Weather response error 403: API key has reached maximum calls per month allowed limit.
2026-09-01 18:58:34,916 [ERROR] [MainThread] [root/api.py:84]: Weather response error 403: API key has reached maximum calls per month allowed limit.
2026-09-01 18:58:44,977 [ERROR] [MainThread] [root/api.py:84]: Weather response error 403: API key has reached maximum calls per month allowed limit.
2026-09-01 18:58:44,977 [WARNING] [MainThread] [root/weather.py:610]: Error processing weather data: Weather data is empty.. Retrying fetch in 10 seconds.
2026-09-01 18:58:44,986 [WARNING] [MainThread] [root/weather.py:610]: Error processing weather data: Weather data is empty.. Retrying fetch in 10 seconds.
2026-09-01 18:58:44,994 [WARNING] [MainThread] [root/weather.py:610]: Error processing weather data: Weather data is empty.. Retrying fetch in 10 seconds.
2026-09-01 18:58:45,003 [ERROR] [MainThread] [root/api.py:84]: Weather response error 403: API key has reached maximum calls per month allowed limit.
2026-09-01 18:58:45,029 [ERROR] [MainThread] [root/api.py:84]: Weather response error 403: API key has reached maximum calls per month allowed limit.
2026-09-01 18:58:55,114 [ERROR] [MainThread] [root/api.py:84]: Weather response error 403: API key has reached maximum calls per month allowed limit.
2026-09-01 18:58:55,114 [WARNING] [MainThread] [root/weather.py:610]: Error processing weather data: Weather data is empty.. Retrying fetch in 10 seconds.
2026-09-01 18:58:55,123 [WARNING] [MainThread] [root/weather.py:610]: Error processing weather data: Weather data is empty.. Retrying fetch in 10 seconds.
2026-09-01 18:58:55,131 [WARNING] [MainThread] [root/weather.py:610]: Error processing weather data: Weather data is empty.. Retrying fetch in 10 seconds.
2026-09-01 18:58:55,152 [ERROR] [MainThread] [root/api.py:84]: Weather response error 403: API key has reached maximum calls per month allowed limit.
2026-09-01 18:58:55,193 [ERROR] [MainThread] [root/api.py:84]: Weather response error 403: API key has reached maximum calls per month allowed limit.
2026-09-01 18:59:05,266 [ERROR] [MainThread] [root/api.py:84]: Weather response error 403: API key has reached maximum calls per month allowed limit.
2026-09-01 18:59:05,266 [WARNING] [MainThread] [root/weather.py:610]: Error processing weather data: Weather data is empty.. Retrying fetch in 10 seconds.
2026-09-01 18:59:05,275 [WARNING] [MainThread] [root/weather.py:610]: Error processing weather data: Weather data is empty.. Retrying fetch in 10 seconds.
2026-09-01 18:59:05,284 [WARNING] [MainThread] [root/weather.py:610]: Error processing weather data: Weather data is empty.. Retrying fetch in 10 seconds.
2026-09-01 18:59:05,293 [ERROR] [MainThread] [root/api.py:84]: Weather response error 403: API key has reached maximum calls per month allowed limit.
2026-09-01 18:59:05,330 [ERROR] [MainThread] [root/api.py:84]: Weather response error 403: API key has reached maximum calls per month allowed limit.
2026-09-01 18:59:15,416 [ERROR] [MainThread] [root/api.py:84]: Weather response error 403: API key has reached maximum calls per month allowed limit.
2026-09-01 18:59:15,416 [WARNING] [MainThread] [root/weather.py:610]: Error processing weather data: Weather data is empty.. Retrying fetch in 10 seconds.
2026-09-01 18:59:15,425 [WARNING] [MainThread] [root/weather.py:610]: Error processing weather data: Weather data is empty.. Retrying fetch in 10 seconds.
2026-09-01 18:59:15,433 [WARNING] [MainThread] [root/weather.py:610]: Error processing weather data: Weather data is empty.. Retrying fetch in 10 seconds.
2026-09-01 18:59:15,457 [ERROR] [MainThread] [root/api.py:84]: Weather response error 403: API key has reached maximum calls per month allowed limit.
2026-09-01 18:59:15,537 [ERROR] [MainThread] [root/api.py:84]: Weather response error 403: API key has reached maximum calls per month allowed limit.
2026-09-01 18:59:25,565 [ERROR] [MainThread] [root/api.py:84]: Weather response error 403: API key has reached maximum calls per month allowed limit.
2026-09-01 18:59:25,565 [WARNING] [MainThread] [root/weather.py:610]: Error processing weather data: Weather data is empty.. Retrying fetch in 10 seconds.
2026-09-01 18:59:25,573 [WARNING] [MainThread] [root/weather.py:610]: Error processing weather data: Weather data is empty.. Retrying fetch in 10 seconds.
2026-09-01 18:59:25,582 [WARNING] [MainThread] [root/weather.py:610]: Error processing weather data: Weather data is empty.. Retrying fetch in 10 seconds.
2026-09-01 18:59:25,599 [ERROR] [MainThread] [root/api.py:84]: Weather response error 403: API key has reached maximum calls per month allowed limit.
2026-09-01 18:59:25,625 [ERROR] [MainThread] [root/api.py:84]: Weather response error 403: API key has reached maximum calls per month allowed limit.
2026-09-01 18:59:35,722 [ERROR] [MainThread] [root/api.py:84]: Weather response error 403: API key has reached maximum calls per month allowed limit.
2026-09-01 18:59:35,722 [WARNING] [MainThread] [root/weather.py:610]: Error processing weather data: Weather data is empty.. Retrying fetch in 10 seconds.
2026-09-01 18:59:35,731 [WARNING] [MainThread] [root/weather.py:610]: Error processing weather data: Weather data is empty.. Retrying fetch in 10 seconds.
2026-09-01 18:59:35,740 [WARNING] [MainThread] [root/weather.py:610]: Error processing weather data: Weather data is empty.. Retrying fetch in 10 seconds.
2026-09-01 18:59:35,748 [ERROR] [MainThread] [root/api.py:84]: Weather response error 403: API key has reached maximum calls per month allowed limit.
2026-09-01 18:59:35,774 [ERROR] [MainThread] [root/api.py:84]: Weather response error 403: API key has reached maximum calls per month allowed limit.
2026-09-01 18:59:45,900 [ERROR] [MainThread] [root/api.py:84]: Weather response error 403: API key has reached maximum calls per month allowed limit.
2026-09-01 18:59:45,900 [WARNING] [MainThread] [root/weather.py:610]: Error processing weather data: Weather data is empty.. Retrying fetch in 10 seconds.
2026-09-01 18:59:45,910 [WARNING] [MainThread] [root/weather.py:610]: Error processing weather data: Weather data is empty.. Retrying fetch in 10 seconds.
2026-09-01 18:59:45,918 [WARNING] [MainThread] [root/weather.py:610]: Error processing weather data: Weather data is empty.. Retrying fetch in 10 seconds.
2026-09-01 18:59:45,927 [ERROR] [MainThread] [root/api.py:84]: Weather response error 403: API key has reached maximum calls per month allowed limit.
2026-09-01 18:59:46,000 [ERROR] [MainThread] [root/api.py:84]: Weather response error 403: API key has reached maximum calls per month allowed limit.
2026-09-01 18:59:56,057 [ERROR] [MainThread] [root/api.py:84]: Weather response error 403: API key has reached maximum calls per month allowed limit.
2026-09-01 18:59:56,058 [WARNING] [MainThread] [root/weather.py:610]: Error processing weather data: Weather data is empty.. Retrying fetch in 10 seconds.
2026-09-01 18:59:56,066 [WARNING] [MainThread] [root/weather.py:610]: Error processing weather data: Weather data is empty.. Retrying fetch in 10 seconds.
2026-09-01 18:59:56,075 [WARNING] [MainThread] [root/weather.py:610]: Error processing weather data: Weather data is empty.. Retrying fetch in 10 seconds.
2026-09-01 18:59:56,084 [ERROR] [MainThread] [root/api.py:84]: Weather response error 403: API key has reached maximum calls per month allowed limit.
2026-09-01 18:59:56,112 [ERROR] [MainThread] [root/api.py:84]: Weather response error 403: API key has reached maximum calls per month allowed limit.
2026-09-01 19:00:06,212 [ERROR] [MainThread] [root/api.py:84]: Weather response error 403: API key has reached maximum calls per month allowed limit.
2026-09-01 19:00:06,212 [WARNING] [MainThread] [root/weather.py:610]: Error processing weather data: Weather data is empty.. Retrying fetch in 10 seconds.
2026-09-01 19:00:06,221 [WARNING] [MainThread] [root/weather.py:610]: Error processing weather data: Weather data is empty.. Retrying fetch in 10 seconds.
2026-09-01 19:00:06,229 [WARNING] [MainThread] [root/weather.py:610]: Error processing weather data: Weather data is empty.. Retrying fetch in 10 seconds.
2026-09-01 19:00:06,238 [ERROR] [MainThread] [root/api.py:84]: Weather response error 403: API key has reached maximum calls per month allowed limit.
2026-09-01 19:00:06,267 [ERROR] [MainThread] [root/api.py:84]: Weather response error 403: API key has reached maximum calls per month allowed limit.
2026-09-01 19:00:16,360 [ERROR] [MainThread] [root/api.py:84]: Weather response error 403: API key has reached maximum calls per month allowed limit.
2026-09-01 19:00:16,360 [WARNING] [MainThread] [root/weather.py:610]: Error processing weather data: Weather data is empty.. Retrying fetch in 10 seconds.
2026-09-01 19:00:16,369 [WARNING] [MainThread] [root/weather.py:610]: Error processing weather data: Weather data is empty.. Retrying fetch in 10 seconds.
2026-09-01 19:00:16,378 [WARNING] [MainThread] [root/weather.py:610]: Error processing weather data: Weather data is empty.. Retrying fetch in 10 seconds.
2026-09-01 19:00:16,387 [ERROR] [MainThread] [root/api.py:84]: Weather response error 403: API key has reached maximum calls per month allowed limit.
2026-09-01 19:00:16,414 [ERROR] [MainThread] [root/api.py:84]: Weather response error 403: API key has reached maximum calls per month allowed limit.
2026-09-01 19:00:26,513 [ERROR] [MainThread] [root/api.py:84]: Weather response error 403: API key has reached maximum calls per month allowed limit.
2026-09-01 19:00:26,513 [WARNING] [MainThread] [root/weather.py:610]: Error processing weather data: Weather data is empty.. Retrying fetch in 10 seconds.
2026-09-01 19:00:26,522 [WARNING] [MainThread] [root/weather.py:610]: Error processing weather data: Weather data is empty.. Retrying fetch in 10 seconds.
2026-09-01 19:00:26,531 [WARNING] [MainThread] [root/weather.py:610]: Error processing weather data: Weather data is empty.. Retrying fetch in 10 seconds.
2026-09-01 19:00:26,541 [ERROR] [MainThread] [root/api.py:84]: Weather response error 403: API key has reached maximum calls per month allowed limit.
2026-09-01 19:00:26,570 [ERROR] [MainThread] [root/api.py:84]: Weather response error 403: API key has reached maximum calls per month allowed limit.
2026-09-01 19:00:36,664 [ERROR] [MainThread] [root/api.py:84]: Weather response error 403: API key has reached maximum calls per month allowed limit.
2026-09-01 19:00:36,664 [WARNING] [MainThread] [root/weather.py:610]: Error processing weather data: Weather data is empty.. Retrying fetch in 10 seconds.
2026-09-01 19:00:36,673 [WARNING] [MainThread] [root/weather.py:610]: Error processing weather data: Weather data is empty.. Retrying fetch in 10 seconds.
2026-09-01 19:00:36,682 [WARNING] [MainThread] [root/weather.py:610]: Error processing weather data: Weather data is empty.. Retrying fetch in 10 seconds.
2026-09-01 19:00:36,691 [ERROR] [MainThread] [root/api.py:84]: Weather response error 403: API key has reached maximum calls per month allowed limit.
2026-09-01 19:00:36,717 [ERROR] [MainThread] [root/api.py:84]: Weather response error 403: API key has reached maximum calls per month allowed limit.
2026-09-01 19:00:46,819 [ERROR] [MainThread] [root/api.py:84]: Weather response error 403: API key has reached maximum calls per month allowed limit.
2026-09-01 19:00:46,819 [WARNING] [MainThread] [root/weather.py:610]: Error processing weather data: Weather data is empty.. Retrying fetch in 10 seconds.
2026-09-01 19:00:46,829 [WARNING] [MainThread] [root/weather.py:610]: Error processing weather data: Weather data is empty.. Retrying fetch in 10 seconds.
2026-09-01 19:00:46,838 [WARNING] [MainThread] [root/weather.py:610]: Error processing weather data: Weather data is empty.. Retrying fetch in 10 seconds.
2026-09-01 19:00:46,847 [ERROR] [MainThread] [root/api.py:84]: Weather response error 403: API key has reached maximum calls per month allowed limit.
2026-09-01 19:00:46,875 [ERROR] [MainThread] [root/api.py:84]: Weather response error 403: API key has reached maximum calls per month allowed limit.
2026-09-01 19:00:56,982 [ERROR] [MainThread] [root/api.py:84]: Weather response error 403: API key has reached maximum calls per month allowed limit.
2026-09-01 19:00:56,982 [WARNING] [MainThread] [root/weather.py:610]: Error processing weather data: Weather data is empty.. Retrying fetch in 10 seconds.
2026-09-01 19:00:56,991 [WARNING] [MainThread] [root/weather.py:610]: Error processing weather data: Weather data is empty.. Retrying fetch in 10 seconds.
2026-09-01 19:00:57,001 [WARNING] [MainThread] [root/weather.py:610]: Error processing weather data: Weather data is empty.. Retrying fetch in 10 seconds.
2026-09-01 19:00:57,010 [ERROR] [MainThread] [root/api.py:84]: Weather response error 403: API key has reached maximum calls per month allowed limit.
2026-09-01 19:00:57,036 [ERROR] [MainThread] [root/api.py:84]: Weather response error 403: API key has reached maximum calls per month allowed limit.
2026-09-01 19:01:07,135 [ERROR] [MainThread] [root/api.py:84]: Weather response error 403: API key has reached maximum calls per month allowed limit.
2026-09-01 19:01:07,135 [WARNING] [MainThread] [root/weather.py:610]: Error processing weather data: Weather data is empty.. Retrying fetch in 10 seconds.
2026-09-01 19:01:07,144 [WARNING] [MainThread] [root/weather.py:610]: Error processing weather data: Weather data is empty.. Retrying fetch in 10 seconds.
2026-09-01 19:01:07,153 [WARNING] [MainThread] [root/weather.py:610]: Error processing weather data: Weather data is empty.. Retrying fetch in 10 seconds.
2026-09-01 19:01:07,162 [ERROR] [MainThread] [root/api.py:84]: Weather response error 403: API key has reached maximum calls per month allowed limit.
2026-09-01 19:01:07,237 [ERROR] [MainThread] [root/api.py:84]: Weather response error 403: API key has reached maximum calls per month allowed limit.
2026-09-01 19:01:17,285 [ERROR] [MainThread] [root/api.py:84]: Weather response error 403: API key has reached maximum calls per month allowed limit.
2026-09-01 19:01:17,286 [WARNING] [MainThread] [root/weather.py:610]: Error processing weather data: Weather data is empty.. Retrying fetch in 10 seconds.
2026-09-01 19:01:17,294 [WARNING] [MainThread] [root/weather.py:610]: Error processing weather data: Weather data is empty.. Retrying fetch in 10 seconds.
2026-09-01 19:01:17,303 [WARNING] [MainThread] [root/weather.py:610]: Error processing weather data: Weather data is empty.. Retrying fetch in 10 seconds.
2026-09-01 19:01:17,312 [ERROR] [MainThread] [root/api.py:84]: Weather response error 403: API key has reached maximum calls per month allowed limit.
2026-09-01 19:01:17,374 [ERROR] [MainThread] [root/api.py:84]: Weather response error 403: API key has reached maximum calls per month allowed limit.
2026-09-01 19:01:27,453 [ERROR] [MainThread] [root/api.py:84]: Weather response error 403: API key has reached maximum calls per month allowed limit.
2026-09-01 19:01:27,453 [WARNING] [MainThread] [root/weather.py:610]: Error processing weather data: Weather data is empty.. Retrying fetch in 10 seconds.
2026-09-01 19:01:27,462 [WARNING] [MainThread] [root/weather.py:610]: Error processing weather data: Weather data is empty.. Retrying fetch in 10 seconds.
2026-09-01 19:01:27,471 [WARNING] [MainThread] [root/weather.py:610]: Error processing weather data: Weather data is empty.. Retrying fetch in 10 seconds.
2026-09-01 19:01:27,479 [ERROR] [MainThread] [root/api.py:84]: Weather response error 403: API key has reached maximum calls per month allowed limit.
2026-09-01 19:01:27,505 [ERROR] [MainThread] [root/api.py:84]: Weather response error 403: API key has reached maximum calls per month allowed limit.
2026-09-01 19:01:37,618 [ERROR] [MainThread] [root/api.py:84]: Weather response error 403: API key has reached maximum calls per month allowed limit.
2026-09-01 19:01:37,619 [WARNING] [MainThread] [root/weather.py:610]: Error processing weather data: Weather data is empty.. Retrying fetch in 10 seconds.
2026-09-01 19:01:37,627 [WARNING] [MainThread] [root/weather.py:610]: Error processing weather data: Weather data is empty.. Retrying fetch in 10 seconds.
2026-09-01 19:01:37,636 [WARNING] [MainThread] [root/weather.py:610]: Error processing weather data: Weather data is empty.. Retrying fetch in 10 seconds.
2026-09-01 19:01:37,644 [ERROR] [MainThread] [root/api.py:84]: Weather response error 403: API key has reached maximum calls per month allowed limit.
2026-09-01 19:01:37,709 [ERROR] [MainThread] [root/api.py:84]: Weather response error 403: API key has reached maximum calls per month allowed limit.
2026-09-01 19:01:47,771 [ERROR] [MainThread] [root/api.py:84]: Weather response error 403: API key has reached maximum calls per month allowed limit.
2026-09-01 19:01:47,771 [WARNING] [MainThread] [root/weather.py:610]: Error processing weather data: Weather data is empty.. Retrying fetch in 10 seconds.
2026-09-01 19:01:47,780 [WARNING] [MainThread] [root/weather.py:610]: Error processing weather data: Weather data is empty.. Retrying fetch in 10 seconds.
2026-09-01 19:01:47,789 [WARNING] [MainThread] [root/weather.py:610]: Error processing weather data: Weather data is empty.. Retrying fetch in 10 seconds.
2026-09-01 19:01:47,798 [ERROR] [MainThread] [root/api.py:84]: Weather response error 403: API key has reached maximum calls per month allowed limit.
2026-09-01 19:01:47,824 [ERROR] [MainThread] [root/api.py:84]: Weather response error 403: API key has reached maximum calls per month allowed limit.
2026-09-01 19:01:57,908 [ERROR] [MainThread] [root/api.py:84]: Weather response error 403: API key has reached maximum calls per month allowed limit.
2026-09-01 19:01:57,908 [WARNING] [MainThread] [root/weather.py:610]: Error processing weather data: Weather data is empty.. Retrying fetch in 10 seconds.
2026-09-01 19:01:57,917 [WARNING] [MainThread] [root/weather.py:610]: Error processing weather data: Weather data is empty.. Retrying fetch in 10 seconds.
2026-09-01 19:01:57,926 [WARNING] [MainThread] [root/weather.py:610]: Error processing weather data: Weather data is empty.. Retrying fetch in 10 seconds.
2026-09-01 19:01:57,936 [ERROR] [MainThread] [root/api.py:84]: Weather response error 403: API key has reached maximum calls per month allowed limit.
2026-09-01 19:01:57,965 [INFO] [MainThread] [root/api.py:69]: Fetching new weather data at 2026-09-01 19:01:57.964919
2026-09-01 19:02:07,951 [INFO] [MainThread] [root/api.py:69]: Fetching new weather data at 2026-09-01 19:02:07.951243
2026-09-01 19:02:07,981 [INFO] [MainThread] [root/api.py:69]: Fetching new weather data at 2026-09-01 19:02:07.981408
2026-09-01 19:02:08,009 [INFO] [MainThread] [root/api.py:69]: Fetching new weather data at 2026-09-01 19:02:08.009698
2026-09-01 19:02:52,741 [INFO] [MainThread] [root/api.py:69]: Fetching new weather data at 2026-09-01 19:02:52.741002
2026-09-01 19:12:52,948 [INFO] [MainThread] [root/api.py:69]: Fetching new weather data at 2026-09-01 19:12:52.948947
2026-09-01 19:22:52,956 [INFO] [MainThread] [root/api.py:69]: Fetching new weather data at 2026-09-01 19:22:52.956404
2026-09-01 19:32:52,928 [INFO] [MainThread] [root/api.py:69]: Fetching new weather data at 2026-09-01 19:32:52.928395
2026-09-01 19:42:52,957 [INFO] [MainThread] [root/api.py:69]: Fetching new weather data at 2026-09-01 19:42:52.957084
2026-09-01 19:52:52,964 [INFO] [MainThread] [root/api.py:69]: Fetching new weather data at 2026-09-01 19:52:52.964492
2026-09-01 20:02:52,932 [INFO] [MainThread] [root/api.py:69]: Fetching new weather data at 2026-09-01 20:02:52.932820
2026-09-01 20:12:52,970 [INFO] [MainThread] [root/api.py:69]: Fetching new weather data at 2026-09-01 20:12:52.969934
2026-09-01 20:22:52,963 [INFO] [MainThread] [root/api.py:69]: Fetching new weather data at 2026-09-01 20:22:52.963193
2026-09-01 20:32:53,186 [INFO] [MainThread] [root/api.py:69]: Fetching new weather data at 2026-09-01 20:32:53.186473
2026-09-01 20:42:52,976 [INFO] [MainThread] [root/api.py:69]: Fetching new weather data at 2026-09-01 20:42:52.976871
2026-09-01 20:52:52,952 [INFO] [MainThread] [root/api.py:69]: Fetching new weather data at 2026-09-01 20:52:52.952952
2026-09-01 21:02:53,051 [INFO] [MainThread] [root/api.py:69]: Fetching new weather data at 2026-09-01 21:02:53.051204
2026-09-01 21:12:52,966 [INFO] [MainThread] [root/api.py:69]: Fetching new weather data at 2026-09-01 21:12:52.966684
2026-09-01 21:22:52,959 [INFO] [MainThread] [root/api.py:69]: Fetching new weather data at 2026-09-01 21:22:52.959677
2026-09-01 21:32:52,946 [INFO] [MainThread] [root/api.py:69]: Fetching new weather data at 2026-09-01 21:32:52.946313
2026-09-01 21:42:52,938 [INFO] [MainThread] [root/api.py:69]: Fetching new weather data at 2026-09-01 21:42:52.938036
2026-09-01 21:52:52,951 [INFO] [MainThread] [root/api.py:69]: Fetching new weather data at 2026-09-01 21:52:52.951780
2026-09-01 22:02:52,965 [INFO] [MainThread] [root/api.py:69]: Fetching new weather data at 2026-09-01 22:02:52.965806
2026-09-01 22:12:52,961 [INFO] [MainThread] [root/api.py:69]: Fetching new weather data at 2026-09-01 22:12:52.961731
2026-09-01 22:22:52,962 [INFO] [MainThread] [root/api.py:69]: Fetching new weather data at 2026-09-01 22:22:52.962672
2026-09-01 22:32:53,085 [INFO] [MainThread] [root/api.py:69]: Fetching new weather data at 2026-09-01 22:32:53.085209
2026-09-01 22:42:52,986 [INFO] [MainThread] [root/api.py:69]: Fetching new weather data at 2026-09-01 22:42:52.986764
2026-09-01 22:52:52,994 [INFO] [MainThread] [root/api.py:69]: Fetching new weather data at 2026-09-01 22:52:52.994752
2026-09-01 23:02:53,041 [INFO] [MainThread] [root/api.py:69]: Fetching new weather data at 2026-09-01 23:02:53.041191
2026-09-01 23:12:53,095 [INFO] [MainThread] [root/api.py:69]: Fetching new weather data at 2026-09-01 23:12:53.095657
2026-09-01 23:22:52,991 [INFO] [MainThread] [root/api.py:69]: Fetching new weather data at 2026-09-01 23:22:52.991485
2026-09-01 23:32:53,056 [INFO] [MainThread] [root/api.py:69]: Fetching new weather data at 2026-09-01 23:32:53.056321
2026-09-01 23:42:53,100 [INFO] [MainThread] [root/api.py:69]: Fetching new weather data at 2026-09-01 23:42:53.100836
2026-09-01 23:52:53,093 [INFO] [MainThread] [root/api.py:69]: Fetching new weather data at 2026-09-01 23:52:53.093601
2026-09-02 00:02:53,057 [INFO] [MainThread] [root/api.py:69]: Fetching new weather data at 2026-09-02 00:02:53.057765
2026-09-02 00:12:53,023 [INFO] [MainThread] [root/api.py:69]: Fetching new weather data at 2026-09-02 00:12:53.023742
2026-09-02 00:22:53,044 [INFO] [MainThread] [root/api.py:69]: Fetching new weather data at 2026-09-02 00:22:53.044630
2026-09-02 00:32:53,024 [INFO] [MainThread] [root/api.py:69]: Fetching new weather data at 2026-09-02 00:32:53.024714
2026-09-02 00:42:53,034 [INFO] [MainThread] [root/api.py:69]: Fetching new weather data at 2026-09-02 00:42:53.034535
2026-09-02 00:52:53,031 [INFO] [MainThread] [root/api.py:69]: Fetching new weather data at 2026-09-02 00:52:53.031754
2026-09-02 01:02:53,056 [INFO] [MainThread] [root/api.py:69]: Fetching new weather data at 2026-09-02 01:02:53.056828
2026-09-02 01:12:53,136 [INFO] [MainThread] [root/api.py:69]: Fetching new weather data at 2026-09-02 01:12:53.136438
2026-09-02 01:22:53,060 [INFO] [MainThread] [root/api.py:69]: Fetching new weather data at 2026-09-02 01:22:53.059948
2026-09-02 01:32:53,057 [INFO] [MainThread] [root/api.py:69]: Fetching new weather data at 2026-09-02 01:32:53.057313
2026-09-02 01:42:53,034 [INFO] [MainThread] [root/api.py:69]: Fetching new weather data at 2026-09-02 01:42:53.034639
2026-09-02 01:52:53,085 [INFO] [MainThread] [root/api.py:69]: Fetching new weather data at 2026-09-02 01:52:53.085416
2026-09-02 02:02:53,063 [INFO] [MainThread] [root/api.py:69]: Fetching new weather data at 2026-09-02 02:02:53.063322
2026-09-02 02:12:53,098 [INFO] [MainThread] [root/api.py:69]: Fetching new weather data at 2026-09-02 02:12:53.098622
2026-09-02 02:22:53,057 [INFO] [MainThread] [root/api.py:69]: Fetching new weather data at 2026-09-02 02:22:53.057816
2026-09-02 02:32:53,148 [INFO] [MainThread] [root/api.py:69]: Fetching new weather data at 2026-09-02 02:32:53.148775
2026-09-02 02:42:53,178 [INFO] [MainThread] [root/api.py:69]: Fetching new weather data at 2026-09-02 02:42:53.178313
2026-09-02 02:52:53,067 [INFO] [MainThread] [root/api.py:69]: Fetching new weather data at 2026-09-02 02:52:53.067575
2026-09-02 03:02:53,072 [INFO] [MainThread] [root/api.py:69]: Fetching new weather data at 2026-09-02 03:02:53.072093
2026-09-02 03:12:53,059 [INFO] [MainThread] [root/api.py:69]: Fetching new weather data at 2026-09-02 03:12:53.059405
2026-09-02 03:22:53,082 [INFO] [MainThread] [root/api.py:69]: Fetching new weather data at 2026-09-02 03:22:53.082704
2026-09-02 03:32:53,092 [INFO] [MainThread] [root/api.py:69]: Fetching new weather data at 2026-09-02 03:32:53.092653
2026-09-02 03:42:53,072 [INFO] [MainThread] [root/api.py:69]: Fetching new weather data at 2026-09-02 03:42:53.072295
2026-09-02 03:52:53,081 [INFO] [MainThread] [root/api.py:69]: Fetching new weather data at 2026-09-02 03:52:53.081004
2026-09-02 04:02:53,078 [INFO] [MainThread] [root/api.py:69]: Fetching new weather data at 2026-09-02 04:02:53.078755
2026-09-02 04:12:53,231 [INFO] [MainThread] [root/api.py:69]: Fetching new weather data at 2026-09-02 04:12:53.231769
2026-09-02 04:22:53,070 [INFO] [MainThread] [root/api.py:69]: Fetching new weather data at 2026-09-02 04:22:53.070179
2026-09-02 04:32:53,091 [INFO] [MainThread] [root/api.py:69]: Fetching new weather data at 2026-09-02 04:32:53.091281
2026-09-02 04:42:53,217 [INFO] [MainThread] [root/api.py:69]: Fetching new weather data at 2026-09-02 04:42:53.217805
2026-09-02 04:52:53,107 [INFO] [MainThread] [root/api.py:69]: Fetching new weather data at 2026-09-02 04:52:53.107637
2026-09-02 05:02:53,093 [INFO] [MainThread] [root/api.py:69]: Fetching new weather data at 2026-09-02 05:02:53.093318
2026-09-02 05:12:53,075 [INFO] [MainThread] [root/api.py:69]: Fetching new weather data at 2026-09-02 05:12:53.075683
2026-09-02 05:22:53,086 [INFO] [MainThread] [root/api.py:69]: Fetching new weather data at 2026-09-02 05:22:53.086906
2026-09-02 05:32:53,095 [INFO] [MainThread] [root/api.py:69]: Fetching new weather data at 2026-09-02 05:32:53.095949
2026-09-02 05:42:53,092 [INFO] [MainThread] [root/api.py:69]: Fetching new weather data at 2026-09-02 05:42:53.092096
2026-09-02 05:52:53,152 [INFO] [MainThread] [root/api.py:69]: Fetching new weather data at 2026-09-02 05:52:53.151964
2026-09-02 06:02:53,147 [INFO] [MainThread] [root/api.py:69]: Fetching new weather data at 2026-09-02 06:02:53.147073
2026-09-02 06:12:53,081 [INFO] [MainThread] [root/api.py:69]: Fetching new weather data at 2026-09-02 06:12:53.081311
2026-09-02 06:22:53,107 [INFO] [MainThread] [root/api.py:69]: Fetching new weather data at 2026-09-02 06:22:53.107169
2026-09-02 06:32:53,120 [INFO] [MainThread] [root/api.py:69]: Fetching new weather data at 2026-09-02 06:32:53.120641
2026-09-02 06:42:53,109 [INFO] [MainThread] [root/api.py:69]: Fetching new weather data at 2026-09-02 06:42:53.109184
2026-09-02 06:52:53,105 [INFO] [MainThread] [root/api.py:69]: Fetching new weather data at 2026-09-02 06:52:53.105591
2026-09-02 07:02:53,173 [INFO] [MainThread] [root/api.py:69]: Fetching new weather data at 2026-09-02 07:02:53.173124
2026-09-02 07:12:53,140 [INFO] [MainThread] [root/api.py:69]: Fetching new weather data at 2026-09-02 07:12:53.140214
2026-09-02 07:22:53,086 [INFO] [MainThread] [root/api.py:69]: Fetching new weather data at 2026-09-02 07:22:53.086202
2026-09-02 07:32:53,140 [INFO] [MainThread] [root/api.py:69]: Fetching new weather data at 2026-09-02 07:32:53.140233
2026-09-02 07:42:53,105 [INFO] [MainThread] [root/api.py:69]: Fetching new weather data at 2026-09-02 07:42:53.105822
2026-09-02 07:52:53,174 [INFO] [MainThread] [root/api.py:69]: Fetching new weather data at 2026-09-02 07:52:53.174365
2026-09-02 08:02:53,106 [INFO] [MainThread] [root/api.py:69]: Fetching new weather data at 2026-09-02 08:02:53.106170
2026-09-02 08:12:53,159 [INFO] [MainThread] [root/api.py:69]: Fetching new weather data at 2026-09-02 08:12:53.159123
2026-09-02 08:22:53,309 [INFO] [MainThread] [root/api.py:69]: Fetching new weather data at 2026-09-02 08:22:53.309602
2026-09-02 08:28:33,081 [INFO] [MainThread] [root/bar_manager.py:83]: Screens updated. Re-initialising all bars.
2026-09-02 08:28:33,082 [INFO] [MainThread] [root/controller.py:15]: Reloading Application because of screen update.
2026-09-02 08:28:33,193 [INFO] [MainThread] [cli_server/cli_server.py:114]: Log pipe server stopped
2026-09-02 08:28:33,193 [DEBUG] [MainThread] [cli_server/cli_server.py:209]: CLI server stopped
2026-09-02 08:28:33,589 [INFO] [MainThread] [root/bar_manager.py:83]: Screens updated. Re-initialising all bars.
2026-09-02 08:28:33,590 [INFO] [MainThread] [root/controller.py:15]: Reloading Application because of screen update.
2026-09-02 08:28:33,704 [INFO] [MainThread] [cli_server/cli_server.py:114]: Log pipe server stopped
2026-09-02 08:28:33,704 [DEBUG] [MainThread] [cli_server/cli_server.py:209]: CLI server stopped
2026-09-02 08:28:33,805 [INFO] [MainThread] [root/bar.py:149]: Screen geometry changed. Updating position for bar status-bar on screen \\.\DISPLAY1
2026-09-02 08:28:33,926 [INFO] [MainThread] [root/bar_manager.py:104]: Stopping WindowsNotificationEventListener...
2026-09-02 08:28:33,928 [INFO] [MainThread] [root/bar_manager.py:104]: Stopping SystemEventListener...
2026-09-02 08:28:34,908 [INFO] [MainThread] [root/log.py:95]: YASB v1.9.0
2026-09-02 08:28:34,909 [INFO] [CLIPipeServer] [cli_server/cli_server.py:215]: CLI server started v1.1.6
2026-09-02 08:28:34,910 [INFO] [MainThread] [cli_server/cli_server.py:106]: Log pipe server started
2026-09-02 08:28:34,911 [INFO] [MainThread] [root/main.py:46]: Waiting for previous YASB instance to exit...
2026-09-02 08:28:34,939 [INFO] [MainThread] [root/log.py:95]: YASB v1.9.0
2026-09-02 08:28:34,940 [INFO] [CLIPipeServer] [cli_server/cli_server.py:215]: CLI server started v1.1.6
2026-09-02 08:28:34,940 [INFO] [MainThread] [cli_server/cli_server.py:106]: Log pipe server started
2026-09-02 08:28:34,941 [INFO] [MainThread] [root/main.py:46]: Waiting for previous YASB instance to exit...
2026-09-02 08:28:37,743 [INFO] [MainThread] [root/main.py:72]: Previous instance exited, continuing startup.
2026-09-02 08:28:38,184 [DEBUG] [MainThread] [qasync._windows._EventPoller/_windows.py:215]: Starting (proactor: <_IocpProactor overlapped#=0 result#=0>)...
2026-09-02 08:28:38,206 [DEBUG] [Dummy-3] [qasync._windows._EventWorker/_windows.py:195]: Thread started
2026-09-02 08:28:42,757 [INFO] [MainThread] [root/service.py:52]: AudioOutputService starting...
2026-09-02 08:28:44,941 [ERROR] [MainThread] [root/main.py:69]: Timeout waiting for previous instance. Aborting start.
2026-09-02 08:28:47,277 [INFO] [MainThread] [root/bar_manager.py:88]: Starting WindowsNotificationEventListener...
2026-09-02 08:28:47,292 [INFO] [MainThread] [root/bar_manager.py:88]: Starting SystemEventListener...
2026-09-02 08:28:47,295 [INFO] [MainThread] [root/watcher.py:65]: Watching directory: c:\users\nnvan\.config\yasb
2026-09-02 08:28:47,295 [INFO] [MainThread] [root/watcher.py:104]: Created file watcher
2026-09-02 08:28:47,914 [INFO] [MainThread] [root/api.py:69]: Fetching new weather data at 2026-09-02 08:28:47.914190
2026-09-02 08:28:48,395 [DEBUG] [MainThread] [root/utilities.py:205]: Failed to get version info for C:\Users\nnvan\scoop\apps\alacritty\0.17.0\alacritty.exe: (1813, 'GetFileVersionInfo:GetFileVersionInfoSize', 'The specified resource type cannot be found in the image file.')
2026-09-02 08:28:49,270 [DEBUG] [MainThread] [root/utilities.py:205]: Failed to get version info for C:\Users\nnvan\scoop\apps\alacritty\0.17.0\alacritty.exe: (1813, 'GetFileVersionInfo:GetFileVersionInfoSize', 'The specified resource type cannot be found in the image file.')
2026-09-02 08:28:49,768 [DEBUG] [MainThread] [root/utilities.py:205]: Failed to get version info for C:\Users\nnvan\scoop\apps\alacritty\0.17.0\alacritty.exe: (1813, 'GetFileVersionInfo:GetFileVersionInfoSize', 'The specified resource type cannot be found in the image file.')
2026-09-02 08:28:49,994 [DEBUG] [MainThread] [root/utilities.py:205]: Failed to get version info for C:\Users\nnvan\scoop\apps\alacritty\0.17.0\alacritty.exe: (1813, 'GetFileVersionInfo:GetFileVersionInfoSize', 'The specified resource type cannot be found in the image file.')
2026-09-02 08:28:54,791 [DEBUG] [MainThread] [root/utilities.py:154]: Direct UWP lookup failed for MSTeams_26213.1006.5014.9784_x64__8wekyb3d8bbwe: [WinError -2147023060] The RPC call contains a handle that differs from the declared handle type.
2026-09-02 08:28:54,792 [DEBUG] [MainThread] [root/utilities.py:176]: Fallback UWP lookup failed for MSTeams_26213.1006.5014.9784_x64__8wekyb3d8bbwe: [WinError -2147023060] The RPC call contains a handle that differs from the declared handle type.
2026-09-02 08:38:47,044 [INFO] [MainThread] [root/api.py:69]: Fetching new weather data at 2026-09-02 08:38:47.043934
2026-09-02 08:48:47,099 [INFO] [MainThread] [root/api.py:69]: Fetching new weather data at 2026-09-02 08:48:47.099022
2026-09-02 08:58:47,060 [INFO] [MainThread] [root/api.py:69]: Fetching new weather data at 2026-09-02 08:58:47.060629
2026-09-02 08:58:49,272 [DEBUG] [MainThread] [root/utilities.py:154]: Direct UWP lookup failed for MicrosoftWindows.Client.CBS_1000.26100.344.0_x64__cw5n1h2txyewy: [WinError -2147023060] The RPC call contains a handle that differs from the declared handle type.
2026-09-02 08:58:49,273 [DEBUG] [MainThread] [root/utilities.py:176]: Fallback UWP lookup failed for MicrosoftWindows.Client.CBS_1000.26100.344.0_x64__cw5n1h2txyewy: [WinError -2147023060] The RPC call contains a handle that differs from the declared handle type.
2026-09-02 09:08:47,135 [INFO] [MainThread] [root/api.py:69]: Fetching new weather data at 2026-09-02 09:08:47.135668
2026-09-02 09:18:47,074 [INFO] [MainThread] [root/api.py:69]: Fetching new weather data at 2026-09-02 09:18:47.074286
2026-09-02 09:28:47,094 [INFO] [MainThread] [root/api.py:69]: Fetching new weather data at 2026-09-02 09:28:47.094855
2026-09-02 09:36:22,287 [INFO] [MainThread] [root/bar_manager.py:83]: Screens updated. Re-initialising all bars.
2026-09-02 09:36:22,287 [INFO] [MainThread] [root/controller.py:15]: Reloading Application because of screen update.
2026-09-02 09:36:22,392 [INFO] [MainThread] [cli_server/cli_server.py:114]: Log pipe server stopped
2026-09-02 09:36:22,393 [DEBUG] [MainThread] [cli_server/cli_server.py:209]: CLI server stopped
2026-09-02 09:36:22,452 [INFO] [MainThread] [root/bar_manager.py:83]: Screens updated. Re-initialising all bars.
2026-09-02 09:36:22,452 [INFO] [MainThread] [root/controller.py:15]: Reloading Application because of screen update.
2026-09-02 09:36:22,562 [INFO] [MainThread] [cli_server/cli_server.py:114]: Log pipe server stopped
2026-09-02 09:36:22,563 [DEBUG] [MainThread] [cli_server/cli_server.py:209]: CLI server stopped
2026-09-02 09:36:23,541 [INFO] [MainThread] [root/bar_manager.py:104]: Stopping WindowsNotificationEventListener...
2026-09-02 09:36:23,542 [INFO] [MainThread] [root/bar_manager.py:104]: Stopping SystemEventListener...
2026-09-02 09:36:24,137 [INFO] [MainThread] [root/log.py:95]: YASB v1.9.0
2026-09-02 09:36:24,141 [INFO] [CLIPipeServer] [cli_server/cli_server.py:215]: CLI server started v1.1.6
2026-09-02 09:36:24,144 [INFO] [MainThread] [cli_server/cli_server.py:106]: Log pipe server started
2026-09-02 09:36:24,144 [INFO] [MainThread] [root/main.py:46]: Waiting for previous YASB instance to exit...
2026-09-02 09:36:24,197 [INFO] [MainThread] [root/log.py:95]: YASB v1.9.0
2026-09-02 09:36:24,199 [INFO] [CLIPipeServer] [cli_server/cli_server.py:215]: CLI server started v1.1.6
2026-09-02 09:36:24,200 [INFO] [MainThread] [cli_server/cli_server.py:106]: Log pipe server started
2026-09-02 09:36:24,408 [DEBUG] [MainThread] [qasync._windows._EventPoller/_windows.py:215]: Starting (proactor: <_IocpProactor overlapped#=0 result#=0>)...
2026-09-02 09:36:24,428 [DEBUG] [Dummy-3] [qasync._windows._EventWorker/_windows.py:195]: Thread started
2026-09-02 09:36:25,380 [INFO] [MainThread] [root/service.py:52]: AudioOutputService starting...
2026-09-02 09:36:29,292 [INFO] [MainThread] [root/bar_manager.py:88]: Starting WindowsNotificationEventListener...
2026-09-02 09:36:29,293 [INFO] [MainThread] [root/bar_manager.py:88]: Starting SystemEventListener...
2026-09-02 09:36:29,294 [INFO] [MainThread] [root/watcher.py:65]: Watching directory: c:\users\nnvan\.config\yasb
2026-09-02 09:36:29,295 [INFO] [MainThread] [root/watcher.py:104]: Created file watcher
2026-09-02 09:36:33,137 [INFO] [MainThread] [root/api.py:69]: Fetching new weather data at 2026-09-02 09:36:33.137607
2026-09-02 09:36:34,334 [ERROR] [MainThread] [root/main.py:69]: Timeout waiting for previous instance. Aborting start.
2026-09-02 09:37:48,059 [DEBUG] [MainThread] [root/utilities.py:205]: Failed to get version info for C:\Users\nnvan\scoop\apps\alacritty\0.17.0\alacritty.exe: (1813, 'GetFileVersionInfo:GetFileVersionInfoSize', 'The specified resource type cannot be found in the image file.')
2026-09-02 09:40:57,069 [DEBUG] [MainThread] [root/utilities.py:205]: Failed to get version info for C:\Users\nnvan\scoop\apps\alacritty\0.17.0\alacritty.exe: (1813, 'GetFileVersionInfo:GetFileVersionInfoSize', 'The specified resource type cannot be found in the image file.')
2026-09-02 09:40:57,149 [DEBUG] [MainThread] [root/utilities.py:205]: Failed to get version info for C:\Users\nnvan\scoop\apps\alacritty\0.17.0\alacritty.exe: (1813, 'GetFileVersionInfo:GetFileVersionInfoSize', 'The specified resource type cannot be found in the image file.')
2026-09-02 09:46:28,139 [INFO] [MainThread] [root/api.py:69]: Fetching new weather data at 2026-09-02 09:46:28.139470
2026-09-02 09:50:10,797 [DEBUG] [MainThread] [root/utilities.py:205]: Failed to get version info for C:\Users\nnvan\scoop\apps\alacritty\0.17.0\alacritty.exe: (1813, 'GetFileVersionInfo:GetFileVersionInfoSize', 'The specified resource type cannot be found in the image file.')
2026-09-02 09:56:28,139 [INFO] [MainThread] [root/api.py:69]: Fetching new weather data at 2026-09-02 09:56:28.139175
2026-09-02 10:06:28,136 [INFO] [MainThread] [root/api.py:69]: Fetching new weather data at 2026-09-02 10:06:28.136165
2026-09-02 10:16:28,119 [INFO] [MainThread] [root/api.py:69]: Fetching new weather data at 2026-09-02 10:16:28.119227
2026-09-02 10:26:28,100 [INFO] [MainThread] [root/api.py:69]: Fetching new weather data at 2026-09-02 10:26:28.100272
2026-09-02 10:36:28,123 [INFO] [MainThread] [root/api.py:69]: Fetching new weather data at 2026-09-02 10:36:28.123709
2026-09-02 10:46:28,144 [INFO] [MainThread] [root/api.py:69]: Fetching new weather data at 2026-09-02 10:46:28.144303
2026-09-02 10:54:36,264 [DEBUG] [MainThread] [root/utilities.py:205]: Failed to get version info for C:\Users\nnvan\scoop\apps\alacritty\0.17.0\alacritty.exe: (1813, 'GetFileVersionInfo:GetFileVersionInfoSize', 'The specified resource type cannot be found in the image file.')
2026-09-02 10:56:28,114 [INFO] [MainThread] [root/api.py:69]: Fetching new weather data at 2026-09-02 10:56:28.114780
2026-09-02 11:06:28,234 [INFO] [MainThread] [root/api.py:69]: Fetching new weather data at 2026-09-02 11:06:28.234012
2026-09-02 11:16:28,107 [INFO] [MainThread] [root/api.py:69]: Fetching new weather data at 2026-09-02 11:16:28.107551
2026-09-02 11:26:28,206 [INFO] [MainThread] [root/api.py:69]: Fetching new weather data at 2026-09-02 11:26:28.206343
2026-09-02 11:36:28,116 [INFO] [MainThread] [root/api.py:69]: Fetching new weather data at 2026-09-02 11:36:28.116106
2026-09-02 11:46:28,125 [INFO] [MainThread] [root/api.py:69]: Fetching new weather data at 2026-09-02 11:46:28.125690
2026-09-02 11:56:28,145 [INFO] [MainThread] [root/api.py:69]: Fetching new weather data at 2026-09-02 11:56:28.145564
2026-09-02 12:06:28,134 [INFO] [MainThread] [root/api.py:69]: Fetching new weather data at 2026-09-02 12:06:28.134850
2026-09-02 12:16:28,136 [INFO] [MainThread] [root/api.py:69]: Fetching new weather data at 2026-09-02 12:16:28.135974
2026-09-02 12:26:28,163 [INFO] [MainThread] [root/api.py:69]: Fetching new weather data at 2026-09-02 12:26:28.163266
2026-09-02 12:28:46,556 [DEBUG] [MainThread] [root/utilities.py:205]: Failed to get version info for C:\Users\nnvan\scoop\apps\alacritty\0.17.0\alacritty.exe: (1813, 'GetFileVersionInfo:GetFileVersionInfoSize', 'The specified resource type cannot be found in the image file.')
2026-09-02 12:28:46,623 [DEBUG] [MainThread] [root/utilities.py:205]: Failed to get version info for C:\Users\nnvan\scoop\apps\alacritty\0.17.0\alacritty.exe: (1813, 'GetFileVersionInfo:GetFileVersionInfoSize', 'The specified resource type cannot be found in the image file.')
2026-09-02 12:34:32,406 [DEBUG] [MainThread] [root/utilities.py:205]: Failed to get version info for C:\Users\nnvan\scoop\apps\alacritty\0.17.0\alacritty.exe: (1813, 'GetFileVersionInfo:GetFileVersionInfoSize', 'The specified resource type cannot be found in the image file.')
2026-09-02 12:36:28,145 [INFO] [MainThread] [root/api.py:69]: Fetching new weather data at 2026-09-02 12:36:28.145558
2026-09-02 12:46:28,140 [INFO] [MainThread] [root/api.py:69]: Fetching new weather data at 2026-09-02 12:46:28.140033
2026-09-02 12:56:28,226 [INFO] [MainThread] [root/api.py:69]: Fetching new weather data at 2026-09-02 12:56:28.226815
2026-09-02 13:06:28,158 [INFO] [MainThread] [root/api.py:69]: Fetching new weather data at 2026-09-02 13:06:28.158218
2026-09-02 13:16:28,148 [INFO] [MainThread] [root/api.py:69]: Fetching new weather data at 2026-09-02 13:16:28.147947
2026-09-02 13:26:28,181 [INFO] [MainThread] [root/api.py:69]: Fetching new weather data at 2026-09-02 13:26:28.181860
2026-09-02 13:36:28,306 [INFO] [MainThread] [root/api.py:69]: Fetching new weather data at 2026-09-02 13:36:28.306094
2026-09-02 13:46:28,191 [INFO] [MainThread] [root/api.py:69]: Fetching new weather data at 2026-09-02 13:46:28.191459
2026-09-02 13:56:28,201 [INFO] [MainThread] [root/api.py:69]: Fetching new weather data at 2026-09-02 13:56:28.201325
2026-09-02 14:02:28,305 [DEBUG] [MainThread] [root/utilities.py:205]: Failed to get version info for C:\Users\nnvan\scoop\apps\alacritty\0.17.0\alacritty.exe: (1813, 'GetFileVersionInfo:GetFileVersionInfoSize', 'The specified resource type cannot be found in the image file.')
2026-09-02 14:06:28,275 [INFO] [MainThread] [root/api.py:69]: Fetching new weather data at 2026-09-02 14:06:28.275463
2026-09-02 14:06:35,737 [INFO] [MainThread] [root/log.py:95]: YASB v1.9.0
2026-09-02 14:06:35,738 [INFO] [CLIPipeServer] [cli_server/cli_server.py:215]: CLI server started v1.1.6
2026-09-02 14:06:35,738 [INFO] [MainThread] [cli_server/cli_server.py:106]: Log pipe server started
2026-09-02 14:06:35,738 [INFO] [MainThread] [cli_server/cli_server.py:106]: Log pipe server started
2026-09-02 14:06:35,738 [ERROR] [MainThread] [root/main.py:75]: Another instance of the YASB is already running.
2026-09-02 14:06:35,738 [ERROR] [MainThread] [root/main.py:75]: Another instance of the YASB is already running.
2026-09-02 14:09:08,872 [INFO] [MainThread] [root/log.py:95]: YASB v1.9.0
2026-09-02 14:09:08,873 [INFO] [CLIPipeServer] [cli_server/cli_server.py:215]: CLI server started v1.1.6
2026-09-02 14:09:08,873 [INFO] [MainThread] [cli_server/cli_server.py:106]: Log pipe server started
2026-09-02 14:09:08,873 [ERROR] [MainThread] [root/main.py:75]: Another instance of the YASB is already running.
2026-09-02 14:09:08,932 [INFO] [MainThread] [root/log.py:95]: YASB v1.9.0
2026-09-02 14:09:08,933 [INFO] [CLIPipeServer] [cli_server/cli_server.py:215]: CLI server started v1.1.6
2026-09-02 14:09:08,933 [INFO] [MainThread] [cli_server/cli_server.py:106]: Log pipe server started
2026-09-02 14:09:08,934 [ERROR] [MainThread] [root/main.py:75]: Another instance of the YASB is already running.
2026-09-02 14:10:09,426 [DEBUG] [MainThread] [root/utilities.py:205]: Failed to get version info for C:\Users\nnvan\scoop\apps\alacritty\0.17.0\alacritty.exe: (1813, 'GetFileVersionInfo:GetFileVersionInfoSize', 'The specified resource type cannot be found in the image file.')
2026-09-02 14:10:52,133 [INFO] [MainThread] [root/log.py:95]: YASB v1.9.0
2026-09-02 14:10:52,133 [INFO] [CLIPipeServer] [cli_server/cli_server.py:215]: CLI server started v1.1.6
2026-09-02 14:10:52,134 [INFO] [MainThread] [cli_server/cli_server.py:106]: Log pipe server started
2026-09-02 14:10:52,134 [ERROR] [MainThread] [root/main.py:75]: Another instance of the YASB is already running.
2026-09-02 14:10:52,188 [INFO] [MainThread] [root/log.py:95]: YASB v1.9.0
2026-09-02 14:10:52,189 [INFO] [CLIPipeServer] [cli_server/cli_server.py:215]: CLI server started v1.1.6
2026-09-02 14:10:52,190 [INFO] [MainThread] [cli_server/cli_server.py:106]: Log pipe server started
2026-09-02 14:10:52,190 [ERROR] [MainThread] [root/main.py:75]: Another instance of the YASB is already running.
2026-09-02 14:13:38,960 [DEBUG] [Thread-6] [root/watcher.py:90]: Config file modified: c:\users\nnvan\.config\yasb\config.yaml
